{"type": "FeatureCollection", "features": [{"type": "Feature", "properties": {"campus_id": "bowie", "surface_class": "Asphalt/Concrete", "estimated_temp_f": 120}, "geometry": {"type": "Polygon", "coordinates": [[[-98.1838, 26.19452], [-98.18379, 26.19452], [-98.18379, 26.194529], [-98.1838, 26.194529], [-98.1838, 26.19452]]]}}, {"type": "Feature", "properties": {"campus_id": "bowie", "surface_class": "Asphalt/Concrete", "estimated_temp_f": 120}, "geometry": {"type": "Polygon", "coordinates": [[[-98.1838, 26.194529], [-98.18379, 26.194529], [-98.18379, 26.194537999999998], [-98.1838, 26.194537999999998], [-98.1838, 26.194529]]]}}, {"type": "Feature", "properties": {"campus_id": "bowie", "surface_class": "Asphalt/Concrete", "estimated_temp_f": 120}, "geometry": {"type": "Polygon", "coordinates": [[[-98.1838, 26.194538], [-98.18379, 26.194538], [-98.18379, 26.194547], [-98.1838, 26.194547], [-98.1838, 26.194538]]]}}, {"type": "Feature", "properties": {"campus_id": "bowie", "surface_class": "Grass/Turf", "estimated_temp_f": 95}, "geometry": {"type": "Polygon", "coordinates": [[[-98.1838, 26.194547], [-98.18379, 26.194547], [-98.18379, 26.194556], [-98.1838, 26.194556], [-98.1838, 26.194547]]]}}, {"type": "Feature", "properties": {"campus_id": "bowie", "surface_class": "Asphalt/Concrete", "estimated_temp_f": 120}, "geometry": {"type": "Polygon", "coordinates": [[[-98.1838, 26.194556000000002], [-98.18379, 26.194556000000002], [-98.18379, 26.194565], [-98.1838, 26.194565], [-98.1838, 26.194556000000002]]]}}, {"type": "Feature", "properties": {"campus_id": "bowie", "surface_class": "Asphalt/Concrete", "estimated_temp_f": 120}, "geometry": {"type": "Polygon", "coordinates": [[[-98.1838, 26.194565], [-98.18379, 26.194565], [-98.18379, 26.194574], [-98.1838, 26.194574], [-98.1838, 26.194565]]]}}, {"type": "Feature", "properties": {"campus_id": "bowie", "surface_class": "Grass/Turf", "estimated_temp_f": 95}, "geometry": {"type": "Polygon", "coordinates": [[[-98.1838, 26.194574], [-98.18379, 26.194574], [-98.18379, 26.194582999999998], [-98.1838, 26.194582999999998], [-98.1838, 26.194574]]]}}, {"type": "Feature", "properties": {"campus_id": "bowie", "surface_class": "Asphalt/Concrete", "estimated_temp_f": 120}, "geometry": {"type": "Polygon", "coordinates": [[[-98.1838, 26.194583], [-98.18379, 26.194583], [-98.18379, 26.194592], [-98.1838, 26.194592], [-98.1838, 26.194583]]]}}, {"type": "Feature", "properties": {"campus_id": "bowie", "surface_class": "Asphalt/Concrete", "estimated_temp_f": 120}, "geometry": {"type": "Polygon", "coordinates": [[[-98.1838, 26.194592], [-98.18379, 26.194592], [-98.18379, 26.194601], [-98.1838, 26.194601], [-98.1838, 26.194592]]]}}, {"type": "Feature", "properties": {"campus_id": "bowie", "surface_class": "Asphalt/Concrete", "estimated_temp_f": 120}, "geometry": {"type": "Polygon", "coordinates": [[[-98.1838, 26.194601000000002], [-98.18379, 26.194601000000002], [-98.18379, 26.19461], [-98.1838, 26.19461], [-98.1838, 26.194601000000002]]]}}, {"type": "Feature", "properties": {"campus_id": "bowie", "surface_class": "Asphalt/Concrete", "estimated_temp_f": 120}, "geometry": {"type": "Polygon", "coordinates": [[[-98.1838, 26.19461], [-98.18379, 26.19461], [-98.18379, 26.194619], [-98.1838, 26.194619], [-98.1838, 26.19461]]]}}, {"type": "Feature", "properties": {"campus_id": "bowie", "surface_class": "Asphalt/Concrete", "estimated_temp_f": 120}, "geometry": {"type": "Polygon", "coordinates": [[[-98.1838, 26.194619], [-98.18379, 26.194619], [-98.18379, 26.194627999999998], [-98.1838, 26.194627999999998], [-98.1838, 26.194619]]]}}, {"type": "Feature", "properties": {"campus_id": "bowie", "surface_class": "Asphalt/Concrete", "estimated_temp_f": 120}, "geometry": {"type": "Polygon", "coordinates": [[[-98.1838, 26.194628], [-98.18379, 26.194628], [-98.18379, 26.194637], [-98.1838, 26.194637], [-98.1838, 26.194628]]]}}, {"type": "Feature", "properties": {"campus_id": "bowie", "surface_class": "Grass/Turf", "estimated_temp_f": 95}, "geometry": {"type": "Polygon", "coordinates": [[[-98.1838, 26.194637], [-98.18379, 26.194637], [-98.18379, 26.194646], [-98.1838, 26.194646], [-98.1838, 26.194637]]]}}, {"type": "Feature", "properties": {"campus_id": "bowie", "surface_class": "Asphalt/Concrete", "estimated_temp_f": 120}, "geometry": {"type": "Polygon", "coordinates": [[[-98.1838, 26.194646000000002], [-98.18379, 26.194646000000002], [-98.18379, 26.194655], [-98.1838, 26.194655], [-98.1838, 26.194646000000002]]]}}, {"type": "Feature", "properties": {"campus_id": "bowie", "surface_class": "Asphalt/Concrete", "estimated_temp_f": 120}, "geometry": {"type": "Polygon", "coordinates": [[[-98.1838, 26.194655], [-98.18379, 26.194655], [-98.18379, 26.194664], [-98.1838, 26.194664], [-98.1838, 26.194655]]]}}, {"type": "Feature", "properties": {"campus_id": "bowie", "surface_class": "Asphalt/Concrete", "estimated_temp_f": 120}, "geometry": {"type": "Polygon", "coordinates": [[[-98.1838, 26.194664], [-98.18379, 26.194664], [-98.18379, 26.194672999999998], [-98.1838, 26.194672999999998], [-98.1838, 26.194664]]]}}, {"type": "Feature", "properties": {"campus_id": "bowie", "surface_class": "Asphalt/Concrete", "estimated_temp_f": 120}, "geometry": {"type": "Polygon", "coordinates": [[[-98.1838, 26.194673], [-98.18379, 26.194673], [-98.18379, 26.194682], [-98.1838, 26.194682], [-98.1838, 26.194673]]]}}, {"type": "Feature", "properties": {"campus_id": "bowie", "surface_class": "Asphalt/Concrete", "estimated_temp_f": 120}, "geometry": {"type": "Polygon", "coordinates": [[[-98.1838, 26.194682], [-98.18379, 26.194682], [-98.18379, 26.194691], [-98.1838, 26.194691], [-98.1838, 26.194682]]]}}, {"type": "Feature", "properties": {"campus_id": "bowie", "surface_class": "Asphalt/Concrete", "estimated_temp_f": 120}, "geometry": {"type": "Polygon", "coordinates": [[[-98.1838, 26.194691000000002], [-98.18379, 26.194691000000002], [-98.18379, 26.1947], [-98.1838, 26.1947], [-98.1838, 26.194691000000002]]]}}, {"type": "Feature", "properties": {"campus_id": "bowie", "surface_class": "Grass/Turf", "estimated_temp_f": 95}, "geometry": {"type": "Polygon", "coordinates": [[[-98.1838, 26.1947], [-98.18379, 26.1947], [-98.18379, 26.194709], [-98.1838, 26.194709], [-98.1838, 26.1947]]]}}, {"type": "Feature", "properties": {"campus_id": "bowie", "surface_class": "Asphalt/Concrete", "estimated_temp_f": 120}, "geometry": {"type": "Polygon", "coordinates": [[[-98.1838, 26.194709], [-98.18379, 26.194709], [-98.18379, 26.194717999999998], [-98.1838, 26.194717999999998], [-98.1838, 26.194709]]]}}, {"type": "Feature", "properties": {"campus_id": "bowie", "surface_class": "Asphalt/Concrete", "estimated_temp_f": 120}, "geometry": {"type": "Polygon", "coordinates": [[[-98.1838, 26.194718], [-98.18379, 26.194718], [-98.18379, 26.194727], [-98.1838, 26.194727], [-98.1838, 26.194718]]]}}, {"type": "Feature", "properties": {"campus_id": "bowie", "surface_class": "Grass/Turf", "estimated_temp_f": 95}, "geometry": {"type": "Polygon", "coordinates": [[[-98.1838, 26.194727], [-98.18379, 26.194727], [-98.18379, 26.194736], [-98.1838, 26.194736], [-98.1838, 26.194727]]]}}, {"type": "Feature", "properties": {"campus_id": "bowie", "surface_class": "Asphalt/Concrete", "estimated_temp_f": 120}, "geometry": {"type": "Polygon", "coordinates": [[[-98.1838, 26.194736000000002], [-98.18379, 26.194736000000002], [-98.18379, 26.194745], [-98.1838, 26.194745], [-98.1838, 26.194736000000002]]]}}, {"type": "Feature", "properties": {"campus_id": "bowie", "surface_class": "Grass/Turf", "estimated_temp_f": 95}, "geometry": {"type": "Polygon", "coordinates": [[[-98.1838, 26.194745], [-98.18379, 26.194745], [-98.18379, 26.194754], [-98.1838, 26.194754], [-98.1838, 26.194745]]]}}, {"type": "Feature", "properties": {"campus_id": "bowie", "surface_class": "Asphalt/Concrete", "estimated_temp_f": 120}, "geometry": {"type": "Polygon", "coordinates": [[[-98.1838, 26.194754], [-98.18379, 26.194754], [-98.18379, 26.194763], [-98.1838, 26.194763], [-98.1838, 26.194754]]]}}, {"type": "Feature", "properties": {"campus_id": "bowie", "surface_class": "Grass/Turf", "estimated_temp_f": 95}, "geometry": {"type": "Polygon", "coordinates": [[[-98.1838, 26.194763000000002], [-98.18379, 26.194763000000002], [-98.18379, 26.194772], [-98.1838, 26.194772], [-98.1838, 26.194763000000002]]]}}, {"type": "Feature", "properties": {"campus_id": "bowie", "surface_class": "Asphalt/Concrete", "estimated_temp_f": 120}, "geometry": {"type": "Polygon", "coordinates": [[[-98.1838, 26.194772], [-98.18379, 26.194772], [-98.18379, 26.194781], [-98.1838, 26.194781], [-98.1838, 26.194772]]]}}, {"type": "Feature", "properties": {"campus_id": "bowie", "surface_class": "Asphalt/Concrete", "estimated_temp_f": 120}, "geometry": {"type": "Polygon", "coordinates": [[[-98.1838, 26.194781], [-98.18379, 26.194781], [-98.18379, 26.194789999999998], [-98.1838, 26.194789999999998], [-98.1838, 26.194781]]]}}, {"type": "Feature", "properties": {"campus_id": "bowie", "surface_class": "Asphalt/Concrete", "estimated_temp_f": 120}, "geometry": {"type": "Polygon", "coordinates": [[[-98.1838, 26.19479], [-98.18379, 26.19479], [-98.18379, 26.194799], [-98.1838, 26.194799], [-98.1838, 26.19479]]]}}, {"type": "Feature", "properties": {"campus_id": "bowie", "surface_class": "Asphalt/Concrete", "estimated_temp_f": 120}, "geometry": {"type": "Polygon", "coordinates": [[[-98.1838, 26.194799], [-98.18379, 26.194799], [-98.18379, 26.194808], [-98.1838, 26.194808], [-98.1838, 26.194799]]]}}, {"type": "Feature", "properties": {"campus_id": "bowie", "surface_class": "Asphalt/Concrete", "estimated_temp_f": 120}, "geometry": {"type": "Polygon", "coordinates": [[[-98.1838, 26.194808000000002], [-98.18379, 26.194808000000002], [-98.18379, 26.194817], [-98.1838, 26.194817], [-98.1838, 26.194808000000002]]]}}, {"type": "Feature", "properties": {"campus_id": "bowie", "surface_class": "Asphalt/Concrete", "estimated_temp_f": 120}, "geometry": {"type": "Polygon", "coordinates": [[[-98.1838, 26.194817], [-98.18379, 26.194817], [-98.18379, 26.194826], [-98.1838, 26.194826], [-98.1838, 26.194817]]]}}, {"type": "Feature", "properties": {"campus_id": "bowie", "surface_class": "Asphalt/Concrete", "estimated_temp_f": 120}, "geometry": {"type": "Polygon", "coordinates": [[[-98.1838, 26.194826], [-98.18379, 26.194826], [-98.18379, 26.194834999999998], [-98.1838, 26.194834999999998], [-98.1838, 26.194826]]]}}, {"type": "Feature", "properties": {"campus_id": "bowie", "surface_class": "Asphalt/Concrete", "estimated_temp_f": 120}, "geometry": {"type": "Polygon", "coordinates": [[[-98.1838, 26.194835], [-98.18379, 26.194835], [-98.18379, 26.194844], [-98.1838, 26.194844], [-98.1838, 26.194835]]]}}, {"type": "Feature", "properties": {"campus_id": "bowie", "surface_class": "Asphalt/Concrete", "estimated_temp_f": 120}, "geometry": {"type": "Polygon", "coordinates": [[[-98.1838, 26.194844], [-98.18379, 26.194844], [-98.18379, 26.194853], [-98.1838, 26.194853], [-98.1838, 26.194844]]]}}, {"type": "Feature", "properties": {"campus_id": "bowie", "surface_class": "Asphalt/Concrete", "estimated_temp_f": 120}, "geometry": {"type": "Polygon", "coordinates": [[[-98.1838, 26.194853000000002], [-98.18379, 26.194853000000002], [-98.18379, 26.194862], [-98.1838, 26.194862], [-98.1838, 26.194853000000002]]]}}, {"type": "Feature", "properties": {"campus_id": "bowie", "surface_class": "Asphalt/Concrete", "estimated_temp_f": 120}, "geometry": {"type": "Polygon", "coordinates": [[[-98.1838, 26.194862], [-98.18379, 26.194862], [-98.18379, 26.194871], [-98.1838, 26.194871], [-98.1838, 26.194862]]]}}, {"type": "Feature", "properties": {"campus_id": "bowie", "surface_class": "Asphalt/Concrete", "estimated_temp_f": 120}, "geometry": {"type": "Polygon", "coordinates": [[[-98.1838, 26.194871], [-98.18379, 26.194871], [-98.18379, 26.194879999999998], [-98.1838, 26.194879999999998], [-98.1838, 26.194871]]]}}, {"type": "Feature", "properties": {"campus_id": "bowie", "surface_class": "Asphalt/Concrete", "estimated_temp_f": 120}, "geometry": {"type": "Polygon", "coordinates": [[[-98.18379, 26.19452], [-98.18378, 26.19452], [-98.18378, 26.194529], [-98.18379, 26.194529], [-98.18379, 26.19452]]]}}, {"type": "Feature", "properties": {"campus_id": "bowie", "surface_class": "Asphalt/Concrete", "estimated_temp_f": 120}, "geometry": {"type": "Polygon", "coordinates": [[[-98.18379, 26.194529], [-98.18378, 26.194529], [-98.18378, 26.194537999999998], [-98.18379, 26.194537999999998], [-98.18379, 26.194529]]]}}, {"type": "Feature", "properties": {"campus_id": "bowie", "surface_class": "Asphalt/Concrete", "estimated_temp_f": 120}, "geometry": {"type": "Polygon", "coordinates": [[[-98.18379, 26.194538], [-98.18378, 26.194538], [-98.18378, 26.194547], [-98.18379, 26.194547], [-98.18379, 26.194538]]]}}, {"type": "Feature", "properties": {"campus_id": "bowie", "surface_class": "Asphalt/Concrete", "estimated_temp_f": 120}, "geometry": {"type": "Polygon", "coordinates": [[[-98.18379, 26.194547], [-98.18378, 26.194547], [-98.18378, 26.194556], [-98.18379, 26.194556], [-98.18379, 26.194547]]]}}, {"type": "Feature", "properties": {"campus_id": "bowie", "surface_class": "Asphalt/Concrete", "estimated_temp_f": 120}, "geometry": {"type": "Polygon", "coordinates": [[[-98.18379, 26.194556000000002], [-98.18378, 26.194556000000002], [-98.18378, 26.194565], [-98.18379, 26.194565], [-98.18379, 26.194556000000002]]]}}, {"type": "Feature", "properties": {"campus_id": "bowie", "surface_class": "Asphalt/Concrete", "estimated_temp_f": 120}, "geometry": {"type": "Polygon", "coordinates": [[[-98.18379, 26.194565], [-98.18378, 26.194565], [-98.18378, 26.194574], [-98.18379, 26.194574], [-98.18379, 26.194565]]]}}, {"type": "Feature", "properties": {"campus_id": "bowie", "surface_class": "Grass/Turf", "estimated_temp_f": 95}, "geometry": {"type": "Polygon", "coordinates": [[[-98.18379, 26.194574], [-98.18378, 26.194574], [-98.18378, 26.194582999999998], [-98.18379, 26.194582999999998], [-98.18379, 26.194574]]]}}, {"type": "Feature", "properties": {"campus_id": "bowie", "surface_class": "Asphalt/Concrete", "estimated_temp_f": 120}, "geometry": {"type": "Polygon", "coordinates": [[[-98.18379, 26.194583], [-98.18378, 26.194583], [-98.18378, 26.194592], [-98.18379, 26.194592], [-98.18379, 26.194583]]]}}, {"type": "Feature", "properties": {"campus_id": "bowie", "surface_class": "Asphalt/Concrete", "estimated_temp_f": 120}, "geometry": {"type": "Polygon", "coordinates": [[[-98.18379, 26.194592], [-98.18378, 26.194592], [-98.18378, 26.194601], [-98.18379, 26.194601], [-98.18379, 26.194592]]]}}, {"type": "Feature", "properties": {"campus_id": "bowie", "surface_class": "Asphalt/Concrete", "estimated_temp_f": 120}, "geometry": {"type": "Polygon", "coordinates": [[[-98.18379, 26.194601000000002], [-98.18378, 26.194601000000002], [-98.18378, 26.19461], [-98.18379, 26.19461], [-98.18379, 26.194601000000002]]]}}, {"type": "Feature", "properties": {"campus_id": "bowie", "surface_class": "Asphalt/Concrete", "estimated_temp_f": 120}, "geometry": {"type": "Polygon", "coordinates": [[[-98.18379, 26.19461], [-98.18378, 26.19461], [-98.18378, 26.194619], [-98.18379, 26.194619], [-98.18379, 26.19461]]]}}, {"type": "Feature", "properties": {"campus_id": "bowie", "surface_class": "Asphalt/Concrete", "estimated_temp_f": 120}, "geometry": {"type": "Polygon", "coordinates": [[[-98.18379, 26.194619], [-98.18378, 26.194619], [-98.18378, 26.194627999999998], [-98.18379, 26.194627999999998], [-98.18379, 26.194619]]]}}, {"type": "Feature", "properties": {"campus_id": "bowie", "surface_class": "Asphalt/Concrete", "estimated_temp_f": 120}, "geometry": {"type": "Polygon", "coordinates": [[[-98.18379, 26.194628], [-98.18378, 26.194628], [-98.18378, 26.194637], [-98.18379, 26.194637], [-98.18379, 26.194628]]]}}, {"type": "Feature", "properties": {"campus_id": "bowie", "surface_class": "Canopy", "estimated_temp_f": 85}, "geometry": {"type": "Polygon", "coordinates": [[[-98.18379, 26.194637], [-98.18378, 26.194637], [-98.18378, 26.194646], [-98.18379, 26.194646], [-98.18379, 26.194637]]]}}, {"type": "Feature", "properties": {"campus_id": "bowie", "surface_class": "Grass/Turf", "estimated_temp_f": 95}, "geometry": {"type": "Polygon", "coordinates": [[[-98.18379, 26.194646000000002], [-98.18378, 26.194646000000002], [-98.18378, 26.194655], [-98.18379, 26.194655], [-98.18379, 26.194646000000002]]]}}, {"type": "Feature", "properties": {"campus_id": "bowie", "surface_class": "Asphalt/Concrete", "estimated_temp_f": 120}, "geometry": {"type": "Polygon", "coordinates": [[[-98.18379, 26.194655], [-98.18378, 26.194655], [-98.18378, 26.194664], [-98.18379, 26.194664], [-98.18379, 26.194655]]]}}, {"type": "Feature", "properties": {"campus_id": "bowie", "surface_class": "Asphalt/Concrete", "estimated_temp_f": 120}, "geometry": {"type": "Polygon", "coordinates": [[[-98.18379, 26.194664], [-98.18378, 26.194664], [-98.18378, 26.194672999999998], [-98.18379, 26.194672999999998], [-98.18379, 26.194664]]]}}, {"type": "Feature", "properties": {"campus_id": "bowie", "surface_class": "Asphalt/Concrete", "estimated_temp_f": 120}, "geometry": {"type": "Polygon", "coordinates": [[[-98.18379, 26.194673], [-98.18378, 26.194673], [-98.18378, 26.194682], [-98.18379, 26.194682], [-98.18379, 26.194673]]]}}, {"type": "Feature", "properties": {"campus_id": "bowie", "surface_class": "Asphalt/Concrete", "estimated_temp_f": 120}, "geometry": {"type": "Polygon", "coordinates": [[[-98.18379, 26.194682], [-98.18378, 26.194682], [-98.18378, 26.194691], [-98.18379, 26.194691], [-98.18379, 26.194682]]]}}, {"type": "Feature", "properties": {"campus_id": "bowie", "surface_class": "Asphalt/Concrete", "estimated_temp_f": 120}, "geometry": {"type": "Polygon", "coordinates": [[[-98.18379, 26.194691000000002], [-98.18378, 26.194691000000002], [-98.18378, 26.1947], [-98.18379, 26.1947], [-98.18379, 26.194691000000002]]]}}, {"type": "Feature", "properties": {"campus_id": "bowie", "surface_class": "Asphalt/Concrete", "estimated_temp_f": 120}, "geometry": {"type": "Polygon", "coordinates": [[[-98.18379, 26.1947], [-98.18378, 26.1947], [-98.18378, 26.194709], [-98.18379, 26.194709], [-98.18379, 26.1947]]]}}, {"type": "Feature", "properties": {"campus_id": "bowie", "surface_class": "Grass/Turf", "estimated_temp_f": 95}, "geometry": {"type": "Polygon", "coordinates": [[[-98.18379, 26.194709], [-98.18378, 26.194709], [-98.18378, 26.194717999999998], [-98.18379, 26.194717999999998], [-98.18379, 26.194709]]]}}, {"type": "Feature", "properties": {"campus_id": "bowie", "surface_class": "Asphalt/Concrete", "estimated_temp_f": 120}, "geometry": {"type": "Polygon", "coordinates": [[[-98.18379, 26.194718], [-98.18378, 26.194718], [-98.18378, 26.194727], [-98.18379, 26.194727], [-98.18379, 26.194718]]]}}, {"type": "Feature", "properties": {"campus_id": "bowie", "surface_class": "Asphalt/Concrete", "estimated_temp_f": 120}, "geometry": {"type": "Polygon", "coordinates": [[[-98.18379, 26.194727], [-98.18378, 26.194727], [-98.18378, 26.194736], [-98.18379, 26.194736], [-98.18379, 26.194727]]]}}, {"type": "Feature", "properties": {"campus_id": "bowie", "surface_class": "Asphalt/Concrete", "estimated_temp_f": 120}, "geometry": {"type": "Polygon", "coordinates": [[[-98.18379, 26.194736000000002], [-98.18378, 26.194736000000002], [-98.18378, 26.194745], [-98.18379, 26.194745], [-98.18379, 26.194736000000002]]]}}, {"type": "Feature", "properties": {"campus_id": "bowie", "surface_class": "Asphalt/Concrete", "estimated_temp_f": 120}, "geometry": {"type": "Polygon", "coordinates": [[[-98.18379, 26.194745], [-98.18378, 26.194745], [-98.18378, 26.194754], [-98.18379, 26.194754], [-98.18379, 26.194745]]]}}, {"type": "Feature", "properties": {"campus_id": "bowie", "surface_class": "Asphalt/Concrete", "estimated_temp_f": 120}, "geometry": {"type": "Polygon", "coordinates": [[[-98.18379, 26.194754], [-98.18378, 26.194754], [-98.18378, 26.194763], [-98.18379, 26.194763], [-98.18379, 26.194754]]]}}, {"type": "Feature", "properties": {"campus_id": "bowie", "surface_class": "Grass/Turf", "estimated_temp_f": 95}, "geometry": {"type": "Polygon", "coordinates": [[[-98.18379, 26.194763000000002], [-98.18378, 26.194763000000002], [-98.18378, 26.194772], [-98.18379, 26.194772], [-98.18379, 26.194763000000002]]]}}, {"type": "Feature", "properties": {"campus_id": "bowie", "surface_class": "Asphalt/Concrete", "estimated_temp_f": 120}, "geometry": {"type": "Polygon", "coordinates": [[[-98.18379, 26.194772], [-98.18378, 26.194772], [-98.18378, 26.194781], [-98.18379, 26.194781], [-98.18379, 26.194772]]]}}, {"type": "Feature", "properties": {"campus_id": "bowie", "surface_class": "Asphalt/Concrete", "estimated_temp_f": 120}, "geometry": {"type": "Polygon", "coordinates": [[[-98.18379, 26.194781], [-98.18378, 26.194781], [-98.18378, 26.194789999999998], [-98.18379, 26.194789999999998], [-98.18379, 26.194781]]]}}, {"type": "Feature", "properties": {"campus_id": "bowie", "surface_class": "Grass/Turf", "estimated_temp_f": 95}, "geometry": {"type": "Polygon", "coordinates": [[[-98.18379, 26.19479], [-98.18378, 26.19479], [-98.18378, 26.194799], [-98.18379, 26.194799], [-98.18379, 26.19479]]]}}, {"type": "Feature", "properties": {"campus_id": "bowie", "surface_class": "Asphalt/Concrete", "estimated_temp_f": 120}, "geometry": {"type": "Polygon", "coordinates": [[[-98.18379, 26.194799], [-98.18378, 26.194799], [-98.18378, 26.194808], [-98.18379, 26.194808], [-98.18379, 26.194799]]]}}, {"type": "Feature", "properties": {"campus_id": "bowie", "surface_class": "Asphalt/Concrete", "estimated_temp_f": 120}, "geometry": {"type": "Polygon", "coordinates": [[[-98.18379, 26.194808000000002], [-98.18378, 26.194808000000002], [-98.18378, 26.194817], [-98.18379, 26.194817], [-98.18379, 26.194808000000002]]]}}, {"type": "Feature", "properties": {"campus_id": "bowie", "surface_class": "Asphalt/Concrete", "estimated_temp_f": 120}, "geometry": {"type": "Polygon", "coordinates": [[[-98.18379, 26.194817], [-98.18378, 26.194817], [-98.18378, 26.194826], [-98.18379, 26.194826], [-98.18379, 26.194817]]]}}, {"type": "Feature", "properties": {"campus_id": "bowie", "surface_class": "Asphalt/Concrete", "estimated_temp_f": 120}, "geometry": {"type": "Polygon", "coordinates": [[[-98.18379, 26.194826], [-98.18378, 26.194826], [-98.18378, 26.194834999999998], [-98.18379, 26.194834999999998], [-98.18379, 26.194826]]]}}, {"type": "Feature", "properties": {"campus_id": "bowie", "surface_class": "Asphalt/Concrete", "estimated_temp_f": 120}, "geometry": {"type": "Polygon", "coordinates": [[[-98.18379, 26.194835], [-98.18378, 26.194835], [-98.18378, 26.194844], [-98.18379, 26.194844], [-98.18379, 26.194835]]]}}, {"type": "Feature", "properties": {"campus_id": "bowie", "surface_class": "Asphalt/Concrete", "estimated_temp_f": 120}, "geometry": {"type": "Polygon", "coordinates": [[[-98.18379, 26.194844], [-98.18378, 26.194844], [-98.18378, 26.194853], [-98.18379, 26.194853], [-98.18379, 26.194844]]]}}, {"type": "Feature", "properties": {"campus_id": "bowie", "surface_class": "Grass/Turf", "estimated_temp_f": 95}, "geometry": {"type": "Polygon", "coordinates": [[[-98.18379, 26.194853000000002], [-98.18378, 26.194853000000002], [-98.18378, 26.194862], [-98.18379, 26.194862], [-98.18379, 26.194853000000002]]]}}, {"type": "Feature", "properties": {"campus_id": "bowie", "surface_class": "Canopy", "estimated_temp_f": 85}, "geometry": {"type": "Polygon", "coordinates": [[[-98.18379, 26.194862], [-98.18378, 26.194862], [-98.18378, 26.194871], [-98.18379, 26.194871], [-98.18379, 26.194862]]]}}, {"type": "Feature", "properties": {"campus_id": "bowie", "surface_class": "Asphalt/Concrete", "estimated_temp_f": 120}, "geometry": {"type": "Polygon", "coordinates": [[[-98.18379, 26.194871], [-98.18378, 26.194871], [-98.18378, 26.194879999999998], [-98.18379, 26.194879999999998], [-98.18379, 26.194871]]]}}, {"type": "Feature", "properties": {"campus_id": "bowie", "surface_class": "Asphalt/Concrete", "estimated_temp_f": 120}, "geometry": {"type": "Polygon", "coordinates": [[[-98.18378, 26.19452], [-98.18377, 26.19452], [-98.18377, 26.194529], [-98.18378, 26.194529], [-98.18378, 26.19452]]]}}, {"type": "Feature", "properties": {"campus_id": "bowie", "surface_class": "Asphalt/Concrete", "estimated_temp_f": 120}, "geometry": {"type": "Polygon", "coordinates": [[[-98.18378, 26.194529], [-98.18377, 26.194529], [-98.18377, 26.194537999999998], [-98.18378, 26.194537999999998], [-98.18378, 26.194529]]]}}, {"type": "Feature", "properties": {"campus_id": "bowie", "surface_class": "Asphalt/Concrete", "estimated_temp_f": 120}, "geometry": {"type": "Polygon", "coordinates": [[[-98.18378, 26.194538], [-98.18377, 26.194538], [-98.18377, 26.194547], [-98.18378, 26.194547], [-98.18378, 26.194538]]]}}, {"type": "Feature", "properties": {"campus_id": "bowie", "surface_class": "Asphalt/Concrete", "estimated_temp_f": 120}, "geometry": {"type": "Polygon", "coordinates": [[[-98.18378, 26.194547], [-98.18377, 26.194547], [-98.18377, 26.194556], [-98.18378, 26.194556], [-98.18378, 26.194547]]]}}, {"type": "Feature", "properties": {"campus_id": "bowie", "surface_class": "Grass/Turf", "estimated_temp_f": 95}, "geometry": {"type": "Polygon", "coordinates": [[[-98.18378, 26.194556000000002], [-98.18377, 26.194556000000002], [-98.18377, 26.194565], [-98.18378, 26.194565], [-98.18378, 26.194556000000002]]]}}, {"type": "Feature", "properties": {"campus_id": "bowie", "surface_class": "Asphalt/Concrete", "estimated_temp_f": 120}, "geometry": {"type": "Polygon", "coordinates": [[[-98.18378, 26.194565], [-98.18377, 26.194565], [-98.18377, 26.194574], [-98.18378, 26.194574], [-98.18378, 26.194565]]]}}, {"type": "Feature", "properties": {"campus_id": "bowie", "surface_class": "Asphalt/Concrete", "estimated_temp_f": 120}, "geometry": {"type": "Polygon", "coordinates": [[[-98.18378, 26.194574], [-98.18377, 26.194574], [-98.18377, 26.194582999999998], [-98.18378, 26.194582999999998], [-98.18378, 26.194574]]]}}, {"type": "Feature", "properties": {"campus_id": "bowie", "surface_class": "Asphalt/Concrete", "estimated_temp_f": 120}, "geometry": {"type": "Polygon", "coordinates": [[[-98.18378, 26.194583], [-98.18377, 26.194583], [-98.18377, 26.194592], [-98.18378, 26.194592], [-98.18378, 26.194583]]]}}, {"type": "Feature", "properties": {"campus_id": "bowie", "surface_class": "Asphalt/Concrete", "estimated_temp_f": 120}, "geometry": {"type": "Polygon", "coordinates": [[[-98.18378, 26.194592], [-98.18377, 26.194592], [-98.18377, 26.194601], [-98.18378, 26.194601], [-98.18378, 26.194592]]]}}, {"type": "Feature", "properties": {"campus_id": "bowie", "surface_class": "Canopy", "estimated_temp_f": 85}, "geometry": {"type": "Polygon", "coordinates": [[[-98.18378, 26.194601000000002], [-98.18377, 26.194601000000002], [-98.18377, 26.19461], [-98.18378, 26.19461], [-98.18378, 26.194601000000002]]]}}, {"type": "Feature", "properties": {"campus_id": "bowie", "surface_class": "Grass/Turf", "estimated_temp_f": 95}, "geometry": {"type": "Polygon", "coordinates": [[[-98.18378, 26.19461], [-98.18377, 26.19461], [-98.18377, 26.194619], [-98.18378, 26.194619], [-98.18378, 26.19461]]]}}, {"type": "Feature", "properties": {"campus_id": "bowie", "surface_class": "Asphalt/Concrete", "estimated_temp_f": 120}, "geometry": {"type": "Polygon", "coordinates": [[[-98.18378, 26.194619], [-98.18377, 26.194619], [-98.18377, 26.194627999999998], [-98.18378, 26.194627999999998], [-98.18378, 26.194619]]]}}, {"type": "Feature", "properties": {"campus_id": "bowie", "surface_class": "Asphalt/Concrete", "estimated_temp_f": 120}, "geometry": {"type": "Polygon", "coordinates": [[[-98.18378, 26.194628], [-98.18377, 26.194628], [-98.18377, 26.194637], [-98.18378, 26.194637], [-98.18378, 26.194628]]]}}, {"type": "Feature", "properties": {"campus_id": "bowie", "surface_class": "Asphalt/Concrete", "estimated_temp_f": 120}, "geometry": {"type": "Polygon", "coordinates": [[[-98.18378, 26.194637], [-98.18377, 26.194637], [-98.18377, 26.194646], [-98.18378, 26.194646], [-98.18378, 26.194637]]]}}, {"type": "Feature", "properties": {"campus_id": "bowie", "surface_class": "Asphalt/Concrete", "estimated_temp_f": 120}, "geometry": {"type": "Polygon", "coordinates": [[[-98.18378, 26.194646000000002], [-98.18377, 26.194646000000002], [-98.18377, 26.194655], [-98.18378, 26.194655], [-98.18378, 26.194646000000002]]]}}, {"type": "Feature", "properties": {"campus_id": "bowie", "surface_class": "Asphalt/Concrete", "estimated_temp_f": 120}, "geometry": {"type": "Polygon", "coordinates": [[[-98.18378, 26.194655], [-98.18377, 26.194655], [-98.18377, 26.194664], [-98.18378, 26.194664], [-98.18378, 26.194655]]]}}, {"type": "Feature", "properties": {"campus_id": "bowie", "surface_class": "Asphalt/Concrete", "estimated_temp_f": 120}, "geometry": {"type": "Polygon", "coordinates": [[[-98.18378, 26.194664], [-98.18377, 26.194664], [-98.18377, 26.194672999999998], [-98.18378, 26.194672999999998], [-98.18378, 26.194664]]]}}, {"type": "Feature", "properties": {"campus_id": "bowie", "surface_class": "Asphalt/Concrete", "estimated_temp_f": 120}, "geometry": {"type": "Polygon", "coordinates": [[[-98.18378, 26.194673], [-98.18377, 26.194673], [-98.18377, 26.194682], [-98.18378, 26.194682], [-98.18378, 26.194673]]]}}, {"type": "Feature", "properties": {"campus_id": "bowie", "surface_class": "Asphalt/Concrete", "estimated_temp_f": 120}, "geometry": {"type": "Polygon", "coordinates": [[[-98.18378, 26.194682], [-98.18377, 26.194682], [-98.18377, 26.194691], [-98.18378, 26.194691], [-98.18378, 26.194682]]]}}, {"type": "Feature", "properties": {"campus_id": "bowie", "surface_class": "Canopy", "estimated_temp_f": 85}, "geometry": {"type": "Polygon", "coordinates": [[[-98.18378, 26.194691000000002], [-98.18377, 26.194691000000002], [-98.18377, 26.1947], [-98.18378, 26.1947], [-98.18378, 26.194691000000002]]]}}, {"type": "Feature", "properties": {"campus_id": "bowie", "surface_class": "Asphalt/Concrete", "estimated_temp_f": 120}, "geometry": {"type": "Polygon", "coordinates": [[[-98.18378, 26.1947], [-98.18377, 26.1947], [-98.18377, 26.194709], [-98.18378, 26.194709], [-98.18378, 26.1947]]]}}, {"type": "Feature", "properties": {"campus_id": "bowie", "surface_class": "Asphalt/Concrete", "estimated_temp_f": 120}, "geometry": {"type": "Polygon", "coordinates": [[[-98.18378, 26.194709], [-98.18377, 26.194709], [-98.18377, 26.194717999999998], [-98.18378, 26.194717999999998], [-98.18378, 26.194709]]]}}, {"type": "Feature", "properties": {"campus_id": "bowie", "surface_class": "Asphalt/Concrete", "estimated_temp_f": 120}, "geometry": {"type": "Polygon", "coordinates": [[[-98.18378, 26.194718], [-98.18377, 26.194718], [-98.18377, 26.194727], [-98.18378, 26.194727], [-98.18378, 26.194718]]]}}, {"type": "Feature", "properties": {"campus_id": "bowie", "surface_class": "Asphalt/Concrete", "estimated_temp_f": 120}, "geometry": {"type": "Polygon", "coordinates": [[[-98.18378, 26.194727], [-98.18377, 26.194727], [-98.18377, 26.194736], [-98.18378, 26.194736], [-98.18378, 26.194727]]]}}, {"type": "Feature", "properties": {"campus_id": "bowie", "surface_class": "Asphalt/Concrete", "estimated_temp_f": 120}, "geometry": {"type": "Polygon", "coordinates": [[[-98.18378, 26.194736000000002], [-98.18377, 26.194736000000002], [-98.18377, 26.194745], [-98.18378, 26.194745], [-98.18378, 26.194736000000002]]]}}, {"type": "Feature", "properties": {"campus_id": "bowie", "surface_class": "Asphalt/Concrete", "estimated_temp_f": 120}, "geometry": {"type": "Polygon", "coordinates": [[[-98.18378, 26.194745], [-98.18377, 26.194745], [-98.18377, 26.194754], [-98.18378, 26.194754], [-98.18378, 26.194745]]]}}, {"type": "Feature", "properties": {"campus_id": "bowie", "surface_class": "Asphalt/Concrete", "estimated_temp_f": 120}, "geometry": {"type": "Polygon", "coordinates": [[[-98.18378, 26.194754], [-98.18377, 26.194754], [-98.18377, 26.194763], [-98.18378, 26.194763], [-98.18378, 26.194754]]]}}, {"type": "Feature", "properties": {"campus_id": "bowie", "surface_class": "Grass/Turf", "estimated_temp_f": 95}, "geometry": {"type": "Polygon", "coordinates": [[[-98.18378, 26.194763000000002], [-98.18377, 26.194763000000002], [-98.18377, 26.194772], [-98.18378, 26.194772], [-98.18378, 26.194763000000002]]]}}, {"type": "Feature", "properties": {"campus_id": "bowie", "surface_class": "Asphalt/Concrete", "estimated_temp_f": 120}, "geometry": {"type": "Polygon", "coordinates": [[[-98.18378, 26.194772], [-98.18377, 26.194772], [-98.18377, 26.194781], [-98.18378, 26.194781], [-98.18378, 26.194772]]]}}, {"type": "Feature", "properties": {"campus_id": "bowie", "surface_class": "Canopy", "estimated_temp_f": 85}, "geometry": {"type": "Polygon", "coordinates": [[[-98.18378, 26.194781], [-98.18377, 26.194781], [-98.18377, 26.194789999999998], [-98.18378, 26.194789999999998], [-98.18378, 26.194781]]]}}, {"type": "Feature", "properties": {"campus_id": "bowie", "surface_class": "Asphalt/Concrete", "estimated_temp_f": 120}, "geometry": {"type": "Polygon", "coordinates": [[[-98.18378, 26.19479], [-98.18377, 26.19479], [-98.18377, 26.194799], [-98.18378, 26.194799], [-98.18378, 26.19479]]]}}, {"type": "Feature", "properties": {"campus_id": "bowie", "surface_class": "Asphalt/Concrete", "estimated_temp_f": 120}, "geometry": {"type": "Polygon", "coordinates": [[[-98.18378, 26.194799], [-98.18377, 26.194799], [-98.18377, 26.194808], [-98.18378, 26.194808], [-98.18378, 26.194799]]]}}, {"type": "Feature", "properties": {"campus_id": "bowie", "surface_class": "Asphalt/Concrete", "estimated_temp_f": 120}, "geometry": {"type": "Polygon", "coordinates": [[[-98.18378, 26.194808000000002], [-98.18377, 26.194808000000002], [-98.18377, 26.194817], [-98.18378, 26.194817], [-98.18378, 26.194808000000002]]]}}, {"type": "Feature", "properties": {"campus_id": "bowie", "surface_class": "Asphalt/Concrete", "estimated_temp_f": 120}, "geometry": {"type": "Polygon", "coordinates": [[[-98.18378, 26.194817], [-98.18377, 26.194817], [-98.18377, 26.194826], [-98.18378, 26.194826], [-98.18378, 26.194817]]]}}, {"type": "Feature", "properties": {"campus_id": "bowie", "surface_class": "Asphalt/Concrete", "estimated_temp_f": 120}, "geometry": {"type": "Polygon", "coordinates": [[[-98.18378, 26.194826], [-98.18377, 26.194826], [-98.18377, 26.194834999999998], [-98.18378, 26.194834999999998], [-98.18378, 26.194826]]]}}, {"type": "Feature", "properties": {"campus_id": "bowie", "surface_class": "Asphalt/Concrete", "estimated_temp_f": 120}, "geometry": {"type": "Polygon", "coordinates": [[[-98.18378, 26.194835], [-98.18377, 26.194835], [-98.18377, 26.194844], [-98.18378, 26.194844], [-98.18378, 26.194835]]]}}, {"type": "Feature", "properties": {"campus_id": "bowie", "surface_class": "Asphalt/Concrete", "estimated_temp_f": 120}, "geometry": {"type": "Polygon", "coordinates": [[[-98.18378, 26.194844], [-98.18377, 26.194844], [-98.18377, 26.194853], [-98.18378, 26.194853], [-98.18378, 26.194844]]]}}, {"type": "Feature", "properties": {"campus_id": "bowie", "surface_class": "Grass/Turf", "estimated_temp_f": 95}, "geometry": {"type": "Polygon", "coordinates": [[[-98.18378, 26.194853000000002], [-98.18377, 26.194853000000002], [-98.18377, 26.194862], [-98.18378, 26.194862], [-98.18378, 26.194853000000002]]]}}, {"type": "Feature", "properties": {"campus_id": "bowie", "surface_class": "Grass/Turf", "estimated_temp_f": 95}, "geometry": {"type": "Polygon", "coordinates": [[[-98.18378, 26.194862], [-98.18377, 26.194862], [-98.18377, 26.194871], [-98.18378, 26.194871], [-98.18378, 26.194862]]]}}, {"type": "Feature", "properties": {"campus_id": "bowie", "surface_class": "Asphalt/Concrete", "estimated_temp_f": 120}, "geometry": {"type": "Polygon", "coordinates": [[[-98.18378, 26.194871], [-98.18377, 26.194871], [-98.18377, 26.194879999999998], [-98.18378, 26.194879999999998], [-98.18378, 26.194871]]]}}, {"type": "Feature", "properties": {"campus_id": "bowie", "surface_class": "Asphalt/Concrete", "estimated_temp_f": 120}, "geometry": {"type": "Polygon", "coordinates": [[[-98.18377000000001, 26.19452], [-98.18376, 26.19452], [-98.18376, 26.194529], [-98.18377000000001, 26.194529], [-98.18377000000001, 26.19452]]]}}, {"type": "Feature", "properties": {"campus_id": "bowie", "surface_class": "Grass/Turf", "estimated_temp_f": 95}, "geometry": {"type": "Polygon", "coordinates": [[[-98.18377000000001, 26.194529], [-98.18376, 26.194529], [-98.18376, 26.194537999999998], [-98.18377000000001, 26.194537999999998], [-98.18377000000001, 26.194529]]]}}, {"type": "Feature", "properties": {"campus_id": "bowie", "surface_class": "Asphalt/Concrete", "estimated_temp_f": 120}, "geometry": {"type": "Polygon", "coordinates": [[[-98.18377000000001, 26.194538], [-98.18376, 26.194538], [-98.18376, 26.194547], [-98.18377000000001, 26.194547], [-98.18377000000001, 26.194538]]]}}, {"type": "Feature", "properties": {"campus_id": "bowie", "surface_class": "Asphalt/Concrete", "estimated_temp_f": 120}, "geometry": {"type": "Polygon", "coordinates": [[[-98.18377000000001, 26.194547], [-98.18376, 26.194547], [-98.18376, 26.194556], [-98.18377000000001, 26.194556], [-98.18377000000001, 26.194547]]]}}, {"type": "Feature", "properties": {"campus_id": "bowie", "surface_class": "Asphalt/Concrete", "estimated_temp_f": 120}, "geometry": {"type": "Polygon", "coordinates": [[[-98.18377000000001, 26.194556000000002], [-98.18376, 26.194556000000002], [-98.18376, 26.194565], [-98.18377000000001, 26.194565], [-98.18377000000001, 26.194556000000002]]]}}, {"type": "Feature", "properties": {"campus_id": "bowie", "surface_class": "Grass/Turf", "estimated_temp_f": 95}, "geometry": {"type": "Polygon", "coordinates": [[[-98.18377000000001, 26.194565], [-98.18376, 26.194565], [-98.18376, 26.194574], [-98.18377000000001, 26.194574], [-98.18377000000001, 26.194565]]]}}, {"type": "Feature", "properties": {"campus_id": "bowie", "surface_class": "Asphalt/Concrete", "estimated_temp_f": 120}, "geometry": {"type": "Polygon", "coordinates": [[[-98.18377000000001, 26.194574], [-98.18376, 26.194574], [-98.18376, 26.194582999999998], [-98.18377000000001, 26.194582999999998], [-98.18377000000001, 26.194574]]]}}, {"type": "Feature", "properties": {"campus_id": "bowie", "surface_class": "Asphalt/Concrete", "estimated_temp_f": 120}, "geometry": {"type": "Polygon", "coordinates": [[[-98.18377000000001, 26.194583], [-98.18376, 26.194583], [-98.18376, 26.194592], [-98.18377000000001, 26.194592], [-98.18377000000001, 26.194583]]]}}, {"type": "Feature", "properties": {"campus_id": "bowie", "surface_class": "Asphalt/Concrete", "estimated_temp_f": 120}, "geometry": {"type": "Polygon", "coordinates": [[[-98.18377000000001, 26.194592], [-98.18376, 26.194592], [-98.18376, 26.194601], [-98.18377000000001, 26.194601], [-98.18377000000001, 26.194592]]]}}, {"type": "Feature", "properties": {"campus_id": "bowie", "surface_class": "Asphalt/Concrete", "estimated_temp_f": 120}, "geometry": {"type": "Polygon", "coordinates": [[[-98.18377000000001, 26.194601000000002], [-98.18376, 26.194601000000002], [-98.18376, 26.19461], [-98.18377000000001, 26.19461], [-98.18377000000001, 26.194601000000002]]]}}, {"type": "Feature", "properties": {"campus_id": "bowie", "surface_class": "Asphalt/Concrete", "estimated_temp_f": 120}, "geometry": {"type": "Polygon", "coordinates": [[[-98.18377000000001, 26.19461], [-98.18376, 26.19461], [-98.18376, 26.194619], [-98.18377000000001, 26.194619], [-98.18377000000001, 26.19461]]]}}, {"type": "Feature", "properties": {"campus_id": "bowie", "surface_class": "Asphalt/Concrete", "estimated_temp_f": 120}, "geometry": {"type": "Polygon", "coordinates": [[[-98.18377000000001, 26.194619], [-98.18376, 26.194619], [-98.18376, 26.194627999999998], [-98.18377000000001, 26.194627999999998], [-98.18377000000001, 26.194619]]]}}, {"type": "Feature", "properties": {"campus_id": "bowie", "surface_class": "Asphalt/Concrete", "estimated_temp_f": 120}, "geometry": {"type": "Polygon", "coordinates": [[[-98.18377000000001, 26.194628], [-98.18376, 26.194628], [-98.18376, 26.194637], [-98.18377000000001, 26.194637], [-98.18377000000001, 26.194628]]]}}, {"type": "Feature", "properties": {"campus_id": "bowie", "surface_class": "Canopy", "estimated_temp_f": 85}, "geometry": {"type": "Polygon", "coordinates": [[[-98.18377000000001, 26.194637], [-98.18376, 26.194637], [-98.18376, 26.194646], [-98.18377000000001, 26.194646], [-98.18377000000001, 26.194637]]]}}, {"type": "Feature", "properties": {"campus_id": "bowie", "surface_class": "Asphalt/Concrete", "estimated_temp_f": 120}, "geometry": {"type": "Polygon", "coordinates": [[[-98.18377000000001, 26.194646000000002], [-98.18376, 26.194646000000002], [-98.18376, 26.194655], [-98.18377000000001, 26.194655], [-98.18377000000001, 26.194646000000002]]]}}, {"type": "Feature", "properties": {"campus_id": "bowie", "surface_class": "Asphalt/Concrete", "estimated_temp_f": 120}, "geometry": {"type": "Polygon", "coordinates": [[[-98.18377000000001, 26.194655], [-98.18376, 26.194655], [-98.18376, 26.194664], [-98.18377000000001, 26.194664], [-98.18377000000001, 26.194655]]]}}, {"type": "Feature", "properties": {"campus_id": "bowie", "surface_class": "Asphalt/Concrete", "estimated_temp_f": 120}, "geometry": {"type": "Polygon", "coordinates": [[[-98.18377000000001, 26.194664], [-98.18376, 26.194664], [-98.18376, 26.194672999999998], [-98.18377000000001, 26.194672999999998], [-98.18377000000001, 26.194664]]]}}, {"type": "Feature", "properties": {"campus_id": "bowie", "surface_class": "Asphalt/Concrete", "estimated_temp_f": 120}, "geometry": {"type": "Polygon", "coordinates": [[[-98.18377000000001, 26.194673], [-98.18376, 26.194673], [-98.18376, 26.194682], [-98.18377000000001, 26.194682], [-98.18377000000001, 26.194673]]]}}, {"type": "Feature", "properties": {"campus_id": "bowie", "surface_class": "Asphalt/Concrete", "estimated_temp_f": 120}, "geometry": {"type": "Polygon", "coordinates": [[[-98.18377000000001, 26.194682], [-98.18376, 26.194682], [-98.18376, 26.194691], [-98.18377000000001, 26.194691], [-98.18377000000001, 26.194682]]]}}, {"type": "Feature", "properties": {"campus_id": "bowie", "surface_class": "Grass/Turf", "estimated_temp_f": 95}, "geometry": {"type": "Polygon", "coordinates": [[[-98.18377000000001, 26.194691000000002], [-98.18376, 26.194691000000002], [-98.18376, 26.1947], [-98.18377000000001, 26.1947], [-98.18377000000001, 26.194691000000002]]]}}, {"type": "Feature", "properties": {"campus_id": "bowie", "surface_class": "Asphalt/Concrete", "estimated_temp_f": 120}, "geometry": {"type": "Polygon", "coordinates": [[[-98.18377000000001, 26.1947], [-98.18376, 26.1947], [-98.18376, 26.194709], [-98.18377000000001, 26.194709], [-98.18377000000001, 26.1947]]]}}, {"type": "Feature", "properties": {"campus_id": "bowie", "surface_class": "Asphalt/Concrete", "estimated_temp_f": 120}, "geometry": {"type": "Polygon", "coordinates": [[[-98.18377000000001, 26.194709], [-98.18376, 26.194709], [-98.18376, 26.194717999999998], [-98.18377000000001, 26.194717999999998], [-98.18377000000001, 26.194709]]]}}, {"type": "Feature", "properties": {"campus_id": "bowie", "surface_class": "Asphalt/Concrete", "estimated_temp_f": 120}, "geometry": {"type": "Polygon", "coordinates": [[[-98.18377000000001, 26.194718], [-98.18376, 26.194718], [-98.18376, 26.194727], [-98.18377000000001, 26.194727], [-98.18377000000001, 26.194718]]]}}, {"type": "Feature", "properties": {"campus_id": "bowie", "surface_class": "Asphalt/Concrete", "estimated_temp_f": 120}, "geometry": {"type": "Polygon", "coordinates": [[[-98.18377000000001, 26.194727], [-98.18376, 26.194727], [-98.18376, 26.194736], [-98.18377000000001, 26.194736], [-98.18377000000001, 26.194727]]]}}, {"type": "Feature", "properties": {"campus_id": "bowie", "surface_class": "Asphalt/Concrete", "estimated_temp_f": 120}, "geometry": {"type": "Polygon", "coordinates": [[[-98.18377000000001, 26.194736000000002], [-98.18376, 26.194736000000002], [-98.18376, 26.194745], [-98.18377000000001, 26.194745], [-98.18377000000001, 26.194736000000002]]]}}, {"type": "Feature", "properties": {"campus_id": "bowie", "surface_class": "Grass/Turf", "estimated_temp_f": 95}, "geometry": {"type": "Polygon", "coordinates": [[[-98.18377000000001, 26.194745], [-98.18376, 26.194745], [-98.18376, 26.194754], [-98.18377000000001, 26.194754], [-98.18377000000001, 26.194745]]]}}, {"type": "Feature", "properties": {"campus_id": "bowie", "surface_class": "Canopy", "estimated_temp_f": 85}, "geometry": {"type": "Polygon", "coordinates": [[[-98.18377000000001, 26.194754], [-98.18376, 26.194754], [-98.18376, 26.194763], [-98.18377000000001, 26.194763], [-98.18377000000001, 26.194754]]]}}, {"type": "Feature", "properties": {"campus_id": "bowie", "surface_class": "Asphalt/Concrete", "estimated_temp_f": 120}, "geometry": {"type": "Polygon", "coordinates": [[[-98.18377000000001, 26.194763000000002], [-98.18376, 26.194763000000002], [-98.18376, 26.194772], [-98.18377000000001, 26.194772], [-98.18377000000001, 26.194763000000002]]]}}, {"type": "Feature", "properties": {"campus_id": "bowie", "surface_class": "Asphalt/Concrete", "estimated_temp_f": 120}, "geometry": {"type": "Polygon", "coordinates": [[[-98.18377000000001, 26.194772], [-98.18376, 26.194772], [-98.18376, 26.194781], [-98.18377000000001, 26.194781], [-98.18377000000001, 26.194772]]]}}, {"type": "Feature", "properties": {"campus_id": "bowie", "surface_class": "Grass/Turf", "estimated_temp_f": 95}, "geometry": {"type": "Polygon", "coordinates": [[[-98.18377000000001, 26.194781], [-98.18376, 26.194781], [-98.18376, 26.194789999999998], [-98.18377000000001, 26.194789999999998], [-98.18377000000001, 26.194781]]]}}, {"type": "Feature", "properties": {"campus_id": "bowie", "surface_class": "Asphalt/Concrete", "estimated_temp_f": 120}, "geometry": {"type": "Polygon", "coordinates": [[[-98.18377000000001, 26.19479], [-98.18376, 26.19479], [-98.18376, 26.194799], [-98.18377000000001, 26.194799], [-98.18377000000001, 26.19479]]]}}, {"type": "Feature", "properties": {"campus_id": "bowie", "surface_class": "Asphalt/Concrete", "estimated_temp_f": 120}, "geometry": {"type": "Polygon", "coordinates": [[[-98.18377000000001, 26.194799], [-98.18376, 26.194799], [-98.18376, 26.194808], [-98.18377000000001, 26.194808], [-98.18377000000001, 26.194799]]]}}, {"type": "Feature", "properties": {"campus_id": "bowie", "surface_class": "Asphalt/Concrete", "estimated_temp_f": 120}, "geometry": {"type": "Polygon", "coordinates": [[[-98.18377000000001, 26.194808000000002], [-98.18376, 26.194808000000002], [-98.18376, 26.194817], [-98.18377000000001, 26.194817], [-98.18377000000001, 26.194808000000002]]]}}, {"type": "Feature", "properties": {"campus_id": "bowie", "surface_class": "Asphalt/Concrete", "estimated_temp_f": 120}, "geometry": {"type": "Polygon", "coordinates": [[[-98.18377000000001, 26.194817], [-98.18376, 26.194817], [-98.18376, 26.194826], [-98.18377000000001, 26.194826], [-98.18377000000001, 26.194817]]]}}, {"type": "Feature", "properties": {"campus_id": "bowie", "surface_class": "Grass/Turf", "estimated_temp_f": 95}, "geometry": {"type": "Polygon", "coordinates": [[[-98.18377000000001, 26.194826], [-98.18376, 26.194826], [-98.18376, 26.194834999999998], [-98.18377000000001, 26.194834999999998], [-98.18377000000001, 26.194826]]]}}, {"type": "Feature", "properties": {"campus_id": "bowie", "surface_class": "Asphalt/Concrete", "estimated_temp_f": 120}, "geometry": {"type": "Polygon", "coordinates": [[[-98.18377000000001, 26.194835], [-98.18376, 26.194835], [-98.18376, 26.194844], [-98.18377000000001, 26.194844], [-98.18377000000001, 26.194835]]]}}, {"type": "Feature", "properties": {"campus_id": "bowie", "surface_class": "Asphalt/Concrete", "estimated_temp_f": 120}, "geometry": {"type": "Polygon", "coordinates": [[[-98.18377000000001, 26.194844], [-98.18376, 26.194844], [-98.18376, 26.194853], [-98.18377000000001, 26.194853], [-98.18377000000001, 26.194844]]]}}, {"type": "Feature", "properties": {"campus_id": "bowie", "surface_class": "Asphalt/Concrete", "estimated_temp_f": 120}, "geometry": {"type": "Polygon", "coordinates": [[[-98.18377000000001, 26.194853000000002], [-98.18376, 26.194853000000002], [-98.18376, 26.194862], [-98.18377000000001, 26.194862], [-98.18377000000001, 26.194853000000002]]]}}, {"type": "Feature", "properties": {"campus_id": "bowie", "surface_class": "Asphalt/Concrete", "estimated_temp_f": 120}, "geometry": {"type": "Polygon", "coordinates": [[[-98.18377000000001, 26.194862], [-98.18376, 26.194862], [-98.18376, 26.194871], [-98.18377000000001, 26.194871], [-98.18377000000001, 26.194862]]]}}, {"type": "Feature", "properties": {"campus_id": "bowie", "surface_class": "Asphalt/Concrete", "estimated_temp_f": 120}, "geometry": {"type": "Polygon", "coordinates": [[[-98.18377000000001, 26.194871], [-98.18376, 26.194871], [-98.18376, 26.194879999999998], [-98.18377000000001, 26.194879999999998], [-98.18377000000001, 26.194871]]]}}, {"type": "Feature", "properties": {"campus_id": "bowie", "surface_class": "Asphalt/Concrete", "estimated_temp_f": 120}, "geometry": {"type": "Polygon", "coordinates": [[[-98.18376, 26.19452], [-98.18375, 26.19452], [-98.18375, 26.194529], [-98.18376, 26.194529], [-98.18376, 26.19452]]]}}, {"type": "Feature", "properties": {"campus_id": "bowie", "surface_class": "Asphalt/Concrete", "estimated_temp_f": 120}, "geometry": {"type": "Polygon", "coordinates": [[[-98.18376, 26.194529], [-98.18375, 26.194529], [-98.18375, 26.194537999999998], [-98.18376, 26.194537999999998], [-98.18376, 26.194529]]]}}, {"type": "Feature", "properties": {"campus_id": "bowie", "surface_class": "Asphalt/Concrete", "estimated_temp_f": 120}, "geometry": {"type": "Polygon", "coordinates": [[[-98.18376, 26.194538], [-98.18375, 26.194538], [-98.18375, 26.194547], [-98.18376, 26.194547], [-98.18376, 26.194538]]]}}, {"type": "Feature", "properties": {"campus_id": "bowie", "surface_class": "Asphalt/Concrete", "estimated_temp_f": 120}, "geometry": {"type": "Polygon", "coordinates": [[[-98.18376, 26.194547], [-98.18375, 26.194547], [-98.18375, 26.194556], [-98.18376, 26.194556], [-98.18376, 26.194547]]]}}, {"type": "Feature", "properties": {"campus_id": "bowie", "surface_class": "Asphalt/Concrete", "estimated_temp_f": 120}, "geometry": {"type": "Polygon", "coordinates": [[[-98.18376, 26.194556000000002], [-98.18375, 26.194556000000002], [-98.18375, 26.194565], [-98.18376, 26.194565], [-98.18376, 26.194556000000002]]]}}, {"type": "Feature", "properties": {"campus_id": "bowie", "surface_class": "Asphalt/Concrete", "estimated_temp_f": 120}, "geometry": {"type": "Polygon", "coordinates": [[[-98.18376, 26.194565], [-98.18375, 26.194565], [-98.18375, 26.194574], [-98.18376, 26.194574], [-98.18376, 26.194565]]]}}, {"type": "Feature", "properties": {"campus_id": "bowie", "surface_class": "Asphalt/Concrete", "estimated_temp_f": 120}, "geometry": {"type": "Polygon", "coordinates": [[[-98.18376, 26.194574], [-98.18375, 26.194574], [-98.18375, 26.194582999999998], [-98.18376, 26.194582999999998], [-98.18376, 26.194574]]]}}, {"type": "Feature", "properties": {"campus_id": "bowie", "surface_class": "Asphalt/Concrete", "estimated_temp_f": 120}, "geometry": {"type": "Polygon", "coordinates": [[[-98.18376, 26.194583], [-98.18375, 26.194583], [-98.18375, 26.194592], [-98.18376, 26.194592], [-98.18376, 26.194583]]]}}, {"type": "Feature", "properties": {"campus_id": "bowie", "surface_class": "Asphalt/Concrete", "estimated_temp_f": 120}, "geometry": {"type": "Polygon", "coordinates": [[[-98.18376, 26.194592], [-98.18375, 26.194592], [-98.18375, 26.194601], [-98.18376, 26.194601], [-98.18376, 26.194592]]]}}, {"type": "Feature", "properties": {"campus_id": "bowie", "surface_class": "Asphalt/Concrete", "estimated_temp_f": 120}, "geometry": {"type": "Polygon", "coordinates": [[[-98.18376, 26.194601000000002], [-98.18375, 26.194601000000002], [-98.18375, 26.19461], [-98.18376, 26.19461], [-98.18376, 26.194601000000002]]]}}, {"type": "Feature", "properties": {"campus_id": "bowie", "surface_class": "Asphalt/Concrete", "estimated_temp_f": 120}, "geometry": {"type": "Polygon", "coordinates": [[[-98.18376, 26.19461], [-98.18375, 26.19461], [-98.18375, 26.194619], [-98.18376, 26.194619], [-98.18376, 26.19461]]]}}, {"type": "Feature", "properties": {"campus_id": "bowie", "surface_class": "Asphalt/Concrete", "estimated_temp_f": 120}, "geometry": {"type": "Polygon", "coordinates": [[[-98.18376, 26.194619], [-98.18375, 26.194619], [-98.18375, 26.194627999999998], [-98.18376, 26.194627999999998], [-98.18376, 26.194619]]]}}, {"type": "Feature", "properties": {"campus_id": "bowie", "surface_class": "Asphalt/Concrete", "estimated_temp_f": 120}, "geometry": {"type": "Polygon", "coordinates": [[[-98.18376, 26.194628], [-98.18375, 26.194628], [-98.18375, 26.194637], [-98.18376, 26.194637], [-98.18376, 26.194628]]]}}, {"type": "Feature", "properties": {"campus_id": "bowie", "surface_class": "Canopy", "estimated_temp_f": 85}, "geometry": {"type": "Polygon", "coordinates": [[[-98.18376, 26.194637], [-98.18375, 26.194637], [-98.18375, 26.194646], [-98.18376, 26.194646], [-98.18376, 26.194637]]]}}, {"type": "Feature", "properties": {"campus_id": "bowie", "surface_class": "Asphalt/Concrete", "estimated_temp_f": 120}, "geometry": {"type": "Polygon", "coordinates": [[[-98.18376, 26.194646000000002], [-98.18375, 26.194646000000002], [-98.18375, 26.194655], [-98.18376, 26.194655], [-98.18376, 26.194646000000002]]]}}, {"type": "Feature", "properties": {"campus_id": "bowie", "surface_class": "Grass/Turf", "estimated_temp_f": 95}, "geometry": {"type": "Polygon", "coordinates": [[[-98.18376, 26.194655], [-98.18375, 26.194655], [-98.18375, 26.194664], [-98.18376, 26.194664], [-98.18376, 26.194655]]]}}, {"type": "Feature", "properties": {"campus_id": "bowie", "surface_class": "Asphalt/Concrete", "estimated_temp_f": 120}, "geometry": {"type": "Polygon", "coordinates": [[[-98.18376, 26.194664], [-98.18375, 26.194664], [-98.18375, 26.194672999999998], [-98.18376, 26.194672999999998], [-98.18376, 26.194664]]]}}, {"type": "Feature", "properties": {"campus_id": "bowie", "surface_class": "Asphalt/Concrete", "estimated_temp_f": 120}, "geometry": {"type": "Polygon", "coordinates": [[[-98.18376, 26.194673], [-98.18375, 26.194673], [-98.18375, 26.194682], [-98.18376, 26.194682], [-98.18376, 26.194673]]]}}, {"type": "Feature", "properties": {"campus_id": "bowie", "surface_class": "Asphalt/Concrete", "estimated_temp_f": 120}, "geometry": {"type": "Polygon", "coordinates": [[[-98.18376, 26.194682], [-98.18375, 26.194682], [-98.18375, 26.194691], [-98.18376, 26.194691], [-98.18376, 26.194682]]]}}, {"type": "Feature", "properties": {"campus_id": "bowie", "surface_class": "Asphalt/Concrete", "estimated_temp_f": 120}, "geometry": {"type": "Polygon", "coordinates": [[[-98.18376, 26.194691000000002], [-98.18375, 26.194691000000002], [-98.18375, 26.1947], [-98.18376, 26.1947], [-98.18376, 26.194691000000002]]]}}, {"type": "Feature", "properties": {"campus_id": "bowie", "surface_class": "Asphalt/Concrete", "estimated_temp_f": 120}, "geometry": {"type": "Polygon", "coordinates": [[[-98.18376, 26.1947], [-98.18375, 26.1947], [-98.18375, 26.194709], [-98.18376, 26.194709], [-98.18376, 26.1947]]]}}, {"type": "Feature", "properties": {"campus_id": "bowie", "surface_class": "Asphalt/Concrete", "estimated_temp_f": 120}, "geometry": {"type": "Polygon", "coordinates": [[[-98.18376, 26.194709], [-98.18375, 26.194709], [-98.18375, 26.194717999999998], [-98.18376, 26.194717999999998], [-98.18376, 26.194709]]]}}, {"type": "Feature", "properties": {"campus_id": "bowie", "surface_class": "Asphalt/Concrete", "estimated_temp_f": 120}, "geometry": {"type": "Polygon", "coordinates": [[[-98.18376, 26.194718], [-98.18375, 26.194718], [-98.18375, 26.194727], [-98.18376, 26.194727], [-98.18376, 26.194718]]]}}, {"type": "Feature", "properties": {"campus_id": "bowie", "surface_class": "Asphalt/Concrete", "estimated_temp_f": 120}, "geometry": {"type": "Polygon", "coordinates": [[[-98.18376, 26.194727], [-98.18375, 26.194727], [-98.18375, 26.194736], [-98.18376, 26.194736], [-98.18376, 26.194727]]]}}, {"type": "Feature", "properties": {"campus_id": "bowie", "surface_class": "Asphalt/Concrete", "estimated_temp_f": 120}, "geometry": {"type": "Polygon", "coordinates": [[[-98.18376, 26.194736000000002], [-98.18375, 26.194736000000002], [-98.18375, 26.194745], [-98.18376, 26.194745], [-98.18376, 26.194736000000002]]]}}, {"type": "Feature", "properties": {"campus_id": "bowie", "surface_class": "Asphalt/Concrete", "estimated_temp_f": 120}, "geometry": {"type": "Polygon", "coordinates": [[[-98.18376, 26.194745], [-98.18375, 26.194745], [-98.18375, 26.194754], [-98.18376, 26.194754], [-98.18376, 26.194745]]]}}, {"type": "Feature", "properties": {"campus_id": "bowie", "surface_class": "Asphalt/Concrete", "estimated_temp_f": 120}, "geometry": {"type": "Polygon", "coordinates": [[[-98.18376, 26.194754], [-98.18375, 26.194754], [-98.18375, 26.194763], [-98.18376, 26.194763], [-98.18376, 26.194754]]]}}, {"type": "Feature", "properties": {"campus_id": "bowie", "surface_class": "Asphalt/Concrete", "estimated_temp_f": 120}, "geometry": {"type": "Polygon", "coordinates": [[[-98.18376, 26.194763000000002], [-98.18375, 26.194763000000002], [-98.18375, 26.194772], [-98.18376, 26.194772], [-98.18376, 26.194763000000002]]]}}, {"type": "Feature", "properties": {"campus_id": "bowie", "surface_class": "Asphalt/Concrete", "estimated_temp_f": 120}, "geometry": {"type": "Polygon", "coordinates": [[[-98.18376, 26.194772], [-98.18375, 26.194772], [-98.18375, 26.194781], [-98.18376, 26.194781], [-98.18376, 26.194772]]]}}, {"type": "Feature", "properties": {"campus_id": "bowie", "surface_class": "Asphalt/Concrete", "estimated_temp_f": 120}, "geometry": {"type": "Polygon", "coordinates": [[[-98.18376, 26.194781], [-98.18375, 26.194781], [-98.18375, 26.194789999999998], [-98.18376, 26.194789999999998], [-98.18376, 26.194781]]]}}, {"type": "Feature", "properties": {"campus_id": "bowie", "surface_class": "Grass/Turf", "estimated_temp_f": 95}, "geometry": {"type": "Polygon", "coordinates": [[[-98.18376, 26.19479], [-98.18375, 26.19479], [-98.18375, 26.194799], [-98.18376, 26.194799], [-98.18376, 26.19479]]]}}, {"type": "Feature", "properties": {"campus_id": "bowie", "surface_class": "Asphalt/Concrete", "estimated_temp_f": 120}, "geometry": {"type": "Polygon", "coordinates": [[[-98.18376, 26.194799], [-98.18375, 26.194799], [-98.18375, 26.194808], [-98.18376, 26.194808], [-98.18376, 26.194799]]]}}, {"type": "Feature", "properties": {"campus_id": "bowie", "surface_class": "Grass/Turf", "estimated_temp_f": 95}, "geometry": {"type": "Polygon", "coordinates": [[[-98.18376, 26.194808000000002], [-98.18375, 26.194808000000002], [-98.18375, 26.194817], [-98.18376, 26.194817], [-98.18376, 26.194808000000002]]]}}, {"type": "Feature", "properties": {"campus_id": "bowie", "surface_class": "Asphalt/Concrete", "estimated_temp_f": 120}, "geometry": {"type": "Polygon", "coordinates": [[[-98.18376, 26.194817], [-98.18375, 26.194817], [-98.18375, 26.194826], [-98.18376, 26.194826], [-98.18376, 26.194817]]]}}, {"type": "Feature", "properties": {"campus_id": "bowie", "surface_class": "Asphalt/Concrete", "estimated_temp_f": 120}, "geometry": {"type": "Polygon", "coordinates": [[[-98.18376, 26.194826], [-98.18375, 26.194826], [-98.18375, 26.194834999999998], [-98.18376, 26.194834999999998], [-98.18376, 26.194826]]]}}, {"type": "Feature", "properties": {"campus_id": "bowie", "surface_class": "Asphalt/Concrete", "estimated_temp_f": 120}, "geometry": {"type": "Polygon", "coordinates": [[[-98.18376, 26.194835], [-98.18375, 26.194835], [-98.18375, 26.194844], [-98.18376, 26.194844], [-98.18376, 26.194835]]]}}, {"type": "Feature", "properties": {"campus_id": "bowie", "surface_class": "Asphalt/Concrete", "estimated_temp_f": 120}, "geometry": {"type": "Polygon", "coordinates": [[[-98.18376, 26.194844], [-98.18375, 26.194844], [-98.18375, 26.194853], [-98.18376, 26.194853], [-98.18376, 26.194844]]]}}, {"type": "Feature", "properties": {"campus_id": "bowie", "surface_class": "Asphalt/Concrete", "estimated_temp_f": 120}, "geometry": {"type": "Polygon", "coordinates": [[[-98.18376, 26.194853000000002], [-98.18375, 26.194853000000002], [-98.18375, 26.194862], [-98.18376, 26.194862], [-98.18376, 26.194853000000002]]]}}, {"type": "Feature", "properties": {"campus_id": "bowie", "surface_class": "Asphalt/Concrete", "estimated_temp_f": 120}, "geometry": {"type": "Polygon", "coordinates": [[[-98.18376, 26.194862], [-98.18375, 26.194862], [-98.18375, 26.194871], [-98.18376, 26.194871], [-98.18376, 26.194862]]]}}, {"type": "Feature", "properties": {"campus_id": "bowie", "surface_class": "Grass/Turf", "estimated_temp_f": 95}, "geometry": {"type": "Polygon", "coordinates": [[[-98.18376, 26.194871], [-98.18375, 26.194871], [-98.18375, 26.194879999999998], [-98.18376, 26.194879999999998], [-98.18376, 26.194871]]]}}, {"type": "Feature", "properties": {"campus_id": "bowie", "surface_class": "Asphalt/Concrete", "estimated_temp_f": 120}, "geometry": {"type": "Polygon", "coordinates": [[[-98.18375, 26.19452], [-98.18374, 26.19452], [-98.18374, 26.194529], [-98.18375, 26.194529], [-98.18375, 26.19452]]]}}, {"type": "Feature", "properties": {"campus_id": "bowie", "surface_class": "Asphalt/Concrete", "estimated_temp_f": 120}, "geometry": {"type": "Polygon", "coordinates": [[[-98.18375, 26.194529], [-98.18374, 26.194529], [-98.18374, 26.194537999999998], [-98.18375, 26.194537999999998], [-98.18375, 26.194529]]]}}, {"type": "Feature", "properties": {"campus_id": "bowie", "surface_class": "Asphalt/Concrete", "estimated_temp_f": 120}, "geometry": {"type": "Polygon", "coordinates": [[[-98.18375, 26.194538], [-98.18374, 26.194538], [-98.18374, 26.194547], [-98.18375, 26.194547], [-98.18375, 26.194538]]]}}, {"type": "Feature", "properties": {"campus_id": "bowie", "surface_class": "Grass/Turf", "estimated_temp_f": 95}, "geometry": {"type": "Polygon", "coordinates": [[[-98.18375, 26.194547], [-98.18374, 26.194547], [-98.18374, 26.194556], [-98.18375, 26.194556], [-98.18375, 26.194547]]]}}, {"type": "Feature", "properties": {"campus_id": "bowie", "surface_class": "Asphalt/Concrete", "estimated_temp_f": 120}, "geometry": {"type": "Polygon", "coordinates": [[[-98.18375, 26.194556000000002], [-98.18374, 26.194556000000002], [-98.18374, 26.194565], [-98.18375, 26.194565], [-98.18375, 26.194556000000002]]]}}, {"type": "Feature", "properties": {"campus_id": "bowie", "surface_class": "Canopy", "estimated_temp_f": 85}, "geometry": {"type": "Polygon", "coordinates": [[[-98.18375, 26.194565], [-98.18374, 26.194565], [-98.18374, 26.194574], [-98.18375, 26.194574], [-98.18375, 26.194565]]]}}, {"type": "Feature", "properties": {"campus_id": "bowie", "surface_class": "Asphalt/Concrete", "estimated_temp_f": 120}, "geometry": {"type": "Polygon", "coordinates": [[[-98.18375, 26.194574], [-98.18374, 26.194574], [-98.18374, 26.194582999999998], [-98.18375, 26.194582999999998], [-98.18375, 26.194574]]]}}, {"type": "Feature", "properties": {"campus_id": "bowie", "surface_class": "Asphalt/Concrete", "estimated_temp_f": 120}, "geometry": {"type": "Polygon", "coordinates": [[[-98.18375, 26.194583], [-98.18374, 26.194583], [-98.18374, 26.194592], [-98.18375, 26.194592], [-98.18375, 26.194583]]]}}, {"type": "Feature", "properties": {"campus_id": "bowie", "surface_class": "Asphalt/Concrete", "estimated_temp_f": 120}, "geometry": {"type": "Polygon", "coordinates": [[[-98.18375, 26.194592], [-98.18374, 26.194592], [-98.18374, 26.194601], [-98.18375, 26.194601], [-98.18375, 26.194592]]]}}, {"type": "Feature", "properties": {"campus_id": "bowie", "surface_class": "Grass/Turf", "estimated_temp_f": 95}, "geometry": {"type": "Polygon", "coordinates": [[[-98.18375, 26.194601000000002], [-98.18374, 26.194601000000002], [-98.18374, 26.19461], [-98.18375, 26.19461], [-98.18375, 26.194601000000002]]]}}, {"type": "Feature", "properties": {"campus_id": "bowie", "surface_class": "Asphalt/Concrete", "estimated_temp_f": 120}, "geometry": {"type": "Polygon", "coordinates": [[[-98.18375, 26.19461], [-98.18374, 26.19461], [-98.18374, 26.194619], [-98.18375, 26.194619], [-98.18375, 26.19461]]]}}, {"type": "Feature", "properties": {"campus_id": "bowie", "surface_class": "Asphalt/Concrete", "estimated_temp_f": 120}, "geometry": {"type": "Polygon", "coordinates": [[[-98.18375, 26.194619], [-98.18374, 26.194619], [-98.18374, 26.194627999999998], [-98.18375, 26.194627999999998], [-98.18375, 26.194619]]]}}, {"type": "Feature", "properties": {"campus_id": "bowie", "surface_class": "Asphalt/Concrete", "estimated_temp_f": 120}, "geometry": {"type": "Polygon", "coordinates": [[[-98.18375, 26.194628], [-98.18374, 26.194628], [-98.18374, 26.194637], [-98.18375, 26.194637], [-98.18375, 26.194628]]]}}, {"type": "Feature", "properties": {"campus_id": "bowie", "surface_class": "Asphalt/Concrete", "estimated_temp_f": 120}, "geometry": {"type": "Polygon", "coordinates": [[[-98.18375, 26.194637], [-98.18374, 26.194637], [-98.18374, 26.194646], [-98.18375, 26.194646], [-98.18375, 26.194637]]]}}, {"type": "Feature", "properties": {"campus_id": "bowie", "surface_class": "Asphalt/Concrete", "estimated_temp_f": 120}, "geometry": {"type": "Polygon", "coordinates": [[[-98.18375, 26.194646000000002], [-98.18374, 26.194646000000002], [-98.18374, 26.194655], [-98.18375, 26.194655], [-98.18375, 26.194646000000002]]]}}, {"type": "Feature", "properties": {"campus_id": "bowie", "surface_class": "Asphalt/Concrete", "estimated_temp_f": 120}, "geometry": {"type": "Polygon", "coordinates": [[[-98.18375, 26.194655], [-98.18374, 26.194655], [-98.18374, 26.194664], [-98.18375, 26.194664], [-98.18375, 26.194655]]]}}, {"type": "Feature", "properties": {"campus_id": "bowie", "surface_class": "Asphalt/Concrete", "estimated_temp_f": 120}, "geometry": {"type": "Polygon", "coordinates": [[[-98.18375, 26.194664], [-98.18374, 26.194664], [-98.18374, 26.194672999999998], [-98.18375, 26.194672999999998], [-98.18375, 26.194664]]]}}, {"type": "Feature", "properties": {"campus_id": "bowie", "surface_class": "Asphalt/Concrete", "estimated_temp_f": 120}, "geometry": {"type": "Polygon", "coordinates": [[[-98.18375, 26.194673], [-98.18374, 26.194673], [-98.18374, 26.194682], [-98.18375, 26.194682], [-98.18375, 26.194673]]]}}, {"type": "Feature", "properties": {"campus_id": "bowie", "surface_class": "Asphalt/Concrete", "estimated_temp_f": 120}, "geometry": {"type": "Polygon", "coordinates": [[[-98.18375, 26.194682], [-98.18374, 26.194682], [-98.18374, 26.194691], [-98.18375, 26.194691], [-98.18375, 26.194682]]]}}, {"type": "Feature", "properties": {"campus_id": "bowie", "surface_class": "Asphalt/Concrete", "estimated_temp_f": 120}, "geometry": {"type": "Polygon", "coordinates": [[[-98.18375, 26.194691000000002], [-98.18374, 26.194691000000002], [-98.18374, 26.1947], [-98.18375, 26.1947], [-98.18375, 26.194691000000002]]]}}, {"type": "Feature", "properties": {"campus_id": "bowie", "surface_class": "Grass/Turf", "estimated_temp_f": 95}, "geometry": {"type": "Polygon", "coordinates": [[[-98.18375, 26.1947], [-98.18374, 26.1947], [-98.18374, 26.194709], [-98.18375, 26.194709], [-98.18375, 26.1947]]]}}, {"type": "Feature", "properties": {"campus_id": "bowie", "surface_class": "Asphalt/Concrete", "estimated_temp_f": 120}, "geometry": {"type": "Polygon", "coordinates": [[[-98.18375, 26.194709], [-98.18374, 26.194709], [-98.18374, 26.194717999999998], [-98.18375, 26.194717999999998], [-98.18375, 26.194709]]]}}, {"type": "Feature", "properties": {"campus_id": "bowie", "surface_class": "Asphalt/Concrete", "estimated_temp_f": 120}, "geometry": {"type": "Polygon", "coordinates": [[[-98.18375, 26.194718], [-98.18374, 26.194718], [-98.18374, 26.194727], [-98.18375, 26.194727], [-98.18375, 26.194718]]]}}, {"type": "Feature", "properties": {"campus_id": "bowie", "surface_class": "Asphalt/Concrete", "estimated_temp_f": 120}, "geometry": {"type": "Polygon", "coordinates": [[[-98.18375, 26.194727], [-98.18374, 26.194727], [-98.18374, 26.194736], [-98.18375, 26.194736], [-98.18375, 26.194727]]]}}, {"type": "Feature", "properties": {"campus_id": "bowie", "surface_class": "Asphalt/Concrete", "estimated_temp_f": 120}, "geometry": {"type": "Polygon", "coordinates": [[[-98.18375, 26.194736000000002], [-98.18374, 26.194736000000002], [-98.18374, 26.194745], [-98.18375, 26.194745], [-98.18375, 26.194736000000002]]]}}, {"type": "Feature", "properties": {"campus_id": "bowie", "surface_class": "Canopy", "estimated_temp_f": 85}, "geometry": {"type": "Polygon", "coordinates": [[[-98.18375, 26.194745], [-98.18374, 26.194745], [-98.18374, 26.194754], [-98.18375, 26.194754], [-98.18375, 26.194745]]]}}, {"type": "Feature", "properties": {"campus_id": "bowie", "surface_class": "Asphalt/Concrete", "estimated_temp_f": 120}, "geometry": {"type": "Polygon", "coordinates": [[[-98.18375, 26.194754], [-98.18374, 26.194754], [-98.18374, 26.194763], [-98.18375, 26.194763], [-98.18375, 26.194754]]]}}, {"type": "Feature", "properties": {"campus_id": "bowie", "surface_class": "Asphalt/Concrete", "estimated_temp_f": 120}, "geometry": {"type": "Polygon", "coordinates": [[[-98.18375, 26.194763000000002], [-98.18374, 26.194763000000002], [-98.18374, 26.194772], [-98.18375, 26.194772], [-98.18375, 26.194763000000002]]]}}, {"type": "Feature", "properties": {"campus_id": "bowie", "surface_class": "Asphalt/Concrete", "estimated_temp_f": 120}, "geometry": {"type": "Polygon", "coordinates": [[[-98.18375, 26.194772], [-98.18374, 26.194772], [-98.18374, 26.194781], [-98.18375, 26.194781], [-98.18375, 26.194772]]]}}, {"type": "Feature", "properties": {"campus_id": "bowie", "surface_class": "Asphalt/Concrete", "estimated_temp_f": 120}, "geometry": {"type": "Polygon", "coordinates": [[[-98.18375, 26.194781], [-98.18374, 26.194781], [-98.18374, 26.194789999999998], [-98.18375, 26.194789999999998], [-98.18375, 26.194781]]]}}, {"type": "Feature", "properties": {"campus_id": "bowie", "surface_class": "Asphalt/Concrete", "estimated_temp_f": 120}, "geometry": {"type": "Polygon", "coordinates": [[[-98.18375, 26.19479], [-98.18374, 26.19479], [-98.18374, 26.194799], [-98.18375, 26.194799], [-98.18375, 26.19479]]]}}, {"type": "Feature", "properties": {"campus_id": "bowie", "surface_class": "Asphalt/Concrete", "estimated_temp_f": 120}, "geometry": {"type": "Polygon", "coordinates": [[[-98.18375, 26.194799], [-98.18374, 26.194799], [-98.18374, 26.194808], [-98.18375, 26.194808], [-98.18375, 26.194799]]]}}, {"type": "Feature", "properties": {"campus_id": "bowie", "surface_class": "Asphalt/Concrete", "estimated_temp_f": 120}, "geometry": {"type": "Polygon", "coordinates": [[[-98.18375, 26.194808000000002], [-98.18374, 26.194808000000002], [-98.18374, 26.194817], [-98.18375, 26.194817], [-98.18375, 26.194808000000002]]]}}, {"type": "Feature", "properties": {"campus_id": "bowie", "surface_class": "Asphalt/Concrete", "estimated_temp_f": 120}, "geometry": {"type": "Polygon", "coordinates": [[[-98.18375, 26.194817], [-98.18374, 26.194817], [-98.18374, 26.194826], [-98.18375, 26.194826], [-98.18375, 26.194817]]]}}, {"type": "Feature", "properties": {"campus_id": "bowie", "surface_class": "Asphalt/Concrete", "estimated_temp_f": 120}, "geometry": {"type": "Polygon", "coordinates": [[[-98.18375, 26.194826], [-98.18374, 26.194826], [-98.18374, 26.194834999999998], [-98.18375, 26.194834999999998], [-98.18375, 26.194826]]]}}, {"type": "Feature", "properties": {"campus_id": "bowie", "surface_class": "Asphalt/Concrete", "estimated_temp_f": 120}, "geometry": {"type": "Polygon", "coordinates": [[[-98.18375, 26.194835], [-98.18374, 26.194835], [-98.18374, 26.194844], [-98.18375, 26.194844], [-98.18375, 26.194835]]]}}, {"type": "Feature", "properties": {"campus_id": "bowie", "surface_class": "Asphalt/Concrete", "estimated_temp_f": 120}, "geometry": {"type": "Polygon", "coordinates": [[[-98.18375, 26.194844], [-98.18374, 26.194844], [-98.18374, 26.194853], [-98.18375, 26.194853], [-98.18375, 26.194844]]]}}, {"type": "Feature", "properties": {"campus_id": "bowie", "surface_class": "Asphalt/Concrete", "estimated_temp_f": 120}, "geometry": {"type": "Polygon", "coordinates": [[[-98.18375, 26.194853000000002], [-98.18374, 26.194853000000002], [-98.18374, 26.194862], [-98.18375, 26.194862], [-98.18375, 26.194853000000002]]]}}, {"type": "Feature", "properties": {"campus_id": "bowie", "surface_class": "Asphalt/Concrete", "estimated_temp_f": 120}, "geometry": {"type": "Polygon", "coordinates": [[[-98.18375, 26.194862], [-98.18374, 26.194862], [-98.18374, 26.194871], [-98.18375, 26.194871], [-98.18375, 26.194862]]]}}, {"type": "Feature", "properties": {"campus_id": "bowie", "surface_class": "Asphalt/Concrete", "estimated_temp_f": 120}, "geometry": {"type": "Polygon", "coordinates": [[[-98.18375, 26.194871], [-98.18374, 26.194871], [-98.18374, 26.194879999999998], [-98.18375, 26.194879999999998], [-98.18375, 26.194871]]]}}, {"type": "Feature", "properties": {"campus_id": "bowie", "surface_class": "Asphalt/Concrete", "estimated_temp_f": 120}, "geometry": {"type": "Polygon", "coordinates": [[[-98.18374, 26.19452], [-98.18373, 26.19452], [-98.18373, 26.194529], [-98.18374, 26.194529], [-98.18374, 26.19452]]]}}, {"type": "Feature", "properties": {"campus_id": "bowie", "surface_class": "Asphalt/Concrete", "estimated_temp_f": 120}, "geometry": {"type": "Polygon", "coordinates": [[[-98.18374, 26.194529], [-98.18373, 26.194529], [-98.18373, 26.194537999999998], [-98.18374, 26.194537999999998], [-98.18374, 26.194529]]]}}, {"type": "Feature", "properties": {"campus_id": "bowie", "surface_class": "Asphalt/Concrete", "estimated_temp_f": 120}, "geometry": {"type": "Polygon", "coordinates": [[[-98.18374, 26.194538], [-98.18373, 26.194538], [-98.18373, 26.194547], [-98.18374, 26.194547], [-98.18374, 26.194538]]]}}, {"type": "Feature", "properties": {"campus_id": "bowie", "surface_class": "Asphalt/Concrete", "estimated_temp_f": 120}, "geometry": {"type": "Polygon", "coordinates": [[[-98.18374, 26.194547], [-98.18373, 26.194547], [-98.18373, 26.194556], [-98.18374, 26.194556], [-98.18374, 26.194547]]]}}, {"type": "Feature", "properties": {"campus_id": "bowie", "surface_class": "Asphalt/Concrete", "estimated_temp_f": 120}, "geometry": {"type": "Polygon", "coordinates": [[[-98.18374, 26.194556000000002], [-98.18373, 26.194556000000002], [-98.18373, 26.194565], [-98.18374, 26.194565], [-98.18374, 26.194556000000002]]]}}, {"type": "Feature", "properties": {"campus_id": "bowie", "surface_class": "Grass/Turf", "estimated_temp_f": 95}, "geometry": {"type": "Polygon", "coordinates": [[[-98.18374, 26.194565], [-98.18373, 26.194565], [-98.18373, 26.194574], [-98.18374, 26.194574], [-98.18374, 26.194565]]]}}, {"type": "Feature", "properties": {"campus_id": "bowie", "surface_class": "Asphalt/Concrete", "estimated_temp_f": 120}, "geometry": {"type": "Polygon", "coordinates": [[[-98.18374, 26.194574], [-98.18373, 26.194574], [-98.18373, 26.194582999999998], [-98.18374, 26.194582999999998], [-98.18374, 26.194574]]]}}, {"type": "Feature", "properties": {"campus_id": "bowie", "surface_class": "Asphalt/Concrete", "estimated_temp_f": 120}, "geometry": {"type": "Polygon", "coordinates": [[[-98.18374, 26.194583], [-98.18373, 26.194583], [-98.18373, 26.194592], [-98.18374, 26.194592], [-98.18374, 26.194583]]]}}, {"type": "Feature", "properties": {"campus_id": "bowie", "surface_class": "Canopy", "estimated_temp_f": 85}, "geometry": {"type": "Polygon", "coordinates": [[[-98.18374, 26.194592], [-98.18373, 26.194592], [-98.18373, 26.194601], [-98.18374, 26.194601], [-98.18374, 26.194592]]]}}, {"type": "Feature", "properties": {"campus_id": "bowie", "surface_class": "Grass/Turf", "estimated_temp_f": 95}, "geometry": {"type": "Polygon", "coordinates": [[[-98.18374, 26.194601000000002], [-98.18373, 26.194601000000002], [-98.18373, 26.19461], [-98.18374, 26.19461], [-98.18374, 26.194601000000002]]]}}, {"type": "Feature", "properties": {"campus_id": "bowie", "surface_class": "Asphalt/Concrete", "estimated_temp_f": 120}, "geometry": {"type": "Polygon", "coordinates": [[[-98.18374, 26.19461], [-98.18373, 26.19461], [-98.18373, 26.194619], [-98.18374, 26.194619], [-98.18374, 26.19461]]]}}, {"type": "Feature", "properties": {"campus_id": "bowie", "surface_class": "Asphalt/Concrete", "estimated_temp_f": 120}, "geometry": {"type": "Polygon", "coordinates": [[[-98.18374, 26.194619], [-98.18373, 26.194619], [-98.18373, 26.194627999999998], [-98.18374, 26.194627999999998], [-98.18374, 26.194619]]]}}, {"type": "Feature", "properties": {"campus_id": "bowie", "surface_class": "Asphalt/Concrete", "estimated_temp_f": 120}, "geometry": {"type": "Polygon", "coordinates": [[[-98.18374, 26.194628], [-98.18373, 26.194628], [-98.18373, 26.194637], [-98.18374, 26.194637], [-98.18374, 26.194628]]]}}, {"type": "Feature", "properties": {"campus_id": "bowie", "surface_class": "Asphalt/Concrete", "estimated_temp_f": 120}, "geometry": {"type": "Polygon", "coordinates": [[[-98.18374, 26.194637], [-98.18373, 26.194637], [-98.18373, 26.194646], [-98.18374, 26.194646], [-98.18374, 26.194637]]]}}, {"type": "Feature", "properties": {"campus_id": "bowie", "surface_class": "Asphalt/Concrete", "estimated_temp_f": 120}, "geometry": {"type": "Polygon", "coordinates": [[[-98.18374, 26.194646000000002], [-98.18373, 26.194646000000002], [-98.18373, 26.194655], [-98.18374, 26.194655], [-98.18374, 26.194646000000002]]]}}, {"type": "Feature", "properties": {"campus_id": "bowie", "surface_class": "Asphalt/Concrete", "estimated_temp_f": 120}, "geometry": {"type": "Polygon", "coordinates": [[[-98.18374, 26.194655], [-98.18373, 26.194655], [-98.18373, 26.194664], [-98.18374, 26.194664], [-98.18374, 26.194655]]]}}, {"type": "Feature", "properties": {"campus_id": "bowie", "surface_class": "Asphalt/Concrete", "estimated_temp_f": 120}, "geometry": {"type": "Polygon", "coordinates": [[[-98.18374, 26.194664], [-98.18373, 26.194664], [-98.18373, 26.194672999999998], [-98.18374, 26.194672999999998], [-98.18374, 26.194664]]]}}, {"type": "Feature", "properties": {"campus_id": "bowie", "surface_class": "Grass/Turf", "estimated_temp_f": 95}, "geometry": {"type": "Polygon", "coordinates": [[[-98.18374, 26.194673], [-98.18373, 26.194673], [-98.18373, 26.194682], [-98.18374, 26.194682], [-98.18374, 26.194673]]]}}, {"type": "Feature", "properties": {"campus_id": "bowie", "surface_class": "Asphalt/Concrete", "estimated_temp_f": 120}, "geometry": {"type": "Polygon", "coordinates": [[[-98.18374, 26.194682], [-98.18373, 26.194682], [-98.18373, 26.194691], [-98.18374, 26.194691], [-98.18374, 26.194682]]]}}, {"type": "Feature", "properties": {"campus_id": "bowie", "surface_class": "Asphalt/Concrete", "estimated_temp_f": 120}, "geometry": {"type": "Polygon", "coordinates": [[[-98.18374, 26.194691000000002], [-98.18373, 26.194691000000002], [-98.18373, 26.1947], [-98.18374, 26.1947], [-98.18374, 26.194691000000002]]]}}, {"type": "Feature", "properties": {"campus_id": "bowie", "surface_class": "Grass/Turf", "estimated_temp_f": 95}, "geometry": {"type": "Polygon", "coordinates": [[[-98.18374, 26.1947], [-98.18373, 26.1947], [-98.18373, 26.194709], [-98.18374, 26.194709], [-98.18374, 26.1947]]]}}, {"type": "Feature", "properties": {"campus_id": "bowie", "surface_class": "Grass/Turf", "estimated_temp_f": 95}, "geometry": {"type": "Polygon", "coordinates": [[[-98.18374, 26.194709], [-98.18373, 26.194709], [-98.18373, 26.194717999999998], [-98.18374, 26.194717999999998], [-98.18374, 26.194709]]]}}, {"type": "Feature", "properties": {"campus_id": "bowie", "surface_class": "Asphalt/Concrete", "estimated_temp_f": 120}, "geometry": {"type": "Polygon", "coordinates": [[[-98.18374, 26.194718], [-98.18373, 26.194718], [-98.18373, 26.194727], [-98.18374, 26.194727], [-98.18374, 26.194718]]]}}, {"type": "Feature", "properties": {"campus_id": "bowie", "surface_class": "Asphalt/Concrete", "estimated_temp_f": 120}, "geometry": {"type": "Polygon", "coordinates": [[[-98.18374, 26.194727], [-98.18373, 26.194727], [-98.18373, 26.194736], [-98.18374, 26.194736], [-98.18374, 26.194727]]]}}, {"type": "Feature", "properties": {"campus_id": "bowie", "surface_class": "Asphalt/Concrete", "estimated_temp_f": 120}, "geometry": {"type": "Polygon", "coordinates": [[[-98.18374, 26.194736000000002], [-98.18373, 26.194736000000002], [-98.18373, 26.194745], [-98.18374, 26.194745], [-98.18374, 26.194736000000002]]]}}, {"type": "Feature", "properties": {"campus_id": "bowie", "surface_class": "Asphalt/Concrete", "estimated_temp_f": 120}, "geometry": {"type": "Polygon", "coordinates": [[[-98.18374, 26.194745], [-98.18373, 26.194745], [-98.18373, 26.194754], [-98.18374, 26.194754], [-98.18374, 26.194745]]]}}, {"type": "Feature", "properties": {"campus_id": "bowie", "surface_class": "Asphalt/Concrete", "estimated_temp_f": 120}, "geometry": {"type": "Polygon", "coordinates": [[[-98.18374, 26.194754], [-98.18373, 26.194754], [-98.18373, 26.194763], [-98.18374, 26.194763], [-98.18374, 26.194754]]]}}, {"type": "Feature", "properties": {"campus_id": "bowie", "surface_class": "Grass/Turf", "estimated_temp_f": 95}, "geometry": {"type": "Polygon", "coordinates": [[[-98.18374, 26.194763000000002], [-98.18373, 26.194763000000002], [-98.18373, 26.194772], [-98.18374, 26.194772], [-98.18374, 26.194763000000002]]]}}, {"type": "Feature", "properties": {"campus_id": "bowie", "surface_class": "Asphalt/Concrete", "estimated_temp_f": 120}, "geometry": {"type": "Polygon", "coordinates": [[[-98.18374, 26.194772], [-98.18373, 26.194772], [-98.18373, 26.194781], [-98.18374, 26.194781], [-98.18374, 26.194772]]]}}, {"type": "Feature", "properties": {"campus_id": "bowie", "surface_class": "Asphalt/Concrete", "estimated_temp_f": 120}, "geometry": {"type": "Polygon", "coordinates": [[[-98.18374, 26.194781], [-98.18373, 26.194781], [-98.18373, 26.194789999999998], [-98.18374, 26.194789999999998], [-98.18374, 26.194781]]]}}, {"type": "Feature", "properties": {"campus_id": "bowie", "surface_class": "Asphalt/Concrete", "estimated_temp_f": 120}, "geometry": {"type": "Polygon", "coordinates": [[[-98.18374, 26.19479], [-98.18373, 26.19479], [-98.18373, 26.194799], [-98.18374, 26.194799], [-98.18374, 26.19479]]]}}, {"type": "Feature", "properties": {"campus_id": "bowie", "surface_class": "Grass/Turf", "estimated_temp_f": 95}, "geometry": {"type": "Polygon", "coordinates": [[[-98.18374, 26.194799], [-98.18373, 26.194799], [-98.18373, 26.194808], [-98.18374, 26.194808], [-98.18374, 26.194799]]]}}, {"type": "Feature", "properties": {"campus_id": "bowie", "surface_class": "Asphalt/Concrete", "estimated_temp_f": 120}, "geometry": {"type": "Polygon", "coordinates": [[[-98.18374, 26.194808000000002], [-98.18373, 26.194808000000002], [-98.18373, 26.194817], [-98.18374, 26.194817], [-98.18374, 26.194808000000002]]]}}, {"type": "Feature", "properties": {"campus_id": "bowie", "surface_class": "Asphalt/Concrete", "estimated_temp_f": 120}, "geometry": {"type": "Polygon", "coordinates": [[[-98.18374, 26.194817], [-98.18373, 26.194817], [-98.18373, 26.194826], [-98.18374, 26.194826], [-98.18374, 26.194817]]]}}, {"type": "Feature", "properties": {"campus_id": "bowie", "surface_class": "Grass/Turf", "estimated_temp_f": 95}, "geometry": {"type": "Polygon", "coordinates": [[[-98.18374, 26.194826], [-98.18373, 26.194826], [-98.18373, 26.194834999999998], [-98.18374, 26.194834999999998], [-98.18374, 26.194826]]]}}, {"type": "Feature", "properties": {"campus_id": "bowie", "surface_class": "Asphalt/Concrete", "estimated_temp_f": 120}, "geometry": {"type": "Polygon", "coordinates": [[[-98.18374, 26.194835], [-98.18373, 26.194835], [-98.18373, 26.194844], [-98.18374, 26.194844], [-98.18374, 26.194835]]]}}, {"type": "Feature", "properties": {"campus_id": "bowie", "surface_class": "Asphalt/Concrete", "estimated_temp_f": 120}, "geometry": {"type": "Polygon", "coordinates": [[[-98.18374, 26.194844], [-98.18373, 26.194844], [-98.18373, 26.194853], [-98.18374, 26.194853], [-98.18374, 26.194844]]]}}, {"type": "Feature", "properties": {"campus_id": "bowie", "surface_class": "Asphalt/Concrete", "estimated_temp_f": 120}, "geometry": {"type": "Polygon", "coordinates": [[[-98.18374, 26.194853000000002], [-98.18373, 26.194853000000002], [-98.18373, 26.194862], [-98.18374, 26.194862], [-98.18374, 26.194853000000002]]]}}, {"type": "Feature", "properties": {"campus_id": "bowie", "surface_class": "Asphalt/Concrete", "estimated_temp_f": 120}, "geometry": {"type": "Polygon", "coordinates": [[[-98.18374, 26.194862], [-98.18373, 26.194862], [-98.18373, 26.194871], [-98.18374, 26.194871], [-98.18374, 26.194862]]]}}, {"type": "Feature", "properties": {"campus_id": "bowie", "surface_class": "Asphalt/Concrete", "estimated_temp_f": 120}, "geometry": {"type": "Polygon", "coordinates": [[[-98.18374, 26.194871], [-98.18373, 26.194871], [-98.18373, 26.194879999999998], [-98.18374, 26.194879999999998], [-98.18374, 26.194871]]]}}, {"type": "Feature", "properties": {"campus_id": "bowie", "surface_class": "Asphalt/Concrete", "estimated_temp_f": 120}, "geometry": {"type": "Polygon", "coordinates": [[[-98.18373000000001, 26.19452], [-98.18372000000001, 26.19452], [-98.18372000000001, 26.194529], [-98.18373000000001, 26.194529], [-98.18373000000001, 26.19452]]]}}, {"type": "Feature", "properties": {"campus_id": "bowie", "surface_class": "Asphalt/Concrete", "estimated_temp_f": 120}, "geometry": {"type": "Polygon", "coordinates": [[[-98.18373000000001, 26.194529], [-98.18372000000001, 26.194529], [-98.18372000000001, 26.194537999999998], [-98.18373000000001, 26.194537999999998], [-98.18373000000001, 26.194529]]]}}, {"type": "Feature", "properties": {"campus_id": "bowie", "surface_class": "Asphalt/Concrete", "estimated_temp_f": 120}, "geometry": {"type": "Polygon", "coordinates": [[[-98.18373000000001, 26.194538], [-98.18372000000001, 26.194538], [-98.18372000000001, 26.194547], [-98.18373000000001, 26.194547], [-98.18373000000001, 26.194538]]]}}, {"type": "Feature", "properties": {"campus_id": "bowie", "surface_class": "Asphalt/Concrete", "estimated_temp_f": 120}, "geometry": {"type": "Polygon", "coordinates": [[[-98.18373000000001, 26.194547], [-98.18372000000001, 26.194547], [-98.18372000000001, 26.194556], [-98.18373000000001, 26.194556], [-98.18373000000001, 26.194547]]]}}, {"type": "Feature", "properties": {"campus_id": "bowie", "surface_class": "Asphalt/Concrete", "estimated_temp_f": 120}, "geometry": {"type": "Polygon", "coordinates": [[[-98.18373000000001, 26.194556000000002], [-98.18372000000001, 26.194556000000002], [-98.18372000000001, 26.194565], [-98.18373000000001, 26.194565], [-98.18373000000001, 26.194556000000002]]]}}, {"type": "Feature", "properties": {"campus_id": "bowie", "surface_class": "Asphalt/Concrete", "estimated_temp_f": 120}, "geometry": {"type": "Polygon", "coordinates": [[[-98.18373000000001, 26.194565], [-98.18372000000001, 26.194565], [-98.18372000000001, 26.194574], [-98.18373000000001, 26.194574], [-98.18373000000001, 26.194565]]]}}, {"type": "Feature", "properties": {"campus_id": "bowie", "surface_class": "Asphalt/Concrete", "estimated_temp_f": 120}, "geometry": {"type": "Polygon", "coordinates": [[[-98.18373000000001, 26.194574], [-98.18372000000001, 26.194574], [-98.18372000000001, 26.194582999999998], [-98.18373000000001, 26.194582999999998], [-98.18373000000001, 26.194574]]]}}, {"type": "Feature", "properties": {"campus_id": "bowie", "surface_class": "Asphalt/Concrete", "estimated_temp_f": 120}, "geometry": {"type": "Polygon", "coordinates": [[[-98.18373000000001, 26.194583], [-98.18372000000001, 26.194583], [-98.18372000000001, 26.194592], [-98.18373000000001, 26.194592], [-98.18373000000001, 26.194583]]]}}, {"type": "Feature", "properties": {"campus_id": "bowie", "surface_class": "Grass/Turf", "estimated_temp_f": 95}, "geometry": {"type": "Polygon", "coordinates": [[[-98.18373000000001, 26.194592], [-98.18372000000001, 26.194592], [-98.18372000000001, 26.194601], [-98.18373000000001, 26.194601], [-98.18373000000001, 26.194592]]]}}, {"type": "Feature", "properties": {"campus_id": "bowie", "surface_class": "Asphalt/Concrete", "estimated_temp_f": 120}, "geometry": {"type": "Polygon", "coordinates": [[[-98.18373000000001, 26.194601000000002], [-98.18372000000001, 26.194601000000002], [-98.18372000000001, 26.19461], [-98.18373000000001, 26.19461], [-98.18373000000001, 26.194601000000002]]]}}, {"type": "Feature", "properties": {"campus_id": "bowie", "surface_class": "Asphalt/Concrete", "estimated_temp_f": 120}, "geometry": {"type": "Polygon", "coordinates": [[[-98.18373000000001, 26.19461], [-98.18372000000001, 26.19461], [-98.18372000000001, 26.194619], [-98.18373000000001, 26.194619], [-98.18373000000001, 26.19461]]]}}, {"type": "Feature", "properties": {"campus_id": "bowie", "surface_class": "Asphalt/Concrete", "estimated_temp_f": 120}, "geometry": {"type": "Polygon", "coordinates": [[[-98.18373000000001, 26.194619], [-98.18372000000001, 26.194619], [-98.18372000000001, 26.194627999999998], [-98.18373000000001, 26.194627999999998], [-98.18373000000001, 26.194619]]]}}, {"type": "Feature", "properties": {"campus_id": "bowie", "surface_class": "Asphalt/Concrete", "estimated_temp_f": 120}, "geometry": {"type": "Polygon", "coordinates": [[[-98.18373000000001, 26.194628], [-98.18372000000001, 26.194628], [-98.18372000000001, 26.194637], [-98.18373000000001, 26.194637], [-98.18373000000001, 26.194628]]]}}, {"type": "Feature", "properties": {"campus_id": "bowie", "surface_class": "Grass/Turf", "estimated_temp_f": 95}, "geometry": {"type": "Polygon", "coordinates": [[[-98.18373000000001, 26.194637], [-98.18372000000001, 26.194637], [-98.18372000000001, 26.194646], [-98.18373000000001, 26.194646], [-98.18373000000001, 26.194637]]]}}, {"type": "Feature", "properties": {"campus_id": "bowie", "surface_class": "Canopy", "estimated_temp_f": 85}, "geometry": {"type": "Polygon", "coordinates": [[[-98.18373000000001, 26.194646000000002], [-98.18372000000001, 26.194646000000002], [-98.18372000000001, 26.194655], [-98.18373000000001, 26.194655], [-98.18373000000001, 26.194646000000002]]]}}, {"type": "Feature", "properties": {"campus_id": "bowie", "surface_class": "Asphalt/Concrete", "estimated_temp_f": 120}, "geometry": {"type": "Polygon", "coordinates": [[[-98.18373000000001, 26.194655], [-98.18372000000001, 26.194655], [-98.18372000000001, 26.194664], [-98.18373000000001, 26.194664], [-98.18373000000001, 26.194655]]]}}, {"type": "Feature", "properties": {"campus_id": "bowie", "surface_class": "Asphalt/Concrete", "estimated_temp_f": 120}, "geometry": {"type": "Polygon", "coordinates": [[[-98.18373000000001, 26.194664], [-98.18372000000001, 26.194664], [-98.18372000000001, 26.194672999999998], [-98.18373000000001, 26.194672999999998], [-98.18373000000001, 26.194664]]]}}, {"type": "Feature", "properties": {"campus_id": "bowie", "surface_class": "Grass/Turf", "estimated_temp_f": 95}, "geometry": {"type": "Polygon", "coordinates": [[[-98.18373000000001, 26.194673], [-98.18372000000001, 26.194673], [-98.18372000000001, 26.194682], [-98.18373000000001, 26.194682], [-98.18373000000001, 26.194673]]]}}, {"type": "Feature", "properties": {"campus_id": "bowie", "surface_class": "Asphalt/Concrete", "estimated_temp_f": 120}, "geometry": {"type": "Polygon", "coordinates": [[[-98.18373000000001, 26.194682], [-98.18372000000001, 26.194682], [-98.18372000000001, 26.194691], [-98.18373000000001, 26.194691], [-98.18373000000001, 26.194682]]]}}, {"type": "Feature", "properties": {"campus_id": "bowie", "surface_class": "Asphalt/Concrete", "estimated_temp_f": 120}, "geometry": {"type": "Polygon", "coordinates": [[[-98.18373000000001, 26.194691000000002], [-98.18372000000001, 26.194691000000002], [-98.18372000000001, 26.1947], [-98.18373000000001, 26.1947], [-98.18373000000001, 26.194691000000002]]]}}, {"type": "Feature", "properties": {"campus_id": "bowie", "surface_class": "Asphalt/Concrete", "estimated_temp_f": 120}, "geometry": {"type": "Polygon", "coordinates": [[[-98.18373000000001, 26.1947], [-98.18372000000001, 26.1947], [-98.18372000000001, 26.194709], [-98.18373000000001, 26.194709], [-98.18373000000001, 26.1947]]]}}, {"type": "Feature", "properties": {"campus_id": "bowie", "surface_class": "Asphalt/Concrete", "estimated_temp_f": 120}, "geometry": {"type": "Polygon", "coordinates": [[[-98.18373000000001, 26.194709], [-98.18372000000001, 26.194709], [-98.18372000000001, 26.194717999999998], [-98.18373000000001, 26.194717999999998], [-98.18373000000001, 26.194709]]]}}, {"type": "Feature", "properties": {"campus_id": "bowie", "surface_class": "Asphalt/Concrete", "estimated_temp_f": 120}, "geometry": {"type": "Polygon", "coordinates": [[[-98.18373000000001, 26.194718], [-98.18372000000001, 26.194718], [-98.18372000000001, 26.194727], [-98.18373000000001, 26.194727], [-98.18373000000001, 26.194718]]]}}, {"type": "Feature", "properties": {"campus_id": "bowie", "surface_class": "Asphalt/Concrete", "estimated_temp_f": 120}, "geometry": {"type": "Polygon", "coordinates": [[[-98.18373000000001, 26.194727], [-98.18372000000001, 26.194727], [-98.18372000000001, 26.194736], [-98.18373000000001, 26.194736], [-98.18373000000001, 26.194727]]]}}, {"type": "Feature", "properties": {"campus_id": "bowie", "surface_class": "Grass/Turf", "estimated_temp_f": 95}, "geometry": {"type": "Polygon", "coordinates": [[[-98.18373000000001, 26.194736000000002], [-98.18372000000001, 26.194736000000002], [-98.18372000000001, 26.194745], [-98.18373000000001, 26.194745], [-98.18373000000001, 26.194736000000002]]]}}, {"type": "Feature", "properties": {"campus_id": "bowie", "surface_class": "Asphalt/Concrete", "estimated_temp_f": 120}, "geometry": {"type": "Polygon", "coordinates": [[[-98.18373000000001, 26.194745], [-98.18372000000001, 26.194745], [-98.18372000000001, 26.194754], [-98.18373000000001, 26.194754], [-98.18373000000001, 26.194745]]]}}, {"type": "Feature", "properties": {"campus_id": "bowie", "surface_class": "Asphalt/Concrete", "estimated_temp_f": 120}, "geometry": {"type": "Polygon", "coordinates": [[[-98.18373000000001, 26.194754], [-98.18372000000001, 26.194754], [-98.18372000000001, 26.194763], [-98.18373000000001, 26.194763], [-98.18373000000001, 26.194754]]]}}, {"type": "Feature", "properties": {"campus_id": "bowie", "surface_class": "Grass/Turf", "estimated_temp_f": 95}, "geometry": {"type": "Polygon", "coordinates": [[[-98.18373000000001, 26.194763000000002], [-98.18372000000001, 26.194763000000002], [-98.18372000000001, 26.194772], [-98.18373000000001, 26.194772], [-98.18373000000001, 26.194763000000002]]]}}, {"type": "Feature", "properties": {"campus_id": "bowie", "surface_class": "Asphalt/Concrete", "estimated_temp_f": 120}, "geometry": {"type": "Polygon", "coordinates": [[[-98.18373000000001, 26.194772], [-98.18372000000001, 26.194772], [-98.18372000000001, 26.194781], [-98.18373000000001, 26.194781], [-98.18373000000001, 26.194772]]]}}, {"type": "Feature", "properties": {"campus_id": "bowie", "surface_class": "Asphalt/Concrete", "estimated_temp_f": 120}, "geometry": {"type": "Polygon", "coordinates": [[[-98.18373000000001, 26.194781], [-98.18372000000001, 26.194781], [-98.18372000000001, 26.194789999999998], [-98.18373000000001, 26.194789999999998], [-98.18373000000001, 26.194781]]]}}, {"type": "Feature", "properties": {"campus_id": "bowie", "surface_class": "Asphalt/Concrete", "estimated_temp_f": 120}, "geometry": {"type": "Polygon", "coordinates": [[[-98.18373000000001, 26.19479], [-98.18372000000001, 26.19479], [-98.18372000000001, 26.194799], [-98.18373000000001, 26.194799], [-98.18373000000001, 26.19479]]]}}, {"type": "Feature", "properties": {"campus_id": "bowie", "surface_class": "Asphalt/Concrete", "estimated_temp_f": 120}, "geometry": {"type": "Polygon", "coordinates": [[[-98.18373000000001, 26.194799], [-98.18372000000001, 26.194799], [-98.18372000000001, 26.194808], [-98.18373000000001, 26.194808], [-98.18373000000001, 26.194799]]]}}, {"type": "Feature", "properties": {"campus_id": "bowie", "surface_class": "Grass/Turf", "estimated_temp_f": 95}, "geometry": {"type": "Polygon", "coordinates": [[[-98.18373000000001, 26.194808000000002], [-98.18372000000001, 26.194808000000002], [-98.18372000000001, 26.194817], [-98.18373000000001, 26.194817], [-98.18373000000001, 26.194808000000002]]]}}, {"type": "Feature", "properties": {"campus_id": "bowie", "surface_class": "Asphalt/Concrete", "estimated_temp_f": 120}, "geometry": {"type": "Polygon", "coordinates": [[[-98.18373000000001, 26.194817], [-98.18372000000001, 26.194817], [-98.18372000000001, 26.194826], [-98.18373000000001, 26.194826], [-98.18373000000001, 26.194817]]]}}, {"type": "Feature", "properties": {"campus_id": "bowie", "surface_class": "Asphalt/Concrete", "estimated_temp_f": 120}, "geometry": {"type": "Polygon", "coordinates": [[[-98.18373000000001, 26.194826], [-98.18372000000001, 26.194826], [-98.18372000000001, 26.194834999999998], [-98.18373000000001, 26.194834999999998], [-98.18373000000001, 26.194826]]]}}, {"type": "Feature", "properties": {"campus_id": "bowie", "surface_class": "Asphalt/Concrete", "estimated_temp_f": 120}, "geometry": {"type": "Polygon", "coordinates": [[[-98.18373000000001, 26.194835], [-98.18372000000001, 26.194835], [-98.18372000000001, 26.194844], [-98.18373000000001, 26.194844], [-98.18373000000001, 26.194835]]]}}, {"type": "Feature", "properties": {"campus_id": "bowie", "surface_class": "Asphalt/Concrete", "estimated_temp_f": 120}, "geometry": {"type": "Polygon", "coordinates": [[[-98.18373000000001, 26.194844], [-98.18372000000001, 26.194844], [-98.18372000000001, 26.194853], [-98.18373000000001, 26.194853], [-98.18373000000001, 26.194844]]]}}, {"type": "Feature", "properties": {"campus_id": "bowie", "surface_class": "Asphalt/Concrete", "estimated_temp_f": 120}, "geometry": {"type": "Polygon", "coordinates": [[[-98.18373000000001, 26.194853000000002], [-98.18372000000001, 26.194853000000002], [-98.18372000000001, 26.194862], [-98.18373000000001, 26.194862], [-98.18373000000001, 26.194853000000002]]]}}, {"type": "Feature", "properties": {"campus_id": "bowie", "surface_class": "Asphalt/Concrete", "estimated_temp_f": 120}, "geometry": {"type": "Polygon", "coordinates": [[[-98.18373000000001, 26.194862], [-98.18372000000001, 26.194862], [-98.18372000000001, 26.194871], [-98.18373000000001, 26.194871], [-98.18373000000001, 26.194862]]]}}, {"type": "Feature", "properties": {"campus_id": "bowie", "surface_class": "Asphalt/Concrete", "estimated_temp_f": 120}, "geometry": {"type": "Polygon", "coordinates": [[[-98.18373000000001, 26.194871], [-98.18372000000001, 26.194871], [-98.18372000000001, 26.194879999999998], [-98.18373000000001, 26.194879999999998], [-98.18373000000001, 26.194871]]]}}, {"type": "Feature", "properties": {"campus_id": "bowie", "surface_class": "Asphalt/Concrete", "estimated_temp_f": 120}, "geometry": {"type": "Polygon", "coordinates": [[[-98.18372000000001, 26.19452], [-98.18371, 26.19452], [-98.18371, 26.194529], [-98.18372000000001, 26.194529], [-98.18372000000001, 26.19452]]]}}, {"type": "Feature", "properties": {"campus_id": "bowie", "surface_class": "Asphalt/Concrete", "estimated_temp_f": 120}, "geometry": {"type": "Polygon", "coordinates": [[[-98.18372000000001, 26.194529], [-98.18371, 26.194529], [-98.18371, 26.194537999999998], [-98.18372000000001, 26.194537999999998], [-98.18372000000001, 26.194529]]]}}, {"type": "Feature", "properties": {"campus_id": "bowie", "surface_class": "Asphalt/Concrete", "estimated_temp_f": 120}, "geometry": {"type": "Polygon", "coordinates": [[[-98.18372000000001, 26.194538], [-98.18371, 26.194538], [-98.18371, 26.194547], [-98.18372000000001, 26.194547], [-98.18372000000001, 26.194538]]]}}, {"type": "Feature", "properties": {"campus_id": "bowie", "surface_class": "Asphalt/Concrete", "estimated_temp_f": 120}, "geometry": {"type": "Polygon", "coordinates": [[[-98.18372000000001, 26.194547], [-98.18371, 26.194547], [-98.18371, 26.194556], [-98.18372000000001, 26.194556], [-98.18372000000001, 26.194547]]]}}, {"type": "Feature", "properties": {"campus_id": "bowie", "surface_class": "Grass/Turf", "estimated_temp_f": 95}, "geometry": {"type": "Polygon", "coordinates": [[[-98.18372000000001, 26.194556000000002], [-98.18371, 26.194556000000002], [-98.18371, 26.194565], [-98.18372000000001, 26.194565], [-98.18372000000001, 26.194556000000002]]]}}, {"type": "Feature", "properties": {"campus_id": "bowie", "surface_class": "Asphalt/Concrete", "estimated_temp_f": 120}, "geometry": {"type": "Polygon", "coordinates": [[[-98.18372000000001, 26.194565], [-98.18371, 26.194565], [-98.18371, 26.194574], [-98.18372000000001, 26.194574], [-98.18372000000001, 26.194565]]]}}, {"type": "Feature", "properties": {"campus_id": "bowie", "surface_class": "Grass/Turf", "estimated_temp_f": 95}, "geometry": {"type": "Polygon", "coordinates": [[[-98.18372000000001, 26.194574], [-98.18371, 26.194574], [-98.18371, 26.194582999999998], [-98.18372000000001, 26.194582999999998], [-98.18372000000001, 26.194574]]]}}, {"type": "Feature", "properties": {"campus_id": "bowie", "surface_class": "Asphalt/Concrete", "estimated_temp_f": 120}, "geometry": {"type": "Polygon", "coordinates": [[[-98.18372000000001, 26.194583], [-98.18371, 26.194583], [-98.18371, 26.194592], [-98.18372000000001, 26.194592], [-98.18372000000001, 26.194583]]]}}, {"type": "Feature", "properties": {"campus_id": "bowie", "surface_class": "Asphalt/Concrete", "estimated_temp_f": 120}, "geometry": {"type": "Polygon", "coordinates": [[[-98.18372000000001, 26.194592], [-98.18371, 26.194592], [-98.18371, 26.194601], [-98.18372000000001, 26.194601], [-98.18372000000001, 26.194592]]]}}, {"type": "Feature", "properties": {"campus_id": "bowie", "surface_class": "Asphalt/Concrete", "estimated_temp_f": 120}, "geometry": {"type": "Polygon", "coordinates": [[[-98.18372000000001, 26.194601000000002], [-98.18371, 26.194601000000002], [-98.18371, 26.19461], [-98.18372000000001, 26.19461], [-98.18372000000001, 26.194601000000002]]]}}, {"type": "Feature", "properties": {"campus_id": "bowie", "surface_class": "Asphalt/Concrete", "estimated_temp_f": 120}, "geometry": {"type": "Polygon", "coordinates": [[[-98.18372000000001, 26.19461], [-98.18371, 26.19461], [-98.18371, 26.194619], [-98.18372000000001, 26.194619], [-98.18372000000001, 26.19461]]]}}, {"type": "Feature", "properties": {"campus_id": "bowie", "surface_class": "Asphalt/Concrete", "estimated_temp_f": 120}, "geometry": {"type": "Polygon", "coordinates": [[[-98.18372000000001, 26.194619], [-98.18371, 26.194619], [-98.18371, 26.194627999999998], [-98.18372000000001, 26.194627999999998], [-98.18372000000001, 26.194619]]]}}, {"type": "Feature", "properties": {"campus_id": "bowie", "surface_class": "Asphalt/Concrete", "estimated_temp_f": 120}, "geometry": {"type": "Polygon", "coordinates": [[[-98.18372000000001, 26.194628], [-98.18371, 26.194628], [-98.18371, 26.194637], [-98.18372000000001, 26.194637], [-98.18372000000001, 26.194628]]]}}, {"type": "Feature", "properties": {"campus_id": "bowie", "surface_class": "Asphalt/Concrete", "estimated_temp_f": 120}, "geometry": {"type": "Polygon", "coordinates": [[[-98.18372000000001, 26.194637], [-98.18371, 26.194637], [-98.18371, 26.194646], [-98.18372000000001, 26.194646], [-98.18372000000001, 26.194637]]]}}, {"type": "Feature", "properties": {"campus_id": "bowie", "surface_class": "Asphalt/Concrete", "estimated_temp_f": 120}, "geometry": {"type": "Polygon", "coordinates": [[[-98.18372000000001, 26.194646000000002], [-98.18371, 26.194646000000002], [-98.18371, 26.194655], [-98.18372000000001, 26.194655], [-98.18372000000001, 26.194646000000002]]]}}, {"type": "Feature", "properties": {"campus_id": "bowie", "surface_class": "Asphalt/Concrete", "estimated_temp_f": 120}, "geometry": {"type": "Polygon", "coordinates": [[[-98.18372000000001, 26.194655], [-98.18371, 26.194655], [-98.18371, 26.194664], [-98.18372000000001, 26.194664], [-98.18372000000001, 26.194655]]]}}, {"type": "Feature", "properties": {"campus_id": "bowie", "surface_class": "Asphalt/Concrete", "estimated_temp_f": 120}, "geometry": {"type": "Polygon", "coordinates": [[[-98.18372000000001, 26.194664], [-98.18371, 26.194664], [-98.18371, 26.194672999999998], [-98.18372000000001, 26.194672999999998], [-98.18372000000001, 26.194664]]]}}, {"type": "Feature", "properties": {"campus_id": "bowie", "surface_class": "Asphalt/Concrete", "estimated_temp_f": 120}, "geometry": {"type": "Polygon", "coordinates": [[[-98.18372000000001, 26.194673], [-98.18371, 26.194673], [-98.18371, 26.194682], [-98.18372000000001, 26.194682], [-98.18372000000001, 26.194673]]]}}, {"type": "Feature", "properties": {"campus_id": "bowie", "surface_class": "Asphalt/Concrete", "estimated_temp_f": 120}, "geometry": {"type": "Polygon", "coordinates": [[[-98.18372000000001, 26.194682], [-98.18371, 26.194682], [-98.18371, 26.194691], [-98.18372000000001, 26.194691], [-98.18372000000001, 26.194682]]]}}, {"type": "Feature", "properties": {"campus_id": "bowie", "surface_class": "Asphalt/Concrete", "estimated_temp_f": 120}, "geometry": {"type": "Polygon", "coordinates": [[[-98.18372000000001, 26.194691000000002], [-98.18371, 26.194691000000002], [-98.18371, 26.1947], [-98.18372000000001, 26.1947], [-98.18372000000001, 26.194691000000002]]]}}, {"type": "Feature", "properties": {"campus_id": "bowie", "surface_class": "Asphalt/Concrete", "estimated_temp_f": 120}, "geometry": {"type": "Polygon", "coordinates": [[[-98.18372000000001, 26.1947], [-98.18371, 26.1947], [-98.18371, 26.194709], [-98.18372000000001, 26.194709], [-98.18372000000001, 26.1947]]]}}, {"type": "Feature", "properties": {"campus_id": "bowie", "surface_class": "Asphalt/Concrete", "estimated_temp_f": 120}, "geometry": {"type": "Polygon", "coordinates": [[[-98.18372000000001, 26.194709], [-98.18371, 26.194709], [-98.18371, 26.194717999999998], [-98.18372000000001, 26.194717999999998], [-98.18372000000001, 26.194709]]]}}, {"type": "Feature", "properties": {"campus_id": "bowie", "surface_class": "Asphalt/Concrete", "estimated_temp_f": 120}, "geometry": {"type": "Polygon", "coordinates": [[[-98.18372000000001, 26.194718], [-98.18371, 26.194718], [-98.18371, 26.194727], [-98.18372000000001, 26.194727], [-98.18372000000001, 26.194718]]]}}, {"type": "Feature", "properties": {"campus_id": "bowie", "surface_class": "Asphalt/Concrete", "estimated_temp_f": 120}, "geometry": {"type": "Polygon", "coordinates": [[[-98.18372000000001, 26.194727], [-98.18371, 26.194727], [-98.18371, 26.194736], [-98.18372000000001, 26.194736], [-98.18372000000001, 26.194727]]]}}, {"type": "Feature", "properties": {"campus_id": "bowie", "surface_class": "Grass/Turf", "estimated_temp_f": 95}, "geometry": {"type": "Polygon", "coordinates": [[[-98.18372000000001, 26.194736000000002], [-98.18371, 26.194736000000002], [-98.18371, 26.194745], [-98.18372000000001, 26.194745], [-98.18372000000001, 26.194736000000002]]]}}, {"type": "Feature", "properties": {"campus_id": "bowie", "surface_class": "Asphalt/Concrete", "estimated_temp_f": 120}, "geometry": {"type": "Polygon", "coordinates": [[[-98.18372000000001, 26.194745], [-98.18371, 26.194745], [-98.18371, 26.194754], [-98.18372000000001, 26.194754], [-98.18372000000001, 26.194745]]]}}, {"type": "Feature", "properties": {"campus_id": "bowie", "surface_class": "Asphalt/Concrete", "estimated_temp_f": 120}, "geometry": {"type": "Polygon", "coordinates": [[[-98.18372000000001, 26.194754], [-98.18371, 26.194754], [-98.18371, 26.194763], [-98.18372000000001, 26.194763], [-98.18372000000001, 26.194754]]]}}, {"type": "Feature", "properties": {"campus_id": "bowie", "surface_class": "Asphalt/Concrete", "estimated_temp_f": 120}, "geometry": {"type": "Polygon", "coordinates": [[[-98.18372000000001, 26.194763000000002], [-98.18371, 26.194763000000002], [-98.18371, 26.194772], [-98.18372000000001, 26.194772], [-98.18372000000001, 26.194763000000002]]]}}, {"type": "Feature", "properties": {"campus_id": "bowie", "surface_class": "Canopy", "estimated_temp_f": 85}, "geometry": {"type": "Polygon", "coordinates": [[[-98.18372000000001, 26.194772], [-98.18371, 26.194772], [-98.18371, 26.194781], [-98.18372000000001, 26.194781], [-98.18372000000001, 26.194772]]]}}, {"type": "Feature", "properties": {"campus_id": "bowie", "surface_class": "Asphalt/Concrete", "estimated_temp_f": 120}, "geometry": {"type": "Polygon", "coordinates": [[[-98.18372000000001, 26.194781], [-98.18371, 26.194781], [-98.18371, 26.194789999999998], [-98.18372000000001, 26.194789999999998], [-98.18372000000001, 26.194781]]]}}, {"type": "Feature", "properties": {"campus_id": "bowie", "surface_class": "Asphalt/Concrete", "estimated_temp_f": 120}, "geometry": {"type": "Polygon", "coordinates": [[[-98.18372000000001, 26.19479], [-98.18371, 26.19479], [-98.18371, 26.194799], [-98.18372000000001, 26.194799], [-98.18372000000001, 26.19479]]]}}, {"type": "Feature", "properties": {"campus_id": "bowie", "surface_class": "Grass/Turf", "estimated_temp_f": 95}, "geometry": {"type": "Polygon", "coordinates": [[[-98.18372000000001, 26.194799], [-98.18371, 26.194799], [-98.18371, 26.194808], [-98.18372000000001, 26.194808], [-98.18372000000001, 26.194799]]]}}, {"type": "Feature", "properties": {"campus_id": "bowie", "surface_class": "Asphalt/Concrete", "estimated_temp_f": 120}, "geometry": {"type": "Polygon", "coordinates": [[[-98.18372000000001, 26.194808000000002], [-98.18371, 26.194808000000002], [-98.18371, 26.194817], [-98.18372000000001, 26.194817], [-98.18372000000001, 26.194808000000002]]]}}, {"type": "Feature", "properties": {"campus_id": "bowie", "surface_class": "Asphalt/Concrete", "estimated_temp_f": 120}, "geometry": {"type": "Polygon", "coordinates": [[[-98.18372000000001, 26.194817], [-98.18371, 26.194817], [-98.18371, 26.194826], [-98.18372000000001, 26.194826], [-98.18372000000001, 26.194817]]]}}, {"type": "Feature", "properties": {"campus_id": "bowie", "surface_class": "Asphalt/Concrete", "estimated_temp_f": 120}, "geometry": {"type": "Polygon", "coordinates": [[[-98.18372000000001, 26.194826], [-98.18371, 26.194826], [-98.18371, 26.194834999999998], [-98.18372000000001, 26.194834999999998], [-98.18372000000001, 26.194826]]]}}, {"type": "Feature", "properties": {"campus_id": "bowie", "surface_class": "Asphalt/Concrete", "estimated_temp_f": 120}, "geometry": {"type": "Polygon", "coordinates": [[[-98.18372000000001, 26.194835], [-98.18371, 26.194835], [-98.18371, 26.194844], [-98.18372000000001, 26.194844], [-98.18372000000001, 26.194835]]]}}, {"type": "Feature", "properties": {"campus_id": "bowie", "surface_class": "Asphalt/Concrete", "estimated_temp_f": 120}, "geometry": {"type": "Polygon", "coordinates": [[[-98.18372000000001, 26.194844], [-98.18371, 26.194844], [-98.18371, 26.194853], [-98.18372000000001, 26.194853], [-98.18372000000001, 26.194844]]]}}, {"type": "Feature", "properties": {"campus_id": "bowie", "surface_class": "Asphalt/Concrete", "estimated_temp_f": 120}, "geometry": {"type": "Polygon", "coordinates": [[[-98.18372000000001, 26.194853000000002], [-98.18371, 26.194853000000002], [-98.18371, 26.194862], [-98.18372000000001, 26.194862], [-98.18372000000001, 26.194853000000002]]]}}, {"type": "Feature", "properties": {"campus_id": "bowie", "surface_class": "Asphalt/Concrete", "estimated_temp_f": 120}, "geometry": {"type": "Polygon", "coordinates": [[[-98.18372000000001, 26.194862], [-98.18371, 26.194862], [-98.18371, 26.194871], [-98.18372000000001, 26.194871], [-98.18372000000001, 26.194862]]]}}, {"type": "Feature", "properties": {"campus_id": "bowie", "surface_class": "Grass/Turf", "estimated_temp_f": 95}, "geometry": {"type": "Polygon", "coordinates": [[[-98.18372000000001, 26.194871], [-98.18371, 26.194871], [-98.18371, 26.194879999999998], [-98.18372000000001, 26.194879999999998], [-98.18372000000001, 26.194871]]]}}, {"type": "Feature", "properties": {"campus_id": "bowie", "surface_class": "Asphalt/Concrete", "estimated_temp_f": 120}, "geometry": {"type": "Polygon", "coordinates": [[[-98.18371, 26.19452], [-98.1837, 26.19452], [-98.1837, 26.194529], [-98.18371, 26.194529], [-98.18371, 26.19452]]]}}, {"type": "Feature", "properties": {"campus_id": "bowie", "surface_class": "Grass/Turf", "estimated_temp_f": 95}, "geometry": {"type": "Polygon", "coordinates": [[[-98.18371, 26.194529], [-98.1837, 26.194529], [-98.1837, 26.194537999999998], [-98.18371, 26.194537999999998], [-98.18371, 26.194529]]]}}, {"type": "Feature", "properties": {"campus_id": "bowie", "surface_class": "Asphalt/Concrete", "estimated_temp_f": 120}, "geometry": {"type": "Polygon", "coordinates": [[[-98.18371, 26.194538], [-98.1837, 26.194538], [-98.1837, 26.194547], [-98.18371, 26.194547], [-98.18371, 26.194538]]]}}, {"type": "Feature", "properties": {"campus_id": "bowie", "surface_class": "Asphalt/Concrete", "estimated_temp_f": 120}, "geometry": {"type": "Polygon", "coordinates": [[[-98.18371, 26.194547], [-98.1837, 26.194547], [-98.1837, 26.194556], [-98.18371, 26.194556], [-98.18371, 26.194547]]]}}, {"type": "Feature", "properties": {"campus_id": "bowie", "surface_class": "Asphalt/Concrete", "estimated_temp_f": 120}, "geometry": {"type": "Polygon", "coordinates": [[[-98.18371, 26.194556000000002], [-98.1837, 26.194556000000002], [-98.1837, 26.194565], [-98.18371, 26.194565], [-98.18371, 26.194556000000002]]]}}, {"type": "Feature", "properties": {"campus_id": "bowie", "surface_class": "Asphalt/Concrete", "estimated_temp_f": 120}, "geometry": {"type": "Polygon", "coordinates": [[[-98.18371, 26.194565], [-98.1837, 26.194565], [-98.1837, 26.194574], [-98.18371, 26.194574], [-98.18371, 26.194565]]]}}, {"type": "Feature", "properties": {"campus_id": "bowie", "surface_class": "Grass/Turf", "estimated_temp_f": 95}, "geometry": {"type": "Polygon", "coordinates": [[[-98.18371, 26.194574], [-98.1837, 26.194574], [-98.1837, 26.194582999999998], [-98.18371, 26.194582999999998], [-98.18371, 26.194574]]]}}, {"type": "Feature", "properties": {"campus_id": "bowie", "surface_class": "Asphalt/Concrete", "estimated_temp_f": 120}, "geometry": {"type": "Polygon", "coordinates": [[[-98.18371, 26.194583], [-98.1837, 26.194583], [-98.1837, 26.194592], [-98.18371, 26.194592], [-98.18371, 26.194583]]]}}, {"type": "Feature", "properties": {"campus_id": "bowie", "surface_class": "Asphalt/Concrete", "estimated_temp_f": 120}, "geometry": {"type": "Polygon", "coordinates": [[[-98.18371, 26.194592], [-98.1837, 26.194592], [-98.1837, 26.194601], [-98.18371, 26.194601], [-98.18371, 26.194592]]]}}, {"type": "Feature", "properties": {"campus_id": "bowie", "surface_class": "Asphalt/Concrete", "estimated_temp_f": 120}, "geometry": {"type": "Polygon", "coordinates": [[[-98.18371, 26.194601000000002], [-98.1837, 26.194601000000002], [-98.1837, 26.19461], [-98.18371, 26.19461], [-98.18371, 26.194601000000002]]]}}, {"type": "Feature", "properties": {"campus_id": "bowie", "surface_class": "Asphalt/Concrete", "estimated_temp_f": 120}, "geometry": {"type": "Polygon", "coordinates": [[[-98.18371, 26.19461], [-98.1837, 26.19461], [-98.1837, 26.194619], [-98.18371, 26.194619], [-98.18371, 26.19461]]]}}, {"type": "Feature", "properties": {"campus_id": "bowie", "surface_class": "Grass/Turf", "estimated_temp_f": 95}, "geometry": {"type": "Polygon", "coordinates": [[[-98.18371, 26.194619], [-98.1837, 26.194619], [-98.1837, 26.194627999999998], [-98.18371, 26.194627999999998], [-98.18371, 26.194619]]]}}, {"type": "Feature", "properties": {"campus_id": "bowie", "surface_class": "Grass/Turf", "estimated_temp_f": 95}, "geometry": {"type": "Polygon", "coordinates": [[[-98.18371, 26.194628], [-98.1837, 26.194628], [-98.1837, 26.194637], [-98.18371, 26.194637], [-98.18371, 26.194628]]]}}, {"type": "Feature", "properties": {"campus_id": "bowie", "surface_class": "Asphalt/Concrete", "estimated_temp_f": 120}, "geometry": {"type": "Polygon", "coordinates": [[[-98.18371, 26.194637], [-98.1837, 26.194637], [-98.1837, 26.194646], [-98.18371, 26.194646], [-98.18371, 26.194637]]]}}, {"type": "Feature", "properties": {"campus_id": "bowie", "surface_class": "Asphalt/Concrete", "estimated_temp_f": 120}, "geometry": {"type": "Polygon", "coordinates": [[[-98.18371, 26.194646000000002], [-98.1837, 26.194646000000002], [-98.1837, 26.194655], [-98.18371, 26.194655], [-98.18371, 26.194646000000002]]]}}, {"type": "Feature", "properties": {"campus_id": "bowie", "surface_class": "Asphalt/Concrete", "estimated_temp_f": 120}, "geometry": {"type": "Polygon", "coordinates": [[[-98.18371, 26.194655], [-98.1837, 26.194655], [-98.1837, 26.194664], [-98.18371, 26.194664], [-98.18371, 26.194655]]]}}, {"type": "Feature", "properties": {"campus_id": "bowie", "surface_class": "Grass/Turf", "estimated_temp_f": 95}, "geometry": {"type": "Polygon", "coordinates": [[[-98.18371, 26.194664], [-98.1837, 26.194664], [-98.1837, 26.194672999999998], [-98.18371, 26.194672999999998], [-98.18371, 26.194664]]]}}, {"type": "Feature", "properties": {"campus_id": "bowie", "surface_class": "Grass/Turf", "estimated_temp_f": 95}, "geometry": {"type": "Polygon", "coordinates": [[[-98.18371, 26.194673], [-98.1837, 26.194673], [-98.1837, 26.194682], [-98.18371, 26.194682], [-98.18371, 26.194673]]]}}, {"type": "Feature", "properties": {"campus_id": "bowie", "surface_class": "Asphalt/Concrete", "estimated_temp_f": 120}, "geometry": {"type": "Polygon", "coordinates": [[[-98.18371, 26.194682], [-98.1837, 26.194682], [-98.1837, 26.194691], [-98.18371, 26.194691], [-98.18371, 26.194682]]]}}, {"type": "Feature", "properties": {"campus_id": "bowie", "surface_class": "Canopy", "estimated_temp_f": 85}, "geometry": {"type": "Polygon", "coordinates": [[[-98.18371, 26.194691000000002], [-98.1837, 26.194691000000002], [-98.1837, 26.1947], [-98.18371, 26.1947], [-98.18371, 26.194691000000002]]]}}, {"type": "Feature", "properties": {"campus_id": "bowie", "surface_class": "Asphalt/Concrete", "estimated_temp_f": 120}, "geometry": {"type": "Polygon", "coordinates": [[[-98.18371, 26.1947], [-98.1837, 26.1947], [-98.1837, 26.194709], [-98.18371, 26.194709], [-98.18371, 26.1947]]]}}, {"type": "Feature", "properties": {"campus_id": "bowie", "surface_class": "Asphalt/Concrete", "estimated_temp_f": 120}, "geometry": {"type": "Polygon", "coordinates": [[[-98.18371, 26.194709], [-98.1837, 26.194709], [-98.1837, 26.194717999999998], [-98.18371, 26.194717999999998], [-98.18371, 26.194709]]]}}, {"type": "Feature", "properties": {"campus_id": "bowie", "surface_class": "Grass/Turf", "estimated_temp_f": 95}, "geometry": {"type": "Polygon", "coordinates": [[[-98.18371, 26.194718], [-98.1837, 26.194718], [-98.1837, 26.194727], [-98.18371, 26.194727], [-98.18371, 26.194718]]]}}, {"type": "Feature", "properties": {"campus_id": "bowie", "surface_class": "Asphalt/Concrete", "estimated_temp_f": 120}, "geometry": {"type": "Polygon", "coordinates": [[[-98.18371, 26.194727], [-98.1837, 26.194727], [-98.1837, 26.194736], [-98.18371, 26.194736], [-98.18371, 26.194727]]]}}, {"type": "Feature", "properties": {"campus_id": "bowie", "surface_class": "Asphalt/Concrete", "estimated_temp_f": 120}, "geometry": {"type": "Polygon", "coordinates": [[[-98.18371, 26.194736000000002], [-98.1837, 26.194736000000002], [-98.1837, 26.194745], [-98.18371, 26.194745], [-98.18371, 26.194736000000002]]]}}, {"type": "Feature", "properties": {"campus_id": "bowie", "surface_class": "Asphalt/Concrete", "estimated_temp_f": 120}, "geometry": {"type": "Polygon", "coordinates": [[[-98.18371, 26.194745], [-98.1837, 26.194745], [-98.1837, 26.194754], [-98.18371, 26.194754], [-98.18371, 26.194745]]]}}, {"type": "Feature", "properties": {"campus_id": "bowie", "surface_class": "Asphalt/Concrete", "estimated_temp_f": 120}, "geometry": {"type": "Polygon", "coordinates": [[[-98.18371, 26.194754], [-98.1837, 26.194754], [-98.1837, 26.194763], [-98.18371, 26.194763], [-98.18371, 26.194754]]]}}, {"type": "Feature", "properties": {"campus_id": "bowie", "surface_class": "Asphalt/Concrete", "estimated_temp_f": 120}, "geometry": {"type": "Polygon", "coordinates": [[[-98.18371, 26.194763000000002], [-98.1837, 26.194763000000002], [-98.1837, 26.194772], [-98.18371, 26.194772], [-98.18371, 26.194763000000002]]]}}, {"type": "Feature", "properties": {"campus_id": "bowie", "surface_class": "Asphalt/Concrete", "estimated_temp_f": 120}, "geometry": {"type": "Polygon", "coordinates": [[[-98.18371, 26.194772], [-98.1837, 26.194772], [-98.1837, 26.194781], [-98.18371, 26.194781], [-98.18371, 26.194772]]]}}, {"type": "Feature", "properties": {"campus_id": "bowie", "surface_class": "Canopy", "estimated_temp_f": 85}, "geometry": {"type": "Polygon", "coordinates": [[[-98.18371, 26.194781], [-98.1837, 26.194781], [-98.1837, 26.194789999999998], [-98.18371, 26.194789999999998], [-98.18371, 26.194781]]]}}, {"type": "Feature", "properties": {"campus_id": "bowie", "surface_class": "Asphalt/Concrete", "estimated_temp_f": 120}, "geometry": {"type": "Polygon", "coordinates": [[[-98.18371, 26.19479], [-98.1837, 26.19479], [-98.1837, 26.194799], [-98.18371, 26.194799], [-98.18371, 26.19479]]]}}, {"type": "Feature", "properties": {"campus_id": "bowie", "surface_class": "Asphalt/Concrete", "estimated_temp_f": 120}, "geometry": {"type": "Polygon", "coordinates": [[[-98.18371, 26.194799], [-98.1837, 26.194799], [-98.1837, 26.194808], [-98.18371, 26.194808], [-98.18371, 26.194799]]]}}, {"type": "Feature", "properties": {"campus_id": "bowie", "surface_class": "Asphalt/Concrete", "estimated_temp_f": 120}, "geometry": {"type": "Polygon", "coordinates": [[[-98.18371, 26.194808000000002], [-98.1837, 26.194808000000002], [-98.1837, 26.194817], [-98.18371, 26.194817], [-98.18371, 26.194808000000002]]]}}, {"type": "Feature", "properties": {"campus_id": "bowie", "surface_class": "Asphalt/Concrete", "estimated_temp_f": 120}, "geometry": {"type": "Polygon", "coordinates": [[[-98.18371, 26.194817], [-98.1837, 26.194817], [-98.1837, 26.194826], [-98.18371, 26.194826], [-98.18371, 26.194817]]]}}, {"type": "Feature", "properties": {"campus_id": "bowie", "surface_class": "Asphalt/Concrete", "estimated_temp_f": 120}, "geometry": {"type": "Polygon", "coordinates": [[[-98.18371, 26.194826], [-98.1837, 26.194826], [-98.1837, 26.194834999999998], [-98.18371, 26.194834999999998], [-98.18371, 26.194826]]]}}, {"type": "Feature", "properties": {"campus_id": "bowie", "surface_class": "Canopy", "estimated_temp_f": 85}, "geometry": {"type": "Polygon", "coordinates": [[[-98.18371, 26.194835], [-98.1837, 26.194835], [-98.1837, 26.194844], [-98.18371, 26.194844], [-98.18371, 26.194835]]]}}, {"type": "Feature", "properties": {"campus_id": "bowie", "surface_class": "Grass/Turf", "estimated_temp_f": 95}, "geometry": {"type": "Polygon", "coordinates": [[[-98.18371, 26.194844], [-98.1837, 26.194844], [-98.1837, 26.194853], [-98.18371, 26.194853], [-98.18371, 26.194844]]]}}, {"type": "Feature", "properties": {"campus_id": "bowie", "surface_class": "Grass/Turf", "estimated_temp_f": 95}, "geometry": {"type": "Polygon", "coordinates": [[[-98.18371, 26.194853000000002], [-98.1837, 26.194853000000002], [-98.1837, 26.194862], [-98.18371, 26.194862], [-98.18371, 26.194853000000002]]]}}, {"type": "Feature", "properties": {"campus_id": "bowie", "surface_class": "Asphalt/Concrete", "estimated_temp_f": 120}, "geometry": {"type": "Polygon", "coordinates": [[[-98.18371, 26.194862], [-98.1837, 26.194862], [-98.1837, 26.194871], [-98.18371, 26.194871], [-98.18371, 26.194862]]]}}, {"type": "Feature", "properties": {"campus_id": "bowie", "surface_class": "Asphalt/Concrete", "estimated_temp_f": 120}, "geometry": {"type": "Polygon", "coordinates": [[[-98.18371, 26.194871], [-98.1837, 26.194871], [-98.1837, 26.194879999999998], [-98.18371, 26.194879999999998], [-98.18371, 26.194871]]]}}, {"type": "Feature", "properties": {"campus_id": "bowie", "surface_class": "Asphalt/Concrete", "estimated_temp_f": 120}, "geometry": {"type": "Polygon", "coordinates": [[[-98.1837, 26.19452], [-98.18369, 26.19452], [-98.18369, 26.194529], [-98.1837, 26.194529], [-98.1837, 26.19452]]]}}, {"type": "Feature", "properties": {"campus_id": "bowie", "surface_class": "Asphalt/Concrete", "estimated_temp_f": 120}, "geometry": {"type": "Polygon", "coordinates": [[[-98.1837, 26.194529], [-98.18369, 26.194529], [-98.18369, 26.194537999999998], [-98.1837, 26.194537999999998], [-98.1837, 26.194529]]]}}, {"type": "Feature", "properties": {"campus_id": "bowie", "surface_class": "Asphalt/Concrete", "estimated_temp_f": 120}, "geometry": {"type": "Polygon", "coordinates": [[[-98.1837, 26.194538], [-98.18369, 26.194538], [-98.18369, 26.194547], [-98.1837, 26.194547], [-98.1837, 26.194538]]]}}, {"type": "Feature", "properties": {"campus_id": "bowie", "surface_class": "Asphalt/Concrete", "estimated_temp_f": 120}, "geometry": {"type": "Polygon", "coordinates": [[[-98.1837, 26.194547], [-98.18369, 26.194547], [-98.18369, 26.194556], [-98.1837, 26.194556], [-98.1837, 26.194547]]]}}, {"type": "Feature", "properties": {"campus_id": "bowie", "surface_class": "Asphalt/Concrete", "estimated_temp_f": 120}, "geometry": {"type": "Polygon", "coordinates": [[[-98.1837, 26.194556000000002], [-98.18369, 26.194556000000002], [-98.18369, 26.194565], [-98.1837, 26.194565], [-98.1837, 26.194556000000002]]]}}, {"type": "Feature", "properties": {"campus_id": "bowie", "surface_class": "Asphalt/Concrete", "estimated_temp_f": 120}, "geometry": {"type": "Polygon", "coordinates": [[[-98.1837, 26.194565], [-98.18369, 26.194565], [-98.18369, 26.194574], [-98.1837, 26.194574], [-98.1837, 26.194565]]]}}, {"type": "Feature", "properties": {"campus_id": "bowie", "surface_class": "Asphalt/Concrete", "estimated_temp_f": 120}, "geometry": {"type": "Polygon", "coordinates": [[[-98.1837, 26.194574], [-98.18369, 26.194574], [-98.18369, 26.194582999999998], [-98.1837, 26.194582999999998], [-98.1837, 26.194574]]]}}, {"type": "Feature", "properties": {"campus_id": "bowie", "surface_class": "Asphalt/Concrete", "estimated_temp_f": 120}, "geometry": {"type": "Polygon", "coordinates": [[[-98.1837, 26.194583], [-98.18369, 26.194583], [-98.18369, 26.194592], [-98.1837, 26.194592], [-98.1837, 26.194583]]]}}, {"type": "Feature", "properties": {"campus_id": "bowie", "surface_class": "Asphalt/Concrete", "estimated_temp_f": 120}, "geometry": {"type": "Polygon", "coordinates": [[[-98.1837, 26.194592], [-98.18369, 26.194592], [-98.18369, 26.194601], [-98.1837, 26.194601], [-98.1837, 26.194592]]]}}, {"type": "Feature", "properties": {"campus_id": "bowie", "surface_class": "Asphalt/Concrete", "estimated_temp_f": 120}, "geometry": {"type": "Polygon", "coordinates": [[[-98.1837, 26.194601000000002], [-98.18369, 26.194601000000002], [-98.18369, 26.19461], [-98.1837, 26.19461], [-98.1837, 26.194601000000002]]]}}, {"type": "Feature", "properties": {"campus_id": "bowie", "surface_class": "Asphalt/Concrete", "estimated_temp_f": 120}, "geometry": {"type": "Polygon", "coordinates": [[[-98.1837, 26.19461], [-98.18369, 26.19461], [-98.18369, 26.194619], [-98.1837, 26.194619], [-98.1837, 26.19461]]]}}, {"type": "Feature", "properties": {"campus_id": "bowie", "surface_class": "Canopy", "estimated_temp_f": 85}, "geometry": {"type": "Polygon", "coordinates": [[[-98.1837, 26.194619], [-98.18369, 26.194619], [-98.18369, 26.194627999999998], [-98.1837, 26.194627999999998], [-98.1837, 26.194619]]]}}, {"type": "Feature", "properties": {"campus_id": "bowie", "surface_class": "Asphalt/Concrete", "estimated_temp_f": 120}, "geometry": {"type": "Polygon", "coordinates": [[[-98.1837, 26.194628], [-98.18369, 26.194628], [-98.18369, 26.194637], [-98.1837, 26.194637], [-98.1837, 26.194628]]]}}, {"type": "Feature", "properties": {"campus_id": "bowie", "surface_class": "Asphalt/Concrete", "estimated_temp_f": 120}, "geometry": {"type": "Polygon", "coordinates": [[[-98.1837, 26.194637], [-98.18369, 26.194637], [-98.18369, 26.194646], [-98.1837, 26.194646], [-98.1837, 26.194637]]]}}, {"type": "Feature", "properties": {"campus_id": "bowie", "surface_class": "Asphalt/Concrete", "estimated_temp_f": 120}, "geometry": {"type": "Polygon", "coordinates": [[[-98.1837, 26.194646000000002], [-98.18369, 26.194646000000002], [-98.18369, 26.194655], [-98.1837, 26.194655], [-98.1837, 26.194646000000002]]]}}, {"type": "Feature", "properties": {"campus_id": "bowie", "surface_class": "Asphalt/Concrete", "estimated_temp_f": 120}, "geometry": {"type": "Polygon", "coordinates": [[[-98.1837, 26.194655], [-98.18369, 26.194655], [-98.18369, 26.194664], [-98.1837, 26.194664], [-98.1837, 26.194655]]]}}, {"type": "Feature", "properties": {"campus_id": "bowie", "surface_class": "Asphalt/Concrete", "estimated_temp_f": 120}, "geometry": {"type": "Polygon", "coordinates": [[[-98.1837, 26.194664], [-98.18369, 26.194664], [-98.18369, 26.194672999999998], [-98.1837, 26.194672999999998], [-98.1837, 26.194664]]]}}, {"type": "Feature", "properties": {"campus_id": "bowie", "surface_class": "Asphalt/Concrete", "estimated_temp_f": 120}, "geometry": {"type": "Polygon", "coordinates": [[[-98.1837, 26.194673], [-98.18369, 26.194673], [-98.18369, 26.194682], [-98.1837, 26.194682], [-98.1837, 26.194673]]]}}, {"type": "Feature", "properties": {"campus_id": "bowie", "surface_class": "Asphalt/Concrete", "estimated_temp_f": 120}, "geometry": {"type": "Polygon", "coordinates": [[[-98.1837, 26.194682], [-98.18369, 26.194682], [-98.18369, 26.194691], [-98.1837, 26.194691], [-98.1837, 26.194682]]]}}, {"type": "Feature", "properties": {"campus_id": "bowie", "surface_class": "Asphalt/Concrete", "estimated_temp_f": 120}, "geometry": {"type": "Polygon", "coordinates": [[[-98.1837, 26.194691000000002], [-98.18369, 26.194691000000002], [-98.18369, 26.1947], [-98.1837, 26.1947], [-98.1837, 26.194691000000002]]]}}, {"type": "Feature", "properties": {"campus_id": "bowie", "surface_class": "Asphalt/Concrete", "estimated_temp_f": 120}, "geometry": {"type": "Polygon", "coordinates": [[[-98.1837, 26.1947], [-98.18369, 26.1947], [-98.18369, 26.194709], [-98.1837, 26.194709], [-98.1837, 26.1947]]]}}, {"type": "Feature", "properties": {"campus_id": "bowie", "surface_class": "Asphalt/Concrete", "estimated_temp_f": 120}, "geometry": {"type": "Polygon", "coordinates": [[[-98.1837, 26.194709], [-98.18369, 26.194709], [-98.18369, 26.194717999999998], [-98.1837, 26.194717999999998], [-98.1837, 26.194709]]]}}, {"type": "Feature", "properties": {"campus_id": "bowie", "surface_class": "Grass/Turf", "estimated_temp_f": 95}, "geometry": {"type": "Polygon", "coordinates": [[[-98.1837, 26.194718], [-98.18369, 26.194718], [-98.18369, 26.194727], [-98.1837, 26.194727], [-98.1837, 26.194718]]]}}, {"type": "Feature", "properties": {"campus_id": "bowie", "surface_class": "Asphalt/Concrete", "estimated_temp_f": 120}, "geometry": {"type": "Polygon", "coordinates": [[[-98.1837, 26.194727], [-98.18369, 26.194727], [-98.18369, 26.194736], [-98.1837, 26.194736], [-98.1837, 26.194727]]]}}, {"type": "Feature", "properties": {"campus_id": "bowie", "surface_class": "Asphalt/Concrete", "estimated_temp_f": 120}, "geometry": {"type": "Polygon", "coordinates": [[[-98.1837, 26.194736000000002], [-98.18369, 26.194736000000002], [-98.18369, 26.194745], [-98.1837, 26.194745], [-98.1837, 26.194736000000002]]]}}, {"type": "Feature", "properties": {"campus_id": "bowie", "surface_class": "Canopy", "estimated_temp_f": 85}, "geometry": {"type": "Polygon", "coordinates": [[[-98.1837, 26.194745], [-98.18369, 26.194745], [-98.18369, 26.194754], [-98.1837, 26.194754], [-98.1837, 26.194745]]]}}, {"type": "Feature", "properties": {"campus_id": "bowie", "surface_class": "Asphalt/Concrete", "estimated_temp_f": 120}, "geometry": {"type": "Polygon", "coordinates": [[[-98.1837, 26.194754], [-98.18369, 26.194754], [-98.18369, 26.194763], [-98.1837, 26.194763], [-98.1837, 26.194754]]]}}, {"type": "Feature", "properties": {"campus_id": "bowie", "surface_class": "Asphalt/Concrete", "estimated_temp_f": 120}, "geometry": {"type": "Polygon", "coordinates": [[[-98.1837, 26.194763000000002], [-98.18369, 26.194763000000002], [-98.18369, 26.194772], [-98.1837, 26.194772], [-98.1837, 26.194763000000002]]]}}, {"type": "Feature", "properties": {"campus_id": "bowie", "surface_class": "Asphalt/Concrete", "estimated_temp_f": 120}, "geometry": {"type": "Polygon", "coordinates": [[[-98.1837, 26.194772], [-98.18369, 26.194772], [-98.18369, 26.194781], [-98.1837, 26.194781], [-98.1837, 26.194772]]]}}, {"type": "Feature", "properties": {"campus_id": "bowie", "surface_class": "Asphalt/Concrete", "estimated_temp_f": 120}, "geometry": {"type": "Polygon", "coordinates": [[[-98.1837, 26.194781], [-98.18369, 26.194781], [-98.18369, 26.194789999999998], [-98.1837, 26.194789999999998], [-98.1837, 26.194781]]]}}, {"type": "Feature", "properties": {"campus_id": "bowie", "surface_class": "Asphalt/Concrete", "estimated_temp_f": 120}, "geometry": {"type": "Polygon", "coordinates": [[[-98.1837, 26.19479], [-98.18369, 26.19479], [-98.18369, 26.194799], [-98.1837, 26.194799], [-98.1837, 26.19479]]]}}, {"type": "Feature", "properties": {"campus_id": "bowie", "surface_class": "Grass/Turf", "estimated_temp_f": 95}, "geometry": {"type": "Polygon", "coordinates": [[[-98.1837, 26.194799], [-98.18369, 26.194799], [-98.18369, 26.194808], [-98.1837, 26.194808], [-98.1837, 26.194799]]]}}, {"type": "Feature", "properties": {"campus_id": "bowie", "surface_class": "Asphalt/Concrete", "estimated_temp_f": 120}, "geometry": {"type": "Polygon", "coordinates": [[[-98.1837, 26.194808000000002], [-98.18369, 26.194808000000002], [-98.18369, 26.194817], [-98.1837, 26.194817], [-98.1837, 26.194808000000002]]]}}, {"type": "Feature", "properties": {"campus_id": "bowie", "surface_class": "Asphalt/Concrete", "estimated_temp_f": 120}, "geometry": {"type": "Polygon", "coordinates": [[[-98.1837, 26.194817], [-98.18369, 26.194817], [-98.18369, 26.194826], [-98.1837, 26.194826], [-98.1837, 26.194817]]]}}, {"type": "Feature", "properties": {"campus_id": "bowie", "surface_class": "Asphalt/Concrete", "estimated_temp_f": 120}, "geometry": {"type": "Polygon", "coordinates": [[[-98.1837, 26.194826], [-98.18369, 26.194826], [-98.18369, 26.194834999999998], [-98.1837, 26.194834999999998], [-98.1837, 26.194826]]]}}, {"type": "Feature", "properties": {"campus_id": "bowie", "surface_class": "Asphalt/Concrete", "estimated_temp_f": 120}, "geometry": {"type": "Polygon", "coordinates": [[[-98.1837, 26.194835], [-98.18369, 26.194835], [-98.18369, 26.194844], [-98.1837, 26.194844], [-98.1837, 26.194835]]]}}, {"type": "Feature", "properties": {"campus_id": "bowie", "surface_class": "Grass/Turf", "estimated_temp_f": 95}, "geometry": {"type": "Polygon", "coordinates": [[[-98.1837, 26.194844], [-98.18369, 26.194844], [-98.18369, 26.194853], [-98.1837, 26.194853], [-98.1837, 26.194844]]]}}, {"type": "Feature", "properties": {"campus_id": "bowie", "surface_class": "Asphalt/Concrete", "estimated_temp_f": 120}, "geometry": {"type": "Polygon", "coordinates": [[[-98.1837, 26.194853000000002], [-98.18369, 26.194853000000002], [-98.18369, 26.194862], [-98.1837, 26.194862], [-98.1837, 26.194853000000002]]]}}, {"type": "Feature", "properties": {"campus_id": "bowie", "surface_class": "Asphalt/Concrete", "estimated_temp_f": 120}, "geometry": {"type": "Polygon", "coordinates": [[[-98.1837, 26.194862], [-98.18369, 26.194862], [-98.18369, 26.194871], [-98.1837, 26.194871], [-98.1837, 26.194862]]]}}, {"type": "Feature", "properties": {"campus_id": "bowie", "surface_class": "Asphalt/Concrete", "estimated_temp_f": 120}, "geometry": {"type": "Polygon", "coordinates": [[[-98.1837, 26.194871], [-98.18369, 26.194871], [-98.18369, 26.194879999999998], [-98.1837, 26.194879999999998], [-98.1837, 26.194871]]]}}, {"type": "Feature", "properties": {"campus_id": "bowie", "surface_class": "Grass/Turf", "estimated_temp_f": 95}, "geometry": {"type": "Polygon", "coordinates": [[[-98.18369, 26.19452], [-98.18368, 26.19452], [-98.18368, 26.194529], [-98.18369, 26.194529], [-98.18369, 26.19452]]]}}, {"type": "Feature", "properties": {"campus_id": "bowie", "surface_class": "Asphalt/Concrete", "estimated_temp_f": 120}, "geometry": {"type": "Polygon", "coordinates": [[[-98.18369, 26.194529], [-98.18368, 26.194529], [-98.18368, 26.194537999999998], [-98.18369, 26.194537999999998], [-98.18369, 26.194529]]]}}, {"type": "Feature", "properties": {"campus_id": "bowie", "surface_class": "Asphalt/Concrete", "estimated_temp_f": 120}, "geometry": {"type": "Polygon", "coordinates": [[[-98.18369, 26.194538], [-98.18368, 26.194538], [-98.18368, 26.194547], [-98.18369, 26.194547], [-98.18369, 26.194538]]]}}, {"type": "Feature", "properties": {"campus_id": "bowie", "surface_class": "Asphalt/Concrete", "estimated_temp_f": 120}, "geometry": {"type": "Polygon", "coordinates": [[[-98.18369, 26.194547], [-98.18368, 26.194547], [-98.18368, 26.194556], [-98.18369, 26.194556], [-98.18369, 26.194547]]]}}, {"type": "Feature", "properties": {"campus_id": "bowie", "surface_class": "Asphalt/Concrete", "estimated_temp_f": 120}, "geometry": {"type": "Polygon", "coordinates": [[[-98.18369, 26.194556000000002], [-98.18368, 26.194556000000002], [-98.18368, 26.194565], [-98.18369, 26.194565], [-98.18369, 26.194556000000002]]]}}, {"type": "Feature", "properties": {"campus_id": "bowie", "surface_class": "Asphalt/Concrete", "estimated_temp_f": 120}, "geometry": {"type": "Polygon", "coordinates": [[[-98.18369, 26.194565], [-98.18368, 26.194565], [-98.18368, 26.194574], [-98.18369, 26.194574], [-98.18369, 26.194565]]]}}, {"type": "Feature", "properties": {"campus_id": "bowie", "surface_class": "Asphalt/Concrete", "estimated_temp_f": 120}, "geometry": {"type": "Polygon", "coordinates": [[[-98.18369, 26.194574], [-98.18368, 26.194574], [-98.18368, 26.194582999999998], [-98.18369, 26.194582999999998], [-98.18369, 26.194574]]]}}, {"type": "Feature", "properties": {"campus_id": "bowie", "surface_class": "Asphalt/Concrete", "estimated_temp_f": 120}, "geometry": {"type": "Polygon", "coordinates": [[[-98.18369, 26.194583], [-98.18368, 26.194583], [-98.18368, 26.194592], [-98.18369, 26.194592], [-98.18369, 26.194583]]]}}, {"type": "Feature", "properties": {"campus_id": "bowie", "surface_class": "Asphalt/Concrete", "estimated_temp_f": 120}, "geometry": {"type": "Polygon", "coordinates": [[[-98.18369, 26.194592], [-98.18368, 26.194592], [-98.18368, 26.194601], [-98.18369, 26.194601], [-98.18369, 26.194592]]]}}, {"type": "Feature", "properties": {"campus_id": "bowie", "surface_class": "Asphalt/Concrete", "estimated_temp_f": 120}, "geometry": {"type": "Polygon", "coordinates": [[[-98.18369, 26.194601000000002], [-98.18368, 26.194601000000002], [-98.18368, 26.19461], [-98.18369, 26.19461], [-98.18369, 26.194601000000002]]]}}, {"type": "Feature", "properties": {"campus_id": "bowie", "surface_class": "Grass/Turf", "estimated_temp_f": 95}, "geometry": {"type": "Polygon", "coordinates": [[[-98.18369, 26.19461], [-98.18368, 26.19461], [-98.18368, 26.194619], [-98.18369, 26.194619], [-98.18369, 26.19461]]]}}, {"type": "Feature", "properties": {"campus_id": "bowie", "surface_class": "Grass/Turf", "estimated_temp_f": 95}, "geometry": {"type": "Polygon", "coordinates": [[[-98.18369, 26.194619], [-98.18368, 26.194619], [-98.18368, 26.194627999999998], [-98.18369, 26.194627999999998], [-98.18369, 26.194619]]]}}, {"type": "Feature", "properties": {"campus_id": "bowie", "surface_class": "Grass/Turf", "estimated_temp_f": 95}, "geometry": {"type": "Polygon", "coordinates": [[[-98.18369, 26.194628], [-98.18368, 26.194628], [-98.18368, 26.194637], [-98.18369, 26.194637], [-98.18369, 26.194628]]]}}, {"type": "Feature", "properties": {"campus_id": "bowie", "surface_class": "Grass/Turf", "estimated_temp_f": 95}, "geometry": {"type": "Polygon", "coordinates": [[[-98.18369, 26.194637], [-98.18368, 26.194637], [-98.18368, 26.194646], [-98.18369, 26.194646], [-98.18369, 26.194637]]]}}, {"type": "Feature", "properties": {"campus_id": "bowie", "surface_class": "Asphalt/Concrete", "estimated_temp_f": 120}, "geometry": {"type": "Polygon", "coordinates": [[[-98.18369, 26.194646000000002], [-98.18368, 26.194646000000002], [-98.18368, 26.194655], [-98.18369, 26.194655], [-98.18369, 26.194646000000002]]]}}, {"type": "Feature", "properties": {"campus_id": "bowie", "surface_class": "Asphalt/Concrete", "estimated_temp_f": 120}, "geometry": {"type": "Polygon", "coordinates": [[[-98.18369, 26.194655], [-98.18368, 26.194655], [-98.18368, 26.194664], [-98.18369, 26.194664], [-98.18369, 26.194655]]]}}, {"type": "Feature", "properties": {"campus_id": "bowie", "surface_class": "Asphalt/Concrete", "estimated_temp_f": 120}, "geometry": {"type": "Polygon", "coordinates": [[[-98.18369, 26.194664], [-98.18368, 26.194664], [-98.18368, 26.194672999999998], [-98.18369, 26.194672999999998], [-98.18369, 26.194664]]]}}, {"type": "Feature", "properties": {"campus_id": "bowie", "surface_class": "Asphalt/Concrete", "estimated_temp_f": 120}, "geometry": {"type": "Polygon", "coordinates": [[[-98.18369, 26.194673], [-98.18368, 26.194673], [-98.18368, 26.194682], [-98.18369, 26.194682], [-98.18369, 26.194673]]]}}, {"type": "Feature", "properties": {"campus_id": "bowie", "surface_class": "Asphalt/Concrete", "estimated_temp_f": 120}, "geometry": {"type": "Polygon", "coordinates": [[[-98.18369, 26.194682], [-98.18368, 26.194682], [-98.18368, 26.194691], [-98.18369, 26.194691], [-98.18369, 26.194682]]]}}, {"type": "Feature", "properties": {"campus_id": "bowie", "surface_class": "Asphalt/Concrete", "estimated_temp_f": 120}, "geometry": {"type": "Polygon", "coordinates": [[[-98.18369, 26.194691000000002], [-98.18368, 26.194691000000002], [-98.18368, 26.1947], [-98.18369, 26.1947], [-98.18369, 26.194691000000002]]]}}, {"type": "Feature", "properties": {"campus_id": "bowie", "surface_class": "Asphalt/Concrete", "estimated_temp_f": 120}, "geometry": {"type": "Polygon", "coordinates": [[[-98.18369, 26.1947], [-98.18368, 26.1947], [-98.18368, 26.194709], [-98.18369, 26.194709], [-98.18369, 26.1947]]]}}, {"type": "Feature", "properties": {"campus_id": "bowie", "surface_class": "Asphalt/Concrete", "estimated_temp_f": 120}, "geometry": {"type": "Polygon", "coordinates": [[[-98.18369, 26.194709], [-98.18368, 26.194709], [-98.18368, 26.194717999999998], [-98.18369, 26.194717999999998], [-98.18369, 26.194709]]]}}, {"type": "Feature", "properties": {"campus_id": "bowie", "surface_class": "Grass/Turf", "estimated_temp_f": 95}, "geometry": {"type": "Polygon", "coordinates": [[[-98.18369, 26.194718], [-98.18368, 26.194718], [-98.18368, 26.194727], [-98.18369, 26.194727], [-98.18369, 26.194718]]]}}, {"type": "Feature", "properties": {"campus_id": "bowie", "surface_class": "Asphalt/Concrete", "estimated_temp_f": 120}, "geometry": {"type": "Polygon", "coordinates": [[[-98.18369, 26.194727], [-98.18368, 26.194727], [-98.18368, 26.194736], [-98.18369, 26.194736], [-98.18369, 26.194727]]]}}, {"type": "Feature", "properties": {"campus_id": "bowie", "surface_class": "Asphalt/Concrete", "estimated_temp_f": 120}, "geometry": {"type": "Polygon", "coordinates": [[[-98.18369, 26.194736000000002], [-98.18368, 26.194736000000002], [-98.18368, 26.194745], [-98.18369, 26.194745], [-98.18369, 26.194736000000002]]]}}, {"type": "Feature", "properties": {"campus_id": "bowie", "surface_class": "Grass/Turf", "estimated_temp_f": 95}, "geometry": {"type": "Polygon", "coordinates": [[[-98.18369, 26.194745], [-98.18368, 26.194745], [-98.18368, 26.194754], [-98.18369, 26.194754], [-98.18369, 26.194745]]]}}, {"type": "Feature", "properties": {"campus_id": "bowie", "surface_class": "Asphalt/Concrete", "estimated_temp_f": 120}, "geometry": {"type": "Polygon", "coordinates": [[[-98.18369, 26.194754], [-98.18368, 26.194754], [-98.18368, 26.194763], [-98.18369, 26.194763], [-98.18369, 26.194754]]]}}, {"type": "Feature", "properties": {"campus_id": "bowie", "surface_class": "Grass/Turf", "estimated_temp_f": 95}, "geometry": {"type": "Polygon", "coordinates": [[[-98.18369, 26.194763000000002], [-98.18368, 26.194763000000002], [-98.18368, 26.194772], [-98.18369, 26.194772], [-98.18369, 26.194763000000002]]]}}, {"type": "Feature", "properties": {"campus_id": "bowie", "surface_class": "Asphalt/Concrete", "estimated_temp_f": 120}, "geometry": {"type": "Polygon", "coordinates": [[[-98.18369, 26.194772], [-98.18368, 26.194772], [-98.18368, 26.194781], [-98.18369, 26.194781], [-98.18369, 26.194772]]]}}, {"type": "Feature", "properties": {"campus_id": "bowie", "surface_class": "Asphalt/Concrete", "estimated_temp_f": 120}, "geometry": {"type": "Polygon", "coordinates": [[[-98.18369, 26.194781], [-98.18368, 26.194781], [-98.18368, 26.194789999999998], [-98.18369, 26.194789999999998], [-98.18369, 26.194781]]]}}, {"type": "Feature", "properties": {"campus_id": "bowie", "surface_class": "Asphalt/Concrete", "estimated_temp_f": 120}, "geometry": {"type": "Polygon", "coordinates": [[[-98.18369, 26.19479], [-98.18368, 26.19479], [-98.18368, 26.194799], [-98.18369, 26.194799], [-98.18369, 26.19479]]]}}, {"type": "Feature", "properties": {"campus_id": "bowie", "surface_class": "Grass/Turf", "estimated_temp_f": 95}, "geometry": {"type": "Polygon", "coordinates": [[[-98.18369, 26.194799], [-98.18368, 26.194799], [-98.18368, 26.194808], [-98.18369, 26.194808], [-98.18369, 26.194799]]]}}, {"type": "Feature", "properties": {"campus_id": "bowie", "surface_class": "Asphalt/Concrete", "estimated_temp_f": 120}, "geometry": {"type": "Polygon", "coordinates": [[[-98.18369, 26.194808000000002], [-98.18368, 26.194808000000002], [-98.18368, 26.194817], [-98.18369, 26.194817], [-98.18369, 26.194808000000002]]]}}, {"type": "Feature", "properties": {"campus_id": "bowie", "surface_class": "Asphalt/Concrete", "estimated_temp_f": 120}, "geometry": {"type": "Polygon", "coordinates": [[[-98.18369, 26.194817], [-98.18368, 26.194817], [-98.18368, 26.194826], [-98.18369, 26.194826], [-98.18369, 26.194817]]]}}, {"type": "Feature", "properties": {"campus_id": "bowie", "surface_class": "Asphalt/Concrete", "estimated_temp_f": 120}, "geometry": {"type": "Polygon", "coordinates": [[[-98.18369, 26.194826], [-98.18368, 26.194826], [-98.18368, 26.194834999999998], [-98.18369, 26.194834999999998], [-98.18369, 26.194826]]]}}, {"type": "Feature", "properties": {"campus_id": "bowie", "surface_class": "Asphalt/Concrete", "estimated_temp_f": 120}, "geometry": {"type": "Polygon", "coordinates": [[[-98.18369, 26.194835], [-98.18368, 26.194835], [-98.18368, 26.194844], [-98.18369, 26.194844], [-98.18369, 26.194835]]]}}, {"type": "Feature", "properties": {"campus_id": "bowie", "surface_class": "Asphalt/Concrete", "estimated_temp_f": 120}, "geometry": {"type": "Polygon", "coordinates": [[[-98.18369, 26.194844], [-98.18368, 26.194844], [-98.18368, 26.194853], [-98.18369, 26.194853], [-98.18369, 26.194844]]]}}, {"type": "Feature", "properties": {"campus_id": "bowie", "surface_class": "Asphalt/Concrete", "estimated_temp_f": 120}, "geometry": {"type": "Polygon", "coordinates": [[[-98.18369, 26.194853000000002], [-98.18368, 26.194853000000002], [-98.18368, 26.194862], [-98.18369, 26.194862], [-98.18369, 26.194853000000002]]]}}, {"type": "Feature", "properties": {"campus_id": "bowie", "surface_class": "Asphalt/Concrete", "estimated_temp_f": 120}, "geometry": {"type": "Polygon", "coordinates": [[[-98.18369, 26.194862], [-98.18368, 26.194862], [-98.18368, 26.194871], [-98.18369, 26.194871], [-98.18369, 26.194862]]]}}, {"type": "Feature", "properties": {"campus_id": "bowie", "surface_class": "Asphalt/Concrete", "estimated_temp_f": 120}, "geometry": {"type": "Polygon", "coordinates": [[[-98.18369, 26.194871], [-98.18368, 26.194871], [-98.18368, 26.194879999999998], [-98.18369, 26.194879999999998], [-98.18369, 26.194871]]]}}, {"type": "Feature", "properties": {"campus_id": "bowie", "surface_class": "Asphalt/Concrete", "estimated_temp_f": 120}, "geometry": {"type": "Polygon", "coordinates": [[[-98.18368000000001, 26.19452], [-98.18367, 26.19452], [-98.18367, 26.194529], [-98.18368000000001, 26.194529], [-98.18368000000001, 26.19452]]]}}, {"type": "Feature", "properties": {"campus_id": "bowie", "surface_class": "Asphalt/Concrete", "estimated_temp_f": 120}, "geometry": {"type": "Polygon", "coordinates": [[[-98.18368000000001, 26.194529], [-98.18367, 26.194529], [-98.18367, 26.194537999999998], [-98.18368000000001, 26.194537999999998], [-98.18368000000001, 26.194529]]]}}, {"type": "Feature", "properties": {"campus_id": "bowie", "surface_class": "Asphalt/Concrete", "estimated_temp_f": 120}, "geometry": {"type": "Polygon", "coordinates": [[[-98.18368000000001, 26.194538], [-98.18367, 26.194538], [-98.18367, 26.194547], [-98.18368000000001, 26.194547], [-98.18368000000001, 26.194538]]]}}, {"type": "Feature", "properties": {"campus_id": "bowie", "surface_class": "Asphalt/Concrete", "estimated_temp_f": 120}, "geometry": {"type": "Polygon", "coordinates": [[[-98.18368000000001, 26.194547], [-98.18367, 26.194547], [-98.18367, 26.194556], [-98.18368000000001, 26.194556], [-98.18368000000001, 26.194547]]]}}, {"type": "Feature", "properties": {"campus_id": "bowie", "surface_class": "Asphalt/Concrete", "estimated_temp_f": 120}, "geometry": {"type": "Polygon", "coordinates": [[[-98.18368000000001, 26.194556000000002], [-98.18367, 26.194556000000002], [-98.18367, 26.194565], [-98.18368000000001, 26.194565], [-98.18368000000001, 26.194556000000002]]]}}, {"type": "Feature", "properties": {"campus_id": "bowie", "surface_class": "Asphalt/Concrete", "estimated_temp_f": 120}, "geometry": {"type": "Polygon", "coordinates": [[[-98.18368000000001, 26.194565], [-98.18367, 26.194565], [-98.18367, 26.194574], [-98.18368000000001, 26.194574], [-98.18368000000001, 26.194565]]]}}, {"type": "Feature", "properties": {"campus_id": "bowie", "surface_class": "Asphalt/Concrete", "estimated_temp_f": 120}, "geometry": {"type": "Polygon", "coordinates": [[[-98.18368000000001, 26.194574], [-98.18367, 26.194574], [-98.18367, 26.194582999999998], [-98.18368000000001, 26.194582999999998], [-98.18368000000001, 26.194574]]]}}, {"type": "Feature", "properties": {"campus_id": "bowie", "surface_class": "Asphalt/Concrete", "estimated_temp_f": 120}, "geometry": {"type": "Polygon", "coordinates": [[[-98.18368000000001, 26.194583], [-98.18367, 26.194583], [-98.18367, 26.194592], [-98.18368000000001, 26.194592], [-98.18368000000001, 26.194583]]]}}, {"type": "Feature", "properties": {"campus_id": "bowie", "surface_class": "Asphalt/Concrete", "estimated_temp_f": 120}, "geometry": {"type": "Polygon", "coordinates": [[[-98.18368000000001, 26.194592], [-98.18367, 26.194592], [-98.18367, 26.194601], [-98.18368000000001, 26.194601], [-98.18368000000001, 26.194592]]]}}, {"type": "Feature", "properties": {"campus_id": "bowie", "surface_class": "Asphalt/Concrete", "estimated_temp_f": 120}, "geometry": {"type": "Polygon", "coordinates": [[[-98.18368000000001, 26.194601000000002], [-98.18367, 26.194601000000002], [-98.18367, 26.19461], [-98.18368000000001, 26.19461], [-98.18368000000001, 26.194601000000002]]]}}, {"type": "Feature", "properties": {"campus_id": "bowie", "surface_class": "Asphalt/Concrete", "estimated_temp_f": 120}, "geometry": {"type": "Polygon", "coordinates": [[[-98.18368000000001, 26.19461], [-98.18367, 26.19461], [-98.18367, 26.194619], [-98.18368000000001, 26.194619], [-98.18368000000001, 26.19461]]]}}, {"type": "Feature", "properties": {"campus_id": "bowie", "surface_class": "Grass/Turf", "estimated_temp_f": 95}, "geometry": {"type": "Polygon", "coordinates": [[[-98.18368000000001, 26.194619], [-98.18367, 26.194619], [-98.18367, 26.194627999999998], [-98.18368000000001, 26.194627999999998], [-98.18368000000001, 26.194619]]]}}, {"type": "Feature", "properties": {"campus_id": "bowie", "surface_class": "Grass/Turf", "estimated_temp_f": 95}, "geometry": {"type": "Polygon", "coordinates": [[[-98.18368000000001, 26.194628], [-98.18367, 26.194628], [-98.18367, 26.194637], [-98.18368000000001, 26.194637], [-98.18368000000001, 26.194628]]]}}, {"type": "Feature", "properties": {"campus_id": "bowie", "surface_class": "Asphalt/Concrete", "estimated_temp_f": 120}, "geometry": {"type": "Polygon", "coordinates": [[[-98.18368000000001, 26.194637], [-98.18367, 26.194637], [-98.18367, 26.194646], [-98.18368000000001, 26.194646], [-98.18368000000001, 26.194637]]]}}, {"type": "Feature", "properties": {"campus_id": "bowie", "surface_class": "Asphalt/Concrete", "estimated_temp_f": 120}, "geometry": {"type": "Polygon", "coordinates": [[[-98.18368000000001, 26.194646000000002], [-98.18367, 26.194646000000002], [-98.18367, 26.194655], [-98.18368000000001, 26.194655], [-98.18368000000001, 26.194646000000002]]]}}, {"type": "Feature", "properties": {"campus_id": "bowie", "surface_class": "Asphalt/Concrete", "estimated_temp_f": 120}, "geometry": {"type": "Polygon", "coordinates": [[[-98.18368000000001, 26.194655], [-98.18367, 26.194655], [-98.18367, 26.194664], [-98.18368000000001, 26.194664], [-98.18368000000001, 26.194655]]]}}, {"type": "Feature", "properties": {"campus_id": "bowie", "surface_class": "Asphalt/Concrete", "estimated_temp_f": 120}, "geometry": {"type": "Polygon", "coordinates": [[[-98.18368000000001, 26.194664], [-98.18367, 26.194664], [-98.18367, 26.194672999999998], [-98.18368000000001, 26.194672999999998], [-98.18368000000001, 26.194664]]]}}, {"type": "Feature", "properties": {"campus_id": "bowie", "surface_class": "Asphalt/Concrete", "estimated_temp_f": 120}, "geometry": {"type": "Polygon", "coordinates": [[[-98.18368000000001, 26.194673], [-98.18367, 26.194673], [-98.18367, 26.194682], [-98.18368000000001, 26.194682], [-98.18368000000001, 26.194673]]]}}, {"type": "Feature", "properties": {"campus_id": "bowie", "surface_class": "Grass/Turf", "estimated_temp_f": 95}, "geometry": {"type": "Polygon", "coordinates": [[[-98.18368000000001, 26.194682], [-98.18367, 26.194682], [-98.18367, 26.194691], [-98.18368000000001, 26.194691], [-98.18368000000001, 26.194682]]]}}, {"type": "Feature", "properties": {"campus_id": "bowie", "surface_class": "Asphalt/Concrete", "estimated_temp_f": 120}, "geometry": {"type": "Polygon", "coordinates": [[[-98.18368000000001, 26.194691000000002], [-98.18367, 26.194691000000002], [-98.18367, 26.1947], [-98.18368000000001, 26.1947], [-98.18368000000001, 26.194691000000002]]]}}, {"type": "Feature", "properties": {"campus_id": "bowie", "surface_class": "Asphalt/Concrete", "estimated_temp_f": 120}, "geometry": {"type": "Polygon", "coordinates": [[[-98.18368000000001, 26.1947], [-98.18367, 26.1947], [-98.18367, 26.194709], [-98.18368000000001, 26.194709], [-98.18368000000001, 26.1947]]]}}, {"type": "Feature", "properties": {"campus_id": "bowie", "surface_class": "Asphalt/Concrete", "estimated_temp_f": 120}, "geometry": {"type": "Polygon", "coordinates": [[[-98.18368000000001, 26.194709], [-98.18367, 26.194709], [-98.18367, 26.194717999999998], [-98.18368000000001, 26.194717999999998], [-98.18368000000001, 26.194709]]]}}, {"type": "Feature", "properties": {"campus_id": "bowie", "surface_class": "Asphalt/Concrete", "estimated_temp_f": 120}, "geometry": {"type": "Polygon", "coordinates": [[[-98.18368000000001, 26.194718], [-98.18367, 26.194718], [-98.18367, 26.194727], [-98.18368000000001, 26.194727], [-98.18368000000001, 26.194718]]]}}, {"type": "Feature", "properties": {"campus_id": "bowie", "surface_class": "Asphalt/Concrete", "estimated_temp_f": 120}, "geometry": {"type": "Polygon", "coordinates": [[[-98.18368000000001, 26.194727], [-98.18367, 26.194727], [-98.18367, 26.194736], [-98.18368000000001, 26.194736], [-98.18368000000001, 26.194727]]]}}, {"type": "Feature", "properties": {"campus_id": "bowie", "surface_class": "Asphalt/Concrete", "estimated_temp_f": 120}, "geometry": {"type": "Polygon", "coordinates": [[[-98.18368000000001, 26.194736000000002], [-98.18367, 26.194736000000002], [-98.18367, 26.194745], [-98.18368000000001, 26.194745], [-98.18368000000001, 26.194736000000002]]]}}, {"type": "Feature", "properties": {"campus_id": "bowie", "surface_class": "Asphalt/Concrete", "estimated_temp_f": 120}, "geometry": {"type": "Polygon", "coordinates": [[[-98.18368000000001, 26.194745], [-98.18367, 26.194745], [-98.18367, 26.194754], [-98.18368000000001, 26.194754], [-98.18368000000001, 26.194745]]]}}, {"type": "Feature", "properties": {"campus_id": "bowie", "surface_class": "Asphalt/Concrete", "estimated_temp_f": 120}, "geometry": {"type": "Polygon", "coordinates": [[[-98.18368000000001, 26.194754], [-98.18367, 26.194754], [-98.18367, 26.194763], [-98.18368000000001, 26.194763], [-98.18368000000001, 26.194754]]]}}, {"type": "Feature", "properties": {"campus_id": "bowie", "surface_class": "Grass/Turf", "estimated_temp_f": 95}, "geometry": {"type": "Polygon", "coordinates": [[[-98.18368000000001, 26.194763000000002], [-98.18367, 26.194763000000002], [-98.18367, 26.194772], [-98.18368000000001, 26.194772], [-98.18368000000001, 26.194763000000002]]]}}, {"type": "Feature", "properties": {"campus_id": "bowie", "surface_class": "Asphalt/Concrete", "estimated_temp_f": 120}, "geometry": {"type": "Polygon", "coordinates": [[[-98.18368000000001, 26.194772], [-98.18367, 26.194772], [-98.18367, 26.194781], [-98.18368000000001, 26.194781], [-98.18368000000001, 26.194772]]]}}, {"type": "Feature", "properties": {"campus_id": "bowie", "surface_class": "Asphalt/Concrete", "estimated_temp_f": 120}, "geometry": {"type": "Polygon", "coordinates": [[[-98.18368000000001, 26.194781], [-98.18367, 26.194781], [-98.18367, 26.194789999999998], [-98.18368000000001, 26.194789999999998], [-98.18368000000001, 26.194781]]]}}, {"type": "Feature", "properties": {"campus_id": "bowie", "surface_class": "Asphalt/Concrete", "estimated_temp_f": 120}, "geometry": {"type": "Polygon", "coordinates": [[[-98.18368000000001, 26.19479], [-98.18367, 26.19479], [-98.18367, 26.194799], [-98.18368000000001, 26.194799], [-98.18368000000001, 26.19479]]]}}, {"type": "Feature", "properties": {"campus_id": "bowie", "surface_class": "Asphalt/Concrete", "estimated_temp_f": 120}, "geometry": {"type": "Polygon", "coordinates": [[[-98.18368000000001, 26.194799], [-98.18367, 26.194799], [-98.18367, 26.194808], [-98.18368000000001, 26.194808], [-98.18368000000001, 26.194799]]]}}, {"type": "Feature", "properties": {"campus_id": "bowie", "surface_class": "Asphalt/Concrete", "estimated_temp_f": 120}, "geometry": {"type": "Polygon", "coordinates": [[[-98.18368000000001, 26.194808000000002], [-98.18367, 26.194808000000002], [-98.18367, 26.194817], [-98.18368000000001, 26.194817], [-98.18368000000001, 26.194808000000002]]]}}, {"type": "Feature", "properties": {"campus_id": "bowie", "surface_class": "Asphalt/Concrete", "estimated_temp_f": 120}, "geometry": {"type": "Polygon", "coordinates": [[[-98.18368000000001, 26.194817], [-98.18367, 26.194817], [-98.18367, 26.194826], [-98.18368000000001, 26.194826], [-98.18368000000001, 26.194817]]]}}, {"type": "Feature", "properties": {"campus_id": "bowie", "surface_class": "Asphalt/Concrete", "estimated_temp_f": 120}, "geometry": {"type": "Polygon", "coordinates": [[[-98.18368000000001, 26.194826], [-98.18367, 26.194826], [-98.18367, 26.194834999999998], [-98.18368000000001, 26.194834999999998], [-98.18368000000001, 26.194826]]]}}, {"type": "Feature", "properties": {"campus_id": "bowie", "surface_class": "Grass/Turf", "estimated_temp_f": 95}, "geometry": {"type": "Polygon", "coordinates": [[[-98.18368000000001, 26.194835], [-98.18367, 26.194835], [-98.18367, 26.194844], [-98.18368000000001, 26.194844], [-98.18368000000001, 26.194835]]]}}, {"type": "Feature", "properties": {"campus_id": "bowie", "surface_class": "Asphalt/Concrete", "estimated_temp_f": 120}, "geometry": {"type": "Polygon", "coordinates": [[[-98.18368000000001, 26.194844], [-98.18367, 26.194844], [-98.18367, 26.194853], [-98.18368000000001, 26.194853], [-98.18368000000001, 26.194844]]]}}, {"type": "Feature", "properties": {"campus_id": "bowie", "surface_class": "Asphalt/Concrete", "estimated_temp_f": 120}, "geometry": {"type": "Polygon", "coordinates": [[[-98.18368000000001, 26.194853000000002], [-98.18367, 26.194853000000002], [-98.18367, 26.194862], [-98.18368000000001, 26.194862], [-98.18368000000001, 26.194853000000002]]]}}, {"type": "Feature", "properties": {"campus_id": "bowie", "surface_class": "Grass/Turf", "estimated_temp_f": 95}, "geometry": {"type": "Polygon", "coordinates": [[[-98.18368000000001, 26.194862], [-98.18367, 26.194862], [-98.18367, 26.194871], [-98.18368000000001, 26.194871], [-98.18368000000001, 26.194862]]]}}, {"type": "Feature", "properties": {"campus_id": "bowie", "surface_class": "Asphalt/Concrete", "estimated_temp_f": 120}, "geometry": {"type": "Polygon", "coordinates": [[[-98.18368000000001, 26.194871], [-98.18367, 26.194871], [-98.18367, 26.194879999999998], [-98.18368000000001, 26.194879999999998], [-98.18368000000001, 26.194871]]]}}, {"type": "Feature", "properties": {"campus_id": "bowie", "surface_class": "Asphalt/Concrete", "estimated_temp_f": 120}, "geometry": {"type": "Polygon", "coordinates": [[[-98.18367, 26.19452], [-98.18366, 26.19452], [-98.18366, 26.194529], [-98.18367, 26.194529], [-98.18367, 26.19452]]]}}, {"type": "Feature", "properties": {"campus_id": "bowie", "surface_class": "Asphalt/Concrete", "estimated_temp_f": 120}, "geometry": {"type": "Polygon", "coordinates": [[[-98.18367, 26.194529], [-98.18366, 26.194529], [-98.18366, 26.194537999999998], [-98.18367, 26.194537999999998], [-98.18367, 26.194529]]]}}, {"type": "Feature", "properties": {"campus_id": "bowie", "surface_class": "Asphalt/Concrete", "estimated_temp_f": 120}, "geometry": {"type": "Polygon", "coordinates": [[[-98.18367, 26.194538], [-98.18366, 26.194538], [-98.18366, 26.194547], [-98.18367, 26.194547], [-98.18367, 26.194538]]]}}, {"type": "Feature", "properties": {"campus_id": "bowie", "surface_class": "Asphalt/Concrete", "estimated_temp_f": 120}, "geometry": {"type": "Polygon", "coordinates": [[[-98.18367, 26.194547], [-98.18366, 26.194547], [-98.18366, 26.194556], [-98.18367, 26.194556], [-98.18367, 26.194547]]]}}, {"type": "Feature", "properties": {"campus_id": "bowie", "surface_class": "Grass/Turf", "estimated_temp_f": 95}, "geometry": {"type": "Polygon", "coordinates": [[[-98.18367, 26.194556000000002], [-98.18366, 26.194556000000002], [-98.18366, 26.194565], [-98.18367, 26.194565], [-98.18367, 26.194556000000002]]]}}, {"type": "Feature", "properties": {"campus_id": "bowie", "surface_class": "Asphalt/Concrete", "estimated_temp_f": 120}, "geometry": {"type": "Polygon", "coordinates": [[[-98.18367, 26.194565], [-98.18366, 26.194565], [-98.18366, 26.194574], [-98.18367, 26.194574], [-98.18367, 26.194565]]]}}, {"type": "Feature", "properties": {"campus_id": "bowie", "surface_class": "Asphalt/Concrete", "estimated_temp_f": 120}, "geometry": {"type": "Polygon", "coordinates": [[[-98.18367, 26.194574], [-98.18366, 26.194574], [-98.18366, 26.194582999999998], [-98.18367, 26.194582999999998], [-98.18367, 26.194574]]]}}, {"type": "Feature", "properties": {"campus_id": "bowie", "surface_class": "Grass/Turf", "estimated_temp_f": 95}, "geometry": {"type": "Polygon", "coordinates": [[[-98.18367, 26.194583], [-98.18366, 26.194583], [-98.18366, 26.194592], [-98.18367, 26.194592], [-98.18367, 26.194583]]]}}, {"type": "Feature", "properties": {"campus_id": "bowie", "surface_class": "Asphalt/Concrete", "estimated_temp_f": 120}, "geometry": {"type": "Polygon", "coordinates": [[[-98.18367, 26.194592], [-98.18366, 26.194592], [-98.18366, 26.194601], [-98.18367, 26.194601], [-98.18367, 26.194592]]]}}, {"type": "Feature", "properties": {"campus_id": "bowie", "surface_class": "Asphalt/Concrete", "estimated_temp_f": 120}, "geometry": {"type": "Polygon", "coordinates": [[[-98.18367, 26.194601000000002], [-98.18366, 26.194601000000002], [-98.18366, 26.19461], [-98.18367, 26.19461], [-98.18367, 26.194601000000002]]]}}, {"type": "Feature", "properties": {"campus_id": "bowie", "surface_class": "Asphalt/Concrete", "estimated_temp_f": 120}, "geometry": {"type": "Polygon", "coordinates": [[[-98.18367, 26.19461], [-98.18366, 26.19461], [-98.18366, 26.194619], [-98.18367, 26.194619], [-98.18367, 26.19461]]]}}, {"type": "Feature", "properties": {"campus_id": "bowie", "surface_class": "Asphalt/Concrete", "estimated_temp_f": 120}, "geometry": {"type": "Polygon", "coordinates": [[[-98.18367, 26.194619], [-98.18366, 26.194619], [-98.18366, 26.194627999999998], [-98.18367, 26.194627999999998], [-98.18367, 26.194619]]]}}, {"type": "Feature", "properties": {"campus_id": "bowie", "surface_class": "Asphalt/Concrete", "estimated_temp_f": 120}, "geometry": {"type": "Polygon", "coordinates": [[[-98.18367, 26.194628], [-98.18366, 26.194628], [-98.18366, 26.194637], [-98.18367, 26.194637], [-98.18367, 26.194628]]]}}, {"type": "Feature", "properties": {"campus_id": "bowie", "surface_class": "Asphalt/Concrete", "estimated_temp_f": 120}, "geometry": {"type": "Polygon", "coordinates": [[[-98.18367, 26.194637], [-98.18366, 26.194637], [-98.18366, 26.194646], [-98.18367, 26.194646], [-98.18367, 26.194637]]]}}, {"type": "Feature", "properties": {"campus_id": "bowie", "surface_class": "Asphalt/Concrete", "estimated_temp_f": 120}, "geometry": {"type": "Polygon", "coordinates": [[[-98.18367, 26.194646000000002], [-98.18366, 26.194646000000002], [-98.18366, 26.194655], [-98.18367, 26.194655], [-98.18367, 26.194646000000002]]]}}, {"type": "Feature", "properties": {"campus_id": "bowie", "surface_class": "Asphalt/Concrete", "estimated_temp_f": 120}, "geometry": {"type": "Polygon", "coordinates": [[[-98.18367, 26.194655], [-98.18366, 26.194655], [-98.18366, 26.194664], [-98.18367, 26.194664], [-98.18367, 26.194655]]]}}, {"type": "Feature", "properties": {"campus_id": "bowie", "surface_class": "Asphalt/Concrete", "estimated_temp_f": 120}, "geometry": {"type": "Polygon", "coordinates": [[[-98.18367, 26.194664], [-98.18366, 26.194664], [-98.18366, 26.194672999999998], [-98.18367, 26.194672999999998], [-98.18367, 26.194664]]]}}, {"type": "Feature", "properties": {"campus_id": "bowie", "surface_class": "Asphalt/Concrete", "estimated_temp_f": 120}, "geometry": {"type": "Polygon", "coordinates": [[[-98.18367, 26.194673], [-98.18366, 26.194673], [-98.18366, 26.194682], [-98.18367, 26.194682], [-98.18367, 26.194673]]]}}, {"type": "Feature", "properties": {"campus_id": "bowie", "surface_class": "Asphalt/Concrete", "estimated_temp_f": 120}, "geometry": {"type": "Polygon", "coordinates": [[[-98.18367, 26.194682], [-98.18366, 26.194682], [-98.18366, 26.194691], [-98.18367, 26.194691], [-98.18367, 26.194682]]]}}, {"type": "Feature", "properties": {"campus_id": "bowie", "surface_class": "Asphalt/Concrete", "estimated_temp_f": 120}, "geometry": {"type": "Polygon", "coordinates": [[[-98.18367, 26.194691000000002], [-98.18366, 26.194691000000002], [-98.18366, 26.1947], [-98.18367, 26.1947], [-98.18367, 26.194691000000002]]]}}, {"type": "Feature", "properties": {"campus_id": "bowie", "surface_class": "Asphalt/Concrete", "estimated_temp_f": 120}, "geometry": {"type": "Polygon", "coordinates": [[[-98.18367, 26.1947], [-98.18366, 26.1947], [-98.18366, 26.194709], [-98.18367, 26.194709], [-98.18367, 26.1947]]]}}, {"type": "Feature", "properties": {"campus_id": "bowie", "surface_class": "Asphalt/Concrete", "estimated_temp_f": 120}, "geometry": {"type": "Polygon", "coordinates": [[[-98.18367, 26.194709], [-98.18366, 26.194709], [-98.18366, 26.194717999999998], [-98.18367, 26.194717999999998], [-98.18367, 26.194709]]]}}, {"type": "Feature", "properties": {"campus_id": "bowie", "surface_class": "Asphalt/Concrete", "estimated_temp_f": 120}, "geometry": {"type": "Polygon", "coordinates": [[[-98.18367, 26.194718], [-98.18366, 26.194718], [-98.18366, 26.194727], [-98.18367, 26.194727], [-98.18367, 26.194718]]]}}, {"type": "Feature", "properties": {"campus_id": "bowie", "surface_class": "Grass/Turf", "estimated_temp_f": 95}, "geometry": {"type": "Polygon", "coordinates": [[[-98.18367, 26.194727], [-98.18366, 26.194727], [-98.18366, 26.194736], [-98.18367, 26.194736], [-98.18367, 26.194727]]]}}, {"type": "Feature", "properties": {"campus_id": "bowie", "surface_class": "Asphalt/Concrete", "estimated_temp_f": 120}, "geometry": {"type": "Polygon", "coordinates": [[[-98.18367, 26.194736000000002], [-98.18366, 26.194736000000002], [-98.18366, 26.194745], [-98.18367, 26.194745], [-98.18367, 26.194736000000002]]]}}, {"type": "Feature", "properties": {"campus_id": "bowie", "surface_class": "Asphalt/Concrete", "estimated_temp_f": 120}, "geometry": {"type": "Polygon", "coordinates": [[[-98.18367, 26.194745], [-98.18366, 26.194745], [-98.18366, 26.194754], [-98.18367, 26.194754], [-98.18367, 26.194745]]]}}, {"type": "Feature", "properties": {"campus_id": "bowie", "surface_class": "Asphalt/Concrete", "estimated_temp_f": 120}, "geometry": {"type": "Polygon", "coordinates": [[[-98.18367, 26.194754], [-98.18366, 26.194754], [-98.18366, 26.194763], [-98.18367, 26.194763], [-98.18367, 26.194754]]]}}, {"type": "Feature", "properties": {"campus_id": "bowie", "surface_class": "Asphalt/Concrete", "estimated_temp_f": 120}, "geometry": {"type": "Polygon", "coordinates": [[[-98.18367, 26.194763000000002], [-98.18366, 26.194763000000002], [-98.18366, 26.194772], [-98.18367, 26.194772], [-98.18367, 26.194763000000002]]]}}, {"type": "Feature", "properties": {"campus_id": "bowie", "surface_class": "Asphalt/Concrete", "estimated_temp_f": 120}, "geometry": {"type": "Polygon", "coordinates": [[[-98.18367, 26.194772], [-98.18366, 26.194772], [-98.18366, 26.194781], [-98.18367, 26.194781], [-98.18367, 26.194772]]]}}, {"type": "Feature", "properties": {"campus_id": "bowie", "surface_class": "Asphalt/Concrete", "estimated_temp_f": 120}, "geometry": {"type": "Polygon", "coordinates": [[[-98.18367, 26.194781], [-98.18366, 26.194781], [-98.18366, 26.194789999999998], [-98.18367, 26.194789999999998], [-98.18367, 26.194781]]]}}, {"type": "Feature", "properties": {"campus_id": "bowie", "surface_class": "Asphalt/Concrete", "estimated_temp_f": 120}, "geometry": {"type": "Polygon", "coordinates": [[[-98.18367, 26.19479], [-98.18366, 26.19479], [-98.18366, 26.194799], [-98.18367, 26.194799], [-98.18367, 26.19479]]]}}, {"type": "Feature", "properties": {"campus_id": "bowie", "surface_class": "Asphalt/Concrete", "estimated_temp_f": 120}, "geometry": {"type": "Polygon", "coordinates": [[[-98.18367, 26.194799], [-98.18366, 26.194799], [-98.18366, 26.194808], [-98.18367, 26.194808], [-98.18367, 26.194799]]]}}, {"type": "Feature", "properties": {"campus_id": "bowie", "surface_class": "Asphalt/Concrete", "estimated_temp_f": 120}, "geometry": {"type": "Polygon", "coordinates": [[[-98.18367, 26.194808000000002], [-98.18366, 26.194808000000002], [-98.18366, 26.194817], [-98.18367, 26.194817], [-98.18367, 26.194808000000002]]]}}, {"type": "Feature", "properties": {"campus_id": "bowie", "surface_class": "Asphalt/Concrete", "estimated_temp_f": 120}, "geometry": {"type": "Polygon", "coordinates": [[[-98.18367, 26.194817], [-98.18366, 26.194817], [-98.18366, 26.194826], [-98.18367, 26.194826], [-98.18367, 26.194817]]]}}, {"type": "Feature", "properties": {"campus_id": "bowie", "surface_class": "Asphalt/Concrete", "estimated_temp_f": 120}, "geometry": {"type": "Polygon", "coordinates": [[[-98.18367, 26.194826], [-98.18366, 26.194826], [-98.18366, 26.194834999999998], [-98.18367, 26.194834999999998], [-98.18367, 26.194826]]]}}, {"type": "Feature", "properties": {"campus_id": "bowie", "surface_class": "Grass/Turf", "estimated_temp_f": 95}, "geometry": {"type": "Polygon", "coordinates": [[[-98.18367, 26.194835], [-98.18366, 26.194835], [-98.18366, 26.194844], [-98.18367, 26.194844], [-98.18367, 26.194835]]]}}, {"type": "Feature", "properties": {"campus_id": "bowie", "surface_class": "Grass/Turf", "estimated_temp_f": 95}, "geometry": {"type": "Polygon", "coordinates": [[[-98.18367, 26.194844], [-98.18366, 26.194844], [-98.18366, 26.194853], [-98.18367, 26.194853], [-98.18367, 26.194844]]]}}, {"type": "Feature", "properties": {"campus_id": "bowie", "surface_class": "Grass/Turf", "estimated_temp_f": 95}, "geometry": {"type": "Polygon", "coordinates": [[[-98.18367, 26.194853000000002], [-98.18366, 26.194853000000002], [-98.18366, 26.194862], [-98.18367, 26.194862], [-98.18367, 26.194853000000002]]]}}, {"type": "Feature", "properties": {"campus_id": "bowie", "surface_class": "Asphalt/Concrete", "estimated_temp_f": 120}, "geometry": {"type": "Polygon", "coordinates": [[[-98.18367, 26.194862], [-98.18366, 26.194862], [-98.18366, 26.194871], [-98.18367, 26.194871], [-98.18367, 26.194862]]]}}, {"type": "Feature", "properties": {"campus_id": "bowie", "surface_class": "Asphalt/Concrete", "estimated_temp_f": 120}, "geometry": {"type": "Polygon", "coordinates": [[[-98.18367, 26.194871], [-98.18366, 26.194871], [-98.18366, 26.194879999999998], [-98.18367, 26.194879999999998], [-98.18367, 26.194871]]]}}, {"type": "Feature", "properties": {"campus_id": "bowie", "surface_class": "Asphalt/Concrete", "estimated_temp_f": 120}, "geometry": {"type": "Polygon", "coordinates": [[[-98.18366, 26.19452], [-98.18365, 26.19452], [-98.18365, 26.194529], [-98.18366, 26.194529], [-98.18366, 26.19452]]]}}, {"type": "Feature", "properties": {"campus_id": "bowie", "surface_class": "Asphalt/Concrete", "estimated_temp_f": 120}, "geometry": {"type": "Polygon", "coordinates": [[[-98.18366, 26.194529], [-98.18365, 26.194529], [-98.18365, 26.194537999999998], [-98.18366, 26.194537999999998], [-98.18366, 26.194529]]]}}, {"type": "Feature", "properties": {"campus_id": "bowie", "surface_class": "Grass/Turf", "estimated_temp_f": 95}, "geometry": {"type": "Polygon", "coordinates": [[[-98.18366, 26.194538], [-98.18365, 26.194538], [-98.18365, 26.194547], [-98.18366, 26.194547], [-98.18366, 26.194538]]]}}, {"type": "Feature", "properties": {"campus_id": "bowie", "surface_class": "Grass/Turf", "estimated_temp_f": 95}, "geometry": {"type": "Polygon", "coordinates": [[[-98.18366, 26.194547], [-98.18365, 26.194547], [-98.18365, 26.194556], [-98.18366, 26.194556], [-98.18366, 26.194547]]]}}, {"type": "Feature", "properties": {"campus_id": "bowie", "surface_class": "Grass/Turf", "estimated_temp_f": 95}, "geometry": {"type": "Polygon", "coordinates": [[[-98.18366, 26.194556000000002], [-98.18365, 26.194556000000002], [-98.18365, 26.194565], [-98.18366, 26.194565], [-98.18366, 26.194556000000002]]]}}, {"type": "Feature", "properties": {"campus_id": "bowie", "surface_class": "Asphalt/Concrete", "estimated_temp_f": 120}, "geometry": {"type": "Polygon", "coordinates": [[[-98.18366, 26.194565], [-98.18365, 26.194565], [-98.18365, 26.194574], [-98.18366, 26.194574], [-98.18366, 26.194565]]]}}, {"type": "Feature", "properties": {"campus_id": "bowie", "surface_class": "Asphalt/Concrete", "estimated_temp_f": 120}, "geometry": {"type": "Polygon", "coordinates": [[[-98.18366, 26.194574], [-98.18365, 26.194574], [-98.18365, 26.194582999999998], [-98.18366, 26.194582999999998], [-98.18366, 26.194574]]]}}, {"type": "Feature", "properties": {"campus_id": "bowie", "surface_class": "Asphalt/Concrete", "estimated_temp_f": 120}, "geometry": {"type": "Polygon", "coordinates": [[[-98.18366, 26.194583], [-98.18365, 26.194583], [-98.18365, 26.194592], [-98.18366, 26.194592], [-98.18366, 26.194583]]]}}, {"type": "Feature", "properties": {"campus_id": "bowie", "surface_class": "Asphalt/Concrete", "estimated_temp_f": 120}, "geometry": {"type": "Polygon", "coordinates": [[[-98.18366, 26.194592], [-98.18365, 26.194592], [-98.18365, 26.194601], [-98.18366, 26.194601], [-98.18366, 26.194592]]]}}, {"type": "Feature", "properties": {"campus_id": "bowie", "surface_class": "Asphalt/Concrete", "estimated_temp_f": 120}, "geometry": {"type": "Polygon", "coordinates": [[[-98.18366, 26.194601000000002], [-98.18365, 26.194601000000002], [-98.18365, 26.19461], [-98.18366, 26.19461], [-98.18366, 26.194601000000002]]]}}, {"type": "Feature", "properties": {"campus_id": "bowie", "surface_class": "Asphalt/Concrete", "estimated_temp_f": 120}, "geometry": {"type": "Polygon", "coordinates": [[[-98.18366, 26.19461], [-98.18365, 26.19461], [-98.18365, 26.194619], [-98.18366, 26.194619], [-98.18366, 26.19461]]]}}, {"type": "Feature", "properties": {"campus_id": "bowie", "surface_class": "Asphalt/Concrete", "estimated_temp_f": 120}, "geometry": {"type": "Polygon", "coordinates": [[[-98.18366, 26.194619], [-98.18365, 26.194619], [-98.18365, 26.194627999999998], [-98.18366, 26.194627999999998], [-98.18366, 26.194619]]]}}, {"type": "Feature", "properties": {"campus_id": "bowie", "surface_class": "Asphalt/Concrete", "estimated_temp_f": 120}, "geometry": {"type": "Polygon", "coordinates": [[[-98.18366, 26.194628], [-98.18365, 26.194628], [-98.18365, 26.194637], [-98.18366, 26.194637], [-98.18366, 26.194628]]]}}, {"type": "Feature", "properties": {"campus_id": "bowie", "surface_class": "Asphalt/Concrete", "estimated_temp_f": 120}, "geometry": {"type": "Polygon", "coordinates": [[[-98.18366, 26.194637], [-98.18365, 26.194637], [-98.18365, 26.194646], [-98.18366, 26.194646], [-98.18366, 26.194637]]]}}, {"type": "Feature", "properties": {"campus_id": "bowie", "surface_class": "Asphalt/Concrete", "estimated_temp_f": 120}, "geometry": {"type": "Polygon", "coordinates": [[[-98.18366, 26.194646000000002], [-98.18365, 26.194646000000002], [-98.18365, 26.194655], [-98.18366, 26.194655], [-98.18366, 26.194646000000002]]]}}, {"type": "Feature", "properties": {"campus_id": "bowie", "surface_class": "Asphalt/Concrete", "estimated_temp_f": 120}, "geometry": {"type": "Polygon", "coordinates": [[[-98.18366, 26.194655], [-98.18365, 26.194655], [-98.18365, 26.194664], [-98.18366, 26.194664], [-98.18366, 26.194655]]]}}, {"type": "Feature", "properties": {"campus_id": "bowie", "surface_class": "Asphalt/Concrete", "estimated_temp_f": 120}, "geometry": {"type": "Polygon", "coordinates": [[[-98.18366, 26.194664], [-98.18365, 26.194664], [-98.18365, 26.194672999999998], [-98.18366, 26.194672999999998], [-98.18366, 26.194664]]]}}, {"type": "Feature", "properties": {"campus_id": "bowie", "surface_class": "Asphalt/Concrete", "estimated_temp_f": 120}, "geometry": {"type": "Polygon", "coordinates": [[[-98.18366, 26.194673], [-98.18365, 26.194673], [-98.18365, 26.194682], [-98.18366, 26.194682], [-98.18366, 26.194673]]]}}, {"type": "Feature", "properties": {"campus_id": "bowie", "surface_class": "Asphalt/Concrete", "estimated_temp_f": 120}, "geometry": {"type": "Polygon", "coordinates": [[[-98.18366, 26.194682], [-98.18365, 26.194682], [-98.18365, 26.194691], [-98.18366, 26.194691], [-98.18366, 26.194682]]]}}, {"type": "Feature", "properties": {"campus_id": "bowie", "surface_class": "Asphalt/Concrete", "estimated_temp_f": 120}, "geometry": {"type": "Polygon", "coordinates": [[[-98.18366, 26.194691000000002], [-98.18365, 26.194691000000002], [-98.18365, 26.1947], [-98.18366, 26.1947], [-98.18366, 26.194691000000002]]]}}, {"type": "Feature", "properties": {"campus_id": "bowie", "surface_class": "Asphalt/Concrete", "estimated_temp_f": 120}, "geometry": {"type": "Polygon", "coordinates": [[[-98.18366, 26.1947], [-98.18365, 26.1947], [-98.18365, 26.194709], [-98.18366, 26.194709], [-98.18366, 26.1947]]]}}, {"type": "Feature", "properties": {"campus_id": "bowie", "surface_class": "Asphalt/Concrete", "estimated_temp_f": 120}, "geometry": {"type": "Polygon", "coordinates": [[[-98.18366, 26.194709], [-98.18365, 26.194709], [-98.18365, 26.194717999999998], [-98.18366, 26.194717999999998], [-98.18366, 26.194709]]]}}, {"type": "Feature", "properties": {"campus_id": "bowie", "surface_class": "Grass/Turf", "estimated_temp_f": 95}, "geometry": {"type": "Polygon", "coordinates": [[[-98.18366, 26.194718], [-98.18365, 26.194718], [-98.18365, 26.194727], [-98.18366, 26.194727], [-98.18366, 26.194718]]]}}, {"type": "Feature", "properties": {"campus_id": "bowie", "surface_class": "Asphalt/Concrete", "estimated_temp_f": 120}, "geometry": {"type": "Polygon", "coordinates": [[[-98.18366, 26.194727], [-98.18365, 26.194727], [-98.18365, 26.194736], [-98.18366, 26.194736], [-98.18366, 26.194727]]]}}, {"type": "Feature", "properties": {"campus_id": "bowie", "surface_class": "Grass/Turf", "estimated_temp_f": 95}, "geometry": {"type": "Polygon", "coordinates": [[[-98.18366, 26.194736000000002], [-98.18365, 26.194736000000002], [-98.18365, 26.194745], [-98.18366, 26.194745], [-98.18366, 26.194736000000002]]]}}, {"type": "Feature", "properties": {"campus_id": "bowie", "surface_class": "Asphalt/Concrete", "estimated_temp_f": 120}, "geometry": {"type": "Polygon", "coordinates": [[[-98.18366, 26.194745], [-98.18365, 26.194745], [-98.18365, 26.194754], [-98.18366, 26.194754], [-98.18366, 26.194745]]]}}, {"type": "Feature", "properties": {"campus_id": "bowie", "surface_class": "Grass/Turf", "estimated_temp_f": 95}, "geometry": {"type": "Polygon", "coordinates": [[[-98.18366, 26.194754], [-98.18365, 26.194754], [-98.18365, 26.194763], [-98.18366, 26.194763], [-98.18366, 26.194754]]]}}, {"type": "Feature", "properties": {"campus_id": "bowie", "surface_class": "Asphalt/Concrete", "estimated_temp_f": 120}, "geometry": {"type": "Polygon", "coordinates": [[[-98.18366, 26.194763000000002], [-98.18365, 26.194763000000002], [-98.18365, 26.194772], [-98.18366, 26.194772], [-98.18366, 26.194763000000002]]]}}, {"type": "Feature", "properties": {"campus_id": "bowie", "surface_class": "Asphalt/Concrete", "estimated_temp_f": 120}, "geometry": {"type": "Polygon", "coordinates": [[[-98.18366, 26.194772], [-98.18365, 26.194772], [-98.18365, 26.194781], [-98.18366, 26.194781], [-98.18366, 26.194772]]]}}, {"type": "Feature", "properties": {"campus_id": "bowie", "surface_class": "Grass/Turf", "estimated_temp_f": 95}, "geometry": {"type": "Polygon", "coordinates": [[[-98.18366, 26.194781], [-98.18365, 26.194781], [-98.18365, 26.194789999999998], [-98.18366, 26.194789999999998], [-98.18366, 26.194781]]]}}, {"type": "Feature", "properties": {"campus_id": "bowie", "surface_class": "Asphalt/Concrete", "estimated_temp_f": 120}, "geometry": {"type": "Polygon", "coordinates": [[[-98.18366, 26.19479], [-98.18365, 26.19479], [-98.18365, 26.194799], [-98.18366, 26.194799], [-98.18366, 26.19479]]]}}, {"type": "Feature", "properties": {"campus_id": "bowie", "surface_class": "Asphalt/Concrete", "estimated_temp_f": 120}, "geometry": {"type": "Polygon", "coordinates": [[[-98.18366, 26.194799], [-98.18365, 26.194799], [-98.18365, 26.194808], [-98.18366, 26.194808], [-98.18366, 26.194799]]]}}, {"type": "Feature", "properties": {"campus_id": "bowie", "surface_class": "Grass/Turf", "estimated_temp_f": 95}, "geometry": {"type": "Polygon", "coordinates": [[[-98.18366, 26.194808000000002], [-98.18365, 26.194808000000002], [-98.18365, 26.194817], [-98.18366, 26.194817], [-98.18366, 26.194808000000002]]]}}, {"type": "Feature", "properties": {"campus_id": "bowie", "surface_class": "Asphalt/Concrete", "estimated_temp_f": 120}, "geometry": {"type": "Polygon", "coordinates": [[[-98.18366, 26.194817], [-98.18365, 26.194817], [-98.18365, 26.194826], [-98.18366, 26.194826], [-98.18366, 26.194817]]]}}, {"type": "Feature", "properties": {"campus_id": "bowie", "surface_class": "Asphalt/Concrete", "estimated_temp_f": 120}, "geometry": {"type": "Polygon", "coordinates": [[[-98.18366, 26.194826], [-98.18365, 26.194826], [-98.18365, 26.194834999999998], [-98.18366, 26.194834999999998], [-98.18366, 26.194826]]]}}, {"type": "Feature", "properties": {"campus_id": "bowie", "surface_class": "Asphalt/Concrete", "estimated_temp_f": 120}, "geometry": {"type": "Polygon", "coordinates": [[[-98.18366, 26.194835], [-98.18365, 26.194835], [-98.18365, 26.194844], [-98.18366, 26.194844], [-98.18366, 26.194835]]]}}, {"type": "Feature", "properties": {"campus_id": "bowie", "surface_class": "Asphalt/Concrete", "estimated_temp_f": 120}, "geometry": {"type": "Polygon", "coordinates": [[[-98.18366, 26.194844], [-98.18365, 26.194844], [-98.18365, 26.194853], [-98.18366, 26.194853], [-98.18366, 26.194844]]]}}, {"type": "Feature", "properties": {"campus_id": "bowie", "surface_class": "Asphalt/Concrete", "estimated_temp_f": 120}, "geometry": {"type": "Polygon", "coordinates": [[[-98.18366, 26.194853000000002], [-98.18365, 26.194853000000002], [-98.18365, 26.194862], [-98.18366, 26.194862], [-98.18366, 26.194853000000002]]]}}, {"type": "Feature", "properties": {"campus_id": "bowie", "surface_class": "Asphalt/Concrete", "estimated_temp_f": 120}, "geometry": {"type": "Polygon", "coordinates": [[[-98.18366, 26.194862], [-98.18365, 26.194862], [-98.18365, 26.194871], [-98.18366, 26.194871], [-98.18366, 26.194862]]]}}, {"type": "Feature", "properties": {"campus_id": "bowie", "surface_class": "Grass/Turf", "estimated_temp_f": 95}, "geometry": {"type": "Polygon", "coordinates": [[[-98.18366, 26.194871], [-98.18365, 26.194871], [-98.18365, 26.194879999999998], [-98.18366, 26.194879999999998], [-98.18366, 26.194871]]]}}, {"type": "Feature", "properties": {"campus_id": "bowie", "surface_class": "Grass/Turf", "estimated_temp_f": 95}, "geometry": {"type": "Polygon", "coordinates": [[[-98.18365, 26.19452], [-98.18364, 26.19452], [-98.18364, 26.194529], [-98.18365, 26.194529], [-98.18365, 26.19452]]]}}, {"type": "Feature", "properties": {"campus_id": "bowie", "surface_class": "Asphalt/Concrete", "estimated_temp_f": 120}, "geometry": {"type": "Polygon", "coordinates": [[[-98.18365, 26.194529], [-98.18364, 26.194529], [-98.18364, 26.194537999999998], [-98.18365, 26.194537999999998], [-98.18365, 26.194529]]]}}, {"type": "Feature", "properties": {"campus_id": "bowie", "surface_class": "Asphalt/Concrete", "estimated_temp_f": 120}, "geometry": {"type": "Polygon", "coordinates": [[[-98.18365, 26.194538], [-98.18364, 26.194538], [-98.18364, 26.194547], [-98.18365, 26.194547], [-98.18365, 26.194538]]]}}, {"type": "Feature", "properties": {"campus_id": "bowie", "surface_class": "Asphalt/Concrete", "estimated_temp_f": 120}, "geometry": {"type": "Polygon", "coordinates": [[[-98.18365, 26.194547], [-98.18364, 26.194547], [-98.18364, 26.194556], [-98.18365, 26.194556], [-98.18365, 26.194547]]]}}, {"type": "Feature", "properties": {"campus_id": "bowie", "surface_class": "Asphalt/Concrete", "estimated_temp_f": 120}, "geometry": {"type": "Polygon", "coordinates": [[[-98.18365, 26.194556000000002], [-98.18364, 26.194556000000002], [-98.18364, 26.194565], [-98.18365, 26.194565], [-98.18365, 26.194556000000002]]]}}, {"type": "Feature", "properties": {"campus_id": "bowie", "surface_class": "Canopy", "estimated_temp_f": 85}, "geometry": {"type": "Polygon", "coordinates": [[[-98.18365, 26.194565], [-98.18364, 26.194565], [-98.18364, 26.194574], [-98.18365, 26.194574], [-98.18365, 26.194565]]]}}, {"type": "Feature", "properties": {"campus_id": "bowie", "surface_class": "Asphalt/Concrete", "estimated_temp_f": 120}, "geometry": {"type": "Polygon", "coordinates": [[[-98.18365, 26.194574], [-98.18364, 26.194574], [-98.18364, 26.194582999999998], [-98.18365, 26.194582999999998], [-98.18365, 26.194574]]]}}, {"type": "Feature", "properties": {"campus_id": "bowie", "surface_class": "Asphalt/Concrete", "estimated_temp_f": 120}, "geometry": {"type": "Polygon", "coordinates": [[[-98.18365, 26.194583], [-98.18364, 26.194583], [-98.18364, 26.194592], [-98.18365, 26.194592], [-98.18365, 26.194583]]]}}, {"type": "Feature", "properties": {"campus_id": "bowie", "surface_class": "Asphalt/Concrete", "estimated_temp_f": 120}, "geometry": {"type": "Polygon", "coordinates": [[[-98.18365, 26.194592], [-98.18364, 26.194592], [-98.18364, 26.194601], [-98.18365, 26.194601], [-98.18365, 26.194592]]]}}, {"type": "Feature", "properties": {"campus_id": "bowie", "surface_class": "Asphalt/Concrete", "estimated_temp_f": 120}, "geometry": {"type": "Polygon", "coordinates": [[[-98.18365, 26.194601000000002], [-98.18364, 26.194601000000002], [-98.18364, 26.19461], [-98.18365, 26.19461], [-98.18365, 26.194601000000002]]]}}, {"type": "Feature", "properties": {"campus_id": "bowie", "surface_class": "Asphalt/Concrete", "estimated_temp_f": 120}, "geometry": {"type": "Polygon", "coordinates": [[[-98.18365, 26.19461], [-98.18364, 26.19461], [-98.18364, 26.194619], [-98.18365, 26.194619], [-98.18365, 26.19461]]]}}, {"type": "Feature", "properties": {"campus_id": "bowie", "surface_class": "Grass/Turf", "estimated_temp_f": 95}, "geometry": {"type": "Polygon", "coordinates": [[[-98.18365, 26.194619], [-98.18364, 26.194619], [-98.18364, 26.194627999999998], [-98.18365, 26.194627999999998], [-98.18365, 26.194619]]]}}, {"type": "Feature", "properties": {"campus_id": "bowie", "surface_class": "Asphalt/Concrete", "estimated_temp_f": 120}, "geometry": {"type": "Polygon", "coordinates": [[[-98.18365, 26.194628], [-98.18364, 26.194628], [-98.18364, 26.194637], [-98.18365, 26.194637], [-98.18365, 26.194628]]]}}, {"type": "Feature", "properties": {"campus_id": "bowie", "surface_class": "Asphalt/Concrete", "estimated_temp_f": 120}, "geometry": {"type": "Polygon", "coordinates": [[[-98.18365, 26.194637], [-98.18364, 26.194637], [-98.18364, 26.194646], [-98.18365, 26.194646], [-98.18365, 26.194637]]]}}, {"type": "Feature", "properties": {"campus_id": "bowie", "surface_class": "Asphalt/Concrete", "estimated_temp_f": 120}, "geometry": {"type": "Polygon", "coordinates": [[[-98.18365, 26.194646000000002], [-98.18364, 26.194646000000002], [-98.18364, 26.194655], [-98.18365, 26.194655], [-98.18365, 26.194646000000002]]]}}, {"type": "Feature", "properties": {"campus_id": "bowie", "surface_class": "Asphalt/Concrete", "estimated_temp_f": 120}, "geometry": {"type": "Polygon", "coordinates": [[[-98.18365, 26.194655], [-98.18364, 26.194655], [-98.18364, 26.194664], [-98.18365, 26.194664], [-98.18365, 26.194655]]]}}, {"type": "Feature", "properties": {"campus_id": "bowie", "surface_class": "Asphalt/Concrete", "estimated_temp_f": 120}, "geometry": {"type": "Polygon", "coordinates": [[[-98.18365, 26.194664], [-98.18364, 26.194664], [-98.18364, 26.194672999999998], [-98.18365, 26.194672999999998], [-98.18365, 26.194664]]]}}, {"type": "Feature", "properties": {"campus_id": "bowie", "surface_class": "Asphalt/Concrete", "estimated_temp_f": 120}, "geometry": {"type": "Polygon", "coordinates": [[[-98.18365, 26.194673], [-98.18364, 26.194673], [-98.18364, 26.194682], [-98.18365, 26.194682], [-98.18365, 26.194673]]]}}, {"type": "Feature", "properties": {"campus_id": "bowie", "surface_class": "Asphalt/Concrete", "estimated_temp_f": 120}, "geometry": {"type": "Polygon", "coordinates": [[[-98.18365, 26.194682], [-98.18364, 26.194682], [-98.18364, 26.194691], [-98.18365, 26.194691], [-98.18365, 26.194682]]]}}, {"type": "Feature", "properties": {"campus_id": "bowie", "surface_class": "Asphalt/Concrete", "estimated_temp_f": 120}, "geometry": {"type": "Polygon", "coordinates": [[[-98.18365, 26.194691000000002], [-98.18364, 26.194691000000002], [-98.18364, 26.1947], [-98.18365, 26.1947], [-98.18365, 26.194691000000002]]]}}, {"type": "Feature", "properties": {"campus_id": "bowie", "surface_class": "Asphalt/Concrete", "estimated_temp_f": 120}, "geometry": {"type": "Polygon", "coordinates": [[[-98.18365, 26.1947], [-98.18364, 26.1947], [-98.18364, 26.194709], [-98.18365, 26.194709], [-98.18365, 26.1947]]]}}, {"type": "Feature", "properties": {"campus_id": "bowie", "surface_class": "Asphalt/Concrete", "estimated_temp_f": 120}, "geometry": {"type": "Polygon", "coordinates": [[[-98.18365, 26.194709], [-98.18364, 26.194709], [-98.18364, 26.194717999999998], [-98.18365, 26.194717999999998], [-98.18365, 26.194709]]]}}, {"type": "Feature", "properties": {"campus_id": "bowie", "surface_class": "Asphalt/Concrete", "estimated_temp_f": 120}, "geometry": {"type": "Polygon", "coordinates": [[[-98.18365, 26.194718], [-98.18364, 26.194718], [-98.18364, 26.194727], [-98.18365, 26.194727], [-98.18365, 26.194718]]]}}, {"type": "Feature", "properties": {"campus_id": "bowie", "surface_class": "Asphalt/Concrete", "estimated_temp_f": 120}, "geometry": {"type": "Polygon", "coordinates": [[[-98.18365, 26.194727], [-98.18364, 26.194727], [-98.18364, 26.194736], [-98.18365, 26.194736], [-98.18365, 26.194727]]]}}, {"type": "Feature", "properties": {"campus_id": "bowie", "surface_class": "Asphalt/Concrete", "estimated_temp_f": 120}, "geometry": {"type": "Polygon", "coordinates": [[[-98.18365, 26.194736000000002], [-98.18364, 26.194736000000002], [-98.18364, 26.194745], [-98.18365, 26.194745], [-98.18365, 26.194736000000002]]]}}, {"type": "Feature", "properties": {"campus_id": "bowie", "surface_class": "Asphalt/Concrete", "estimated_temp_f": 120}, "geometry": {"type": "Polygon", "coordinates": [[[-98.18365, 26.194745], [-98.18364, 26.194745], [-98.18364, 26.194754], [-98.18365, 26.194754], [-98.18365, 26.194745]]]}}, {"type": "Feature", "properties": {"campus_id": "bowie", "surface_class": "Asphalt/Concrete", "estimated_temp_f": 120}, "geometry": {"type": "Polygon", "coordinates": [[[-98.18365, 26.194754], [-98.18364, 26.194754], [-98.18364, 26.194763], [-98.18365, 26.194763], [-98.18365, 26.194754]]]}}, {"type": "Feature", "properties": {"campus_id": "bowie", "surface_class": "Asphalt/Concrete", "estimated_temp_f": 120}, "geometry": {"type": "Polygon", "coordinates": [[[-98.18365, 26.194763000000002], [-98.18364, 26.194763000000002], [-98.18364, 26.194772], [-98.18365, 26.194772], [-98.18365, 26.194763000000002]]]}}, {"type": "Feature", "properties": {"campus_id": "bowie", "surface_class": "Asphalt/Concrete", "estimated_temp_f": 120}, "geometry": {"type": "Polygon", "coordinates": [[[-98.18365, 26.194772], [-98.18364, 26.194772], [-98.18364, 26.194781], [-98.18365, 26.194781], [-98.18365, 26.194772]]]}}, {"type": "Feature", "properties": {"campus_id": "bowie", "surface_class": "Grass/Turf", "estimated_temp_f": 95}, "geometry": {"type": "Polygon", "coordinates": [[[-98.18365, 26.194781], [-98.18364, 26.194781], [-98.18364, 26.194789999999998], [-98.18365, 26.194789999999998], [-98.18365, 26.194781]]]}}, {"type": "Feature", "properties": {"campus_id": "bowie", "surface_class": "Asphalt/Concrete", "estimated_temp_f": 120}, "geometry": {"type": "Polygon", "coordinates": [[[-98.18365, 26.19479], [-98.18364, 26.19479], [-98.18364, 26.194799], [-98.18365, 26.194799], [-98.18365, 26.19479]]]}}, {"type": "Feature", "properties": {"campus_id": "bowie", "surface_class": "Asphalt/Concrete", "estimated_temp_f": 120}, "geometry": {"type": "Polygon", "coordinates": [[[-98.18365, 26.194799], [-98.18364, 26.194799], [-98.18364, 26.194808], [-98.18365, 26.194808], [-98.18365, 26.194799]]]}}, {"type": "Feature", "properties": {"campus_id": "bowie", "surface_class": "Asphalt/Concrete", "estimated_temp_f": 120}, "geometry": {"type": "Polygon", "coordinates": [[[-98.18365, 26.194808000000002], [-98.18364, 26.194808000000002], [-98.18364, 26.194817], [-98.18365, 26.194817], [-98.18365, 26.194808000000002]]]}}, {"type": "Feature", "properties": {"campus_id": "bowie", "surface_class": "Asphalt/Concrete", "estimated_temp_f": 120}, "geometry": {"type": "Polygon", "coordinates": [[[-98.18365, 26.194817], [-98.18364, 26.194817], [-98.18364, 26.194826], [-98.18365, 26.194826], [-98.18365, 26.194817]]]}}, {"type": "Feature", "properties": {"campus_id": "bowie", "surface_class": "Asphalt/Concrete", "estimated_temp_f": 120}, "geometry": {"type": "Polygon", "coordinates": [[[-98.18365, 26.194826], [-98.18364, 26.194826], [-98.18364, 26.194834999999998], [-98.18365, 26.194834999999998], [-98.18365, 26.194826]]]}}, {"type": "Feature", "properties": {"campus_id": "bowie", "surface_class": "Asphalt/Concrete", "estimated_temp_f": 120}, "geometry": {"type": "Polygon", "coordinates": [[[-98.18365, 26.194835], [-98.18364, 26.194835], [-98.18364, 26.194844], [-98.18365, 26.194844], [-98.18365, 26.194835]]]}}, {"type": "Feature", "properties": {"campus_id": "bowie", "surface_class": "Asphalt/Concrete", "estimated_temp_f": 120}, "geometry": {"type": "Polygon", "coordinates": [[[-98.18365, 26.194844], [-98.18364, 26.194844], [-98.18364, 26.194853], [-98.18365, 26.194853], [-98.18365, 26.194844]]]}}, {"type": "Feature", "properties": {"campus_id": "bowie", "surface_class": "Asphalt/Concrete", "estimated_temp_f": 120}, "geometry": {"type": "Polygon", "coordinates": [[[-98.18365, 26.194853000000002], [-98.18364, 26.194853000000002], [-98.18364, 26.194862], [-98.18365, 26.194862], [-98.18365, 26.194853000000002]]]}}, {"type": "Feature", "properties": {"campus_id": "bowie", "surface_class": "Asphalt/Concrete", "estimated_temp_f": 120}, "geometry": {"type": "Polygon", "coordinates": [[[-98.18365, 26.194862], [-98.18364, 26.194862], [-98.18364, 26.194871], [-98.18365, 26.194871], [-98.18365, 26.194862]]]}}, {"type": "Feature", "properties": {"campus_id": "bowie", "surface_class": "Asphalt/Concrete", "estimated_temp_f": 120}, "geometry": {"type": "Polygon", "coordinates": [[[-98.18365, 26.194871], [-98.18364, 26.194871], [-98.18364, 26.194879999999998], [-98.18365, 26.194879999999998], [-98.18365, 26.194871]]]}}, {"type": "Feature", "properties": {"campus_id": "bowie", "surface_class": "Asphalt/Concrete", "estimated_temp_f": 120}, "geometry": {"type": "Polygon", "coordinates": [[[-98.18364000000001, 26.19452], [-98.18363000000001, 26.19452], [-98.18363000000001, 26.194529], [-98.18364000000001, 26.194529], [-98.18364000000001, 26.19452]]]}}, {"type": "Feature", "properties": {"campus_id": "bowie", "surface_class": "Asphalt/Concrete", "estimated_temp_f": 120}, "geometry": {"type": "Polygon", "coordinates": [[[-98.18364000000001, 26.194529], [-98.18363000000001, 26.194529], [-98.18363000000001, 26.194537999999998], [-98.18364000000001, 26.194537999999998], [-98.18364000000001, 26.194529]]]}}, {"type": "Feature", "properties": {"campus_id": "bowie", "surface_class": "Asphalt/Concrete", "estimated_temp_f": 120}, "geometry": {"type": "Polygon", "coordinates": [[[-98.18364000000001, 26.194538], [-98.18363000000001, 26.194538], [-98.18363000000001, 26.194547], [-98.18364000000001, 26.194547], [-98.18364000000001, 26.194538]]]}}, {"type": "Feature", "properties": {"campus_id": "bowie", "surface_class": "Grass/Turf", "estimated_temp_f": 95}, "geometry": {"type": "Polygon", "coordinates": [[[-98.18364000000001, 26.194547], [-98.18363000000001, 26.194547], [-98.18363000000001, 26.194556], [-98.18364000000001, 26.194556], [-98.18364000000001, 26.194547]]]}}, {"type": "Feature", "properties": {"campus_id": "bowie", "surface_class": "Asphalt/Concrete", "estimated_temp_f": 120}, "geometry": {"type": "Polygon", "coordinates": [[[-98.18364000000001, 26.194556000000002], [-98.18363000000001, 26.194556000000002], [-98.18363000000001, 26.194565], [-98.18364000000001, 26.194565], [-98.18364000000001, 26.194556000000002]]]}}, {"type": "Feature", "properties": {"campus_id": "bowie", "surface_class": "Asphalt/Concrete", "estimated_temp_f": 120}, "geometry": {"type": "Polygon", "coordinates": [[[-98.18364000000001, 26.194565], [-98.18363000000001, 26.194565], [-98.18363000000001, 26.194574], [-98.18364000000001, 26.194574], [-98.18364000000001, 26.194565]]]}}, {"type": "Feature", "properties": {"campus_id": "bowie", "surface_class": "Grass/Turf", "estimated_temp_f": 95}, "geometry": {"type": "Polygon", "coordinates": [[[-98.18364000000001, 26.194574], [-98.18363000000001, 26.194574], [-98.18363000000001, 26.194582999999998], [-98.18364000000001, 26.194582999999998], [-98.18364000000001, 26.194574]]]}}, {"type": "Feature", "properties": {"campus_id": "bowie", "surface_class": "Grass/Turf", "estimated_temp_f": 95}, "geometry": {"type": "Polygon", "coordinates": [[[-98.18364000000001, 26.194583], [-98.18363000000001, 26.194583], [-98.18363000000001, 26.194592], [-98.18364000000001, 26.194592], [-98.18364000000001, 26.194583]]]}}, {"type": "Feature", "properties": {"campus_id": "bowie", "surface_class": "Asphalt/Concrete", "estimated_temp_f": 120}, "geometry": {"type": "Polygon", "coordinates": [[[-98.18364000000001, 26.194592], [-98.18363000000001, 26.194592], [-98.18363000000001, 26.194601], [-98.18364000000001, 26.194601], [-98.18364000000001, 26.194592]]]}}, {"type": "Feature", "properties": {"campus_id": "bowie", "surface_class": "Canopy", "estimated_temp_f": 85}, "geometry": {"type": "Polygon", "coordinates": [[[-98.18364000000001, 26.194601000000002], [-98.18363000000001, 26.194601000000002], [-98.18363000000001, 26.19461], [-98.18364000000001, 26.19461], [-98.18364000000001, 26.194601000000002]]]}}, {"type": "Feature", "properties": {"campus_id": "bowie", "surface_class": "Asphalt/Concrete", "estimated_temp_f": 120}, "geometry": {"type": "Polygon", "coordinates": [[[-98.18364000000001, 26.19461], [-98.18363000000001, 26.19461], [-98.18363000000001, 26.194619], [-98.18364000000001, 26.194619], [-98.18364000000001, 26.19461]]]}}, {"type": "Feature", "properties": {"campus_id": "bowie", "surface_class": "Asphalt/Concrete", "estimated_temp_f": 120}, "geometry": {"type": "Polygon", "coordinates": [[[-98.18364000000001, 26.194619], [-98.18363000000001, 26.194619], [-98.18363000000001, 26.194627999999998], [-98.18364000000001, 26.194627999999998], [-98.18364000000001, 26.194619]]]}}, {"type": "Feature", "properties": {"campus_id": "bowie", "surface_class": "Asphalt/Concrete", "estimated_temp_f": 120}, "geometry": {"type": "Polygon", "coordinates": [[[-98.18364000000001, 26.194628], [-98.18363000000001, 26.194628], [-98.18363000000001, 26.194637], [-98.18364000000001, 26.194637], [-98.18364000000001, 26.194628]]]}}, {"type": "Feature", "properties": {"campus_id": "bowie", "surface_class": "Canopy", "estimated_temp_f": 85}, "geometry": {"type": "Polygon", "coordinates": [[[-98.18364000000001, 26.194637], [-98.18363000000001, 26.194637], [-98.18363000000001, 26.194646], [-98.18364000000001, 26.194646], [-98.18364000000001, 26.194637]]]}}, {"type": "Feature", "properties": {"campus_id": "bowie", "surface_class": "Asphalt/Concrete", "estimated_temp_f": 120}, "geometry": {"type": "Polygon", "coordinates": [[[-98.18364000000001, 26.194646000000002], [-98.18363000000001, 26.194646000000002], [-98.18363000000001, 26.194655], [-98.18364000000001, 26.194655], [-98.18364000000001, 26.194646000000002]]]}}, {"type": "Feature", "properties": {"campus_id": "bowie", "surface_class": "Asphalt/Concrete", "estimated_temp_f": 120}, "geometry": {"type": "Polygon", "coordinates": [[[-98.18364000000001, 26.194655], [-98.18363000000001, 26.194655], [-98.18363000000001, 26.194664], [-98.18364000000001, 26.194664], [-98.18364000000001, 26.194655]]]}}, {"type": "Feature", "properties": {"campus_id": "bowie", "surface_class": "Asphalt/Concrete", "estimated_temp_f": 120}, "geometry": {"type": "Polygon", "coordinates": [[[-98.18364000000001, 26.194664], [-98.18363000000001, 26.194664], [-98.18363000000001, 26.194672999999998], [-98.18364000000001, 26.194672999999998], [-98.18364000000001, 26.194664]]]}}, {"type": "Feature", "properties": {"campus_id": "bowie", "surface_class": "Grass/Turf", "estimated_temp_f": 95}, "geometry": {"type": "Polygon", "coordinates": [[[-98.18364000000001, 26.194673], [-98.18363000000001, 26.194673], [-98.18363000000001, 26.194682], [-98.18364000000001, 26.194682], [-98.18364000000001, 26.194673]]]}}, {"type": "Feature", "properties": {"campus_id": "bowie", "surface_class": "Grass/Turf", "estimated_temp_f": 95}, "geometry": {"type": "Polygon", "coordinates": [[[-98.18364000000001, 26.194682], [-98.18363000000001, 26.194682], [-98.18363000000001, 26.194691], [-98.18364000000001, 26.194691], [-98.18364000000001, 26.194682]]]}}, {"type": "Feature", "properties": {"campus_id": "bowie", "surface_class": "Asphalt/Concrete", "estimated_temp_f": 120}, "geometry": {"type": "Polygon", "coordinates": [[[-98.18364000000001, 26.194691000000002], [-98.18363000000001, 26.194691000000002], [-98.18363000000001, 26.1947], [-98.18364000000001, 26.1947], [-98.18364000000001, 26.194691000000002]]]}}, {"type": "Feature", "properties": {"campus_id": "bowie", "surface_class": "Asphalt/Concrete", "estimated_temp_f": 120}, "geometry": {"type": "Polygon", "coordinates": [[[-98.18364000000001, 26.1947], [-98.18363000000001, 26.1947], [-98.18363000000001, 26.194709], [-98.18364000000001, 26.194709], [-98.18364000000001, 26.1947]]]}}, {"type": "Feature", "properties": {"campus_id": "bowie", "surface_class": "Asphalt/Concrete", "estimated_temp_f": 120}, "geometry": {"type": "Polygon", "coordinates": [[[-98.18364000000001, 26.194709], [-98.18363000000001, 26.194709], [-98.18363000000001, 26.194717999999998], [-98.18364000000001, 26.194717999999998], [-98.18364000000001, 26.194709]]]}}, {"type": "Feature", "properties": {"campus_id": "bowie", "surface_class": "Grass/Turf", "estimated_temp_f": 95}, "geometry": {"type": "Polygon", "coordinates": [[[-98.18364000000001, 26.194718], [-98.18363000000001, 26.194718], [-98.18363000000001, 26.194727], [-98.18364000000001, 26.194727], [-98.18364000000001, 26.194718]]]}}, {"type": "Feature", "properties": {"campus_id": "bowie", "surface_class": "Asphalt/Concrete", "estimated_temp_f": 120}, "geometry": {"type": "Polygon", "coordinates": [[[-98.18364000000001, 26.194727], [-98.18363000000001, 26.194727], [-98.18363000000001, 26.194736], [-98.18364000000001, 26.194736], [-98.18364000000001, 26.194727]]]}}, {"type": "Feature", "properties": {"campus_id": "bowie", "surface_class": "Asphalt/Concrete", "estimated_temp_f": 120}, "geometry": {"type": "Polygon", "coordinates": [[[-98.18364000000001, 26.194736000000002], [-98.18363000000001, 26.194736000000002], [-98.18363000000001, 26.194745], [-98.18364000000001, 26.194745], [-98.18364000000001, 26.194736000000002]]]}}, {"type": "Feature", "properties": {"campus_id": "bowie", "surface_class": "Grass/Turf", "estimated_temp_f": 95}, "geometry": {"type": "Polygon", "coordinates": [[[-98.18364000000001, 26.194745], [-98.18363000000001, 26.194745], [-98.18363000000001, 26.194754], [-98.18364000000001, 26.194754], [-98.18364000000001, 26.194745]]]}}, {"type": "Feature", "properties": {"campus_id": "bowie", "surface_class": "Asphalt/Concrete", "estimated_temp_f": 120}, "geometry": {"type": "Polygon", "coordinates": [[[-98.18364000000001, 26.194754], [-98.18363000000001, 26.194754], [-98.18363000000001, 26.194763], [-98.18364000000001, 26.194763], [-98.18364000000001, 26.194754]]]}}, {"type": "Feature", "properties": {"campus_id": "bowie", "surface_class": "Asphalt/Concrete", "estimated_temp_f": 120}, "geometry": {"type": "Polygon", "coordinates": [[[-98.18364000000001, 26.194763000000002], [-98.18363000000001, 26.194763000000002], [-98.18363000000001, 26.194772], [-98.18364000000001, 26.194772], [-98.18364000000001, 26.194763000000002]]]}}, {"type": "Feature", "properties": {"campus_id": "bowie", "surface_class": "Grass/Turf", "estimated_temp_f": 95}, "geometry": {"type": "Polygon", "coordinates": [[[-98.18364000000001, 26.194772], [-98.18363000000001, 26.194772], [-98.18363000000001, 26.194781], [-98.18364000000001, 26.194781], [-98.18364000000001, 26.194772]]]}}, {"type": "Feature", "properties": {"campus_id": "bowie", "surface_class": "Grass/Turf", "estimated_temp_f": 95}, "geometry": {"type": "Polygon", "coordinates": [[[-98.18364000000001, 26.194781], [-98.18363000000001, 26.194781], [-98.18363000000001, 26.194789999999998], [-98.18364000000001, 26.194789999999998], [-98.18364000000001, 26.194781]]]}}, {"type": "Feature", "properties": {"campus_id": "bowie", "surface_class": "Asphalt/Concrete", "estimated_temp_f": 120}, "geometry": {"type": "Polygon", "coordinates": [[[-98.18364000000001, 26.19479], [-98.18363000000001, 26.19479], [-98.18363000000001, 26.194799], [-98.18364000000001, 26.194799], [-98.18364000000001, 26.19479]]]}}, {"type": "Feature", "properties": {"campus_id": "bowie", "surface_class": "Asphalt/Concrete", "estimated_temp_f": 120}, "geometry": {"type": "Polygon", "coordinates": [[[-98.18364000000001, 26.194799], [-98.18363000000001, 26.194799], [-98.18363000000001, 26.194808], [-98.18364000000001, 26.194808], [-98.18364000000001, 26.194799]]]}}, {"type": "Feature", "properties": {"campus_id": "bowie", "surface_class": "Asphalt/Concrete", "estimated_temp_f": 120}, "geometry": {"type": "Polygon", "coordinates": [[[-98.18364000000001, 26.194808000000002], [-98.18363000000001, 26.194808000000002], [-98.18363000000001, 26.194817], [-98.18364000000001, 26.194817], [-98.18364000000001, 26.194808000000002]]]}}, {"type": "Feature", "properties": {"campus_id": "bowie", "surface_class": "Asphalt/Concrete", "estimated_temp_f": 120}, "geometry": {"type": "Polygon", "coordinates": [[[-98.18364000000001, 26.194817], [-98.18363000000001, 26.194817], [-98.18363000000001, 26.194826], [-98.18364000000001, 26.194826], [-98.18364000000001, 26.194817]]]}}, {"type": "Feature", "properties": {"campus_id": "bowie", "surface_class": "Asphalt/Concrete", "estimated_temp_f": 120}, "geometry": {"type": "Polygon", "coordinates": [[[-98.18364000000001, 26.194826], [-98.18363000000001, 26.194826], [-98.18363000000001, 26.194834999999998], [-98.18364000000001, 26.194834999999998], [-98.18364000000001, 26.194826]]]}}, {"type": "Feature", "properties": {"campus_id": "bowie", "surface_class": "Canopy", "estimated_temp_f": 85}, "geometry": {"type": "Polygon", "coordinates": [[[-98.18364000000001, 26.194835], [-98.18363000000001, 26.194835], [-98.18363000000001, 26.194844], [-98.18364000000001, 26.194844], [-98.18364000000001, 26.194835]]]}}, {"type": "Feature", "properties": {"campus_id": "bowie", "surface_class": "Asphalt/Concrete", "estimated_temp_f": 120}, "geometry": {"type": "Polygon", "coordinates": [[[-98.18364000000001, 26.194844], [-98.18363000000001, 26.194844], [-98.18363000000001, 26.194853], [-98.18364000000001, 26.194853], [-98.18364000000001, 26.194844]]]}}, {"type": "Feature", "properties": {"campus_id": "bowie", "surface_class": "Asphalt/Concrete", "estimated_temp_f": 120}, "geometry": {"type": "Polygon", "coordinates": [[[-98.18364000000001, 26.194853000000002], [-98.18363000000001, 26.194853000000002], [-98.18363000000001, 26.194862], [-98.18364000000001, 26.194862], [-98.18364000000001, 26.194853000000002]]]}}, {"type": "Feature", "properties": {"campus_id": "bowie", "surface_class": "Asphalt/Concrete", "estimated_temp_f": 120}, "geometry": {"type": "Polygon", "coordinates": [[[-98.18364000000001, 26.194862], [-98.18363000000001, 26.194862], [-98.18363000000001, 26.194871], [-98.18364000000001, 26.194871], [-98.18364000000001, 26.194862]]]}}, {"type": "Feature", "properties": {"campus_id": "bowie", "surface_class": "Asphalt/Concrete", "estimated_temp_f": 120}, "geometry": {"type": "Polygon", "coordinates": [[[-98.18364000000001, 26.194871], [-98.18363000000001, 26.194871], [-98.18363000000001, 26.194879999999998], [-98.18364000000001, 26.194879999999998], [-98.18364000000001, 26.194871]]]}}, {"type": "Feature", "properties": {"campus_id": "bowie", "surface_class": "Asphalt/Concrete", "estimated_temp_f": 120}, "geometry": {"type": "Polygon", "coordinates": [[[-98.18363000000001, 26.19452], [-98.18362, 26.19452], [-98.18362, 26.194529], [-98.18363000000001, 26.194529], [-98.18363000000001, 26.19452]]]}}, {"type": "Feature", "properties": {"campus_id": "bowie", "surface_class": "Canopy", "estimated_temp_f": 85}, "geometry": {"type": "Polygon", "coordinates": [[[-98.18363000000001, 26.194529], [-98.18362, 26.194529], [-98.18362, 26.194537999999998], [-98.18363000000001, 26.194537999999998], [-98.18363000000001, 26.194529]]]}}, {"type": "Feature", "properties": {"campus_id": "bowie", "surface_class": "Grass/Turf", "estimated_temp_f": 95}, "geometry": {"type": "Polygon", "coordinates": [[[-98.18363000000001, 26.194538], [-98.18362, 26.194538], [-98.18362, 26.194547], [-98.18363000000001, 26.194547], [-98.18363000000001, 26.194538]]]}}, {"type": "Feature", "properties": {"campus_id": "bowie", "surface_class": "Asphalt/Concrete", "estimated_temp_f": 120}, "geometry": {"type": "Polygon", "coordinates": [[[-98.18363000000001, 26.194547], [-98.18362, 26.194547], [-98.18362, 26.194556], [-98.18363000000001, 26.194556], [-98.18363000000001, 26.194547]]]}}, {"type": "Feature", "properties": {"campus_id": "bowie", "surface_class": "Asphalt/Concrete", "estimated_temp_f": 120}, "geometry": {"type": "Polygon", "coordinates": [[[-98.18363000000001, 26.194556000000002], [-98.18362, 26.194556000000002], [-98.18362, 26.194565], [-98.18363000000001, 26.194565], [-98.18363000000001, 26.194556000000002]]]}}, {"type": "Feature", "properties": {"campus_id": "bowie", "surface_class": "Asphalt/Concrete", "estimated_temp_f": 120}, "geometry": {"type": "Polygon", "coordinates": [[[-98.18363000000001, 26.194565], [-98.18362, 26.194565], [-98.18362, 26.194574], [-98.18363000000001, 26.194574], [-98.18363000000001, 26.194565]]]}}, {"type": "Feature", "properties": {"campus_id": "bowie", "surface_class": "Grass/Turf", "estimated_temp_f": 95}, "geometry": {"type": "Polygon", "coordinates": [[[-98.18363000000001, 26.194574], [-98.18362, 26.194574], [-98.18362, 26.194582999999998], [-98.18363000000001, 26.194582999999998], [-98.18363000000001, 26.194574]]]}}, {"type": "Feature", "properties": {"campus_id": "bowie", "surface_class": "Asphalt/Concrete", "estimated_temp_f": 120}, "geometry": {"type": "Polygon", "coordinates": [[[-98.18363000000001, 26.194583], [-98.18362, 26.194583], [-98.18362, 26.194592], [-98.18363000000001, 26.194592], [-98.18363000000001, 26.194583]]]}}, {"type": "Feature", "properties": {"campus_id": "bowie", "surface_class": "Asphalt/Concrete", "estimated_temp_f": 120}, "geometry": {"type": "Polygon", "coordinates": [[[-98.18363000000001, 26.194592], [-98.18362, 26.194592], [-98.18362, 26.194601], [-98.18363000000001, 26.194601], [-98.18363000000001, 26.194592]]]}}, {"type": "Feature", "properties": {"campus_id": "bowie", "surface_class": "Asphalt/Concrete", "estimated_temp_f": 120}, "geometry": {"type": "Polygon", "coordinates": [[[-98.18363000000001, 26.194601000000002], [-98.18362, 26.194601000000002], [-98.18362, 26.19461], [-98.18363000000001, 26.19461], [-98.18363000000001, 26.194601000000002]]]}}, {"type": "Feature", "properties": {"campus_id": "bowie", "surface_class": "Asphalt/Concrete", "estimated_temp_f": 120}, "geometry": {"type": "Polygon", "coordinates": [[[-98.18363000000001, 26.19461], [-98.18362, 26.19461], [-98.18362, 26.194619], [-98.18363000000001, 26.194619], [-98.18363000000001, 26.19461]]]}}, {"type": "Feature", "properties": {"campus_id": "bowie", "surface_class": "Asphalt/Concrete", "estimated_temp_f": 120}, "geometry": {"type": "Polygon", "coordinates": [[[-98.18363000000001, 26.194619], [-98.18362, 26.194619], [-98.18362, 26.194627999999998], [-98.18363000000001, 26.194627999999998], [-98.18363000000001, 26.194619]]]}}, {"type": "Feature", "properties": {"campus_id": "bowie", "surface_class": "Asphalt/Concrete", "estimated_temp_f": 120}, "geometry": {"type": "Polygon", "coordinates": [[[-98.18363000000001, 26.194628], [-98.18362, 26.194628], [-98.18362, 26.194637], [-98.18363000000001, 26.194637], [-98.18363000000001, 26.194628]]]}}, {"type": "Feature", "properties": {"campus_id": "bowie", "surface_class": "Asphalt/Concrete", "estimated_temp_f": 120}, "geometry": {"type": "Polygon", "coordinates": [[[-98.18363000000001, 26.194637], [-98.18362, 26.194637], [-98.18362, 26.194646], [-98.18363000000001, 26.194646], [-98.18363000000001, 26.194637]]]}}, {"type": "Feature", "properties": {"campus_id": "bowie", "surface_class": "Grass/Turf", "estimated_temp_f": 95}, "geometry": {"type": "Polygon", "coordinates": [[[-98.18363000000001, 26.194646000000002], [-98.18362, 26.194646000000002], [-98.18362, 26.194655], [-98.18363000000001, 26.194655], [-98.18363000000001, 26.194646000000002]]]}}, {"type": "Feature", "properties": {"campus_id": "bowie", "surface_class": "Asphalt/Concrete", "estimated_temp_f": 120}, "geometry": {"type": "Polygon", "coordinates": [[[-98.18363000000001, 26.194655], [-98.18362, 26.194655], [-98.18362, 26.194664], [-98.18363000000001, 26.194664], [-98.18363000000001, 26.194655]]]}}, {"type": "Feature", "properties": {"campus_id": "bowie", "surface_class": "Asphalt/Concrete", "estimated_temp_f": 120}, "geometry": {"type": "Polygon", "coordinates": [[[-98.18363000000001, 26.194664], [-98.18362, 26.194664], [-98.18362, 26.194672999999998], [-98.18363000000001, 26.194672999999998], [-98.18363000000001, 26.194664]]]}}, {"type": "Feature", "properties": {"campus_id": "bowie", "surface_class": "Asphalt/Concrete", "estimated_temp_f": 120}, "geometry": {"type": "Polygon", "coordinates": [[[-98.18363000000001, 26.194673], [-98.18362, 26.194673], [-98.18362, 26.194682], [-98.18363000000001, 26.194682], [-98.18363000000001, 26.194673]]]}}, {"type": "Feature", "properties": {"campus_id": "bowie", "surface_class": "Asphalt/Concrete", "estimated_temp_f": 120}, "geometry": {"type": "Polygon", "coordinates": [[[-98.18363000000001, 26.194682], [-98.18362, 26.194682], [-98.18362, 26.194691], [-98.18363000000001, 26.194691], [-98.18363000000001, 26.194682]]]}}, {"type": "Feature", "properties": {"campus_id": "bowie", "surface_class": "Asphalt/Concrete", "estimated_temp_f": 120}, "geometry": {"type": "Polygon", "coordinates": [[[-98.18363000000001, 26.194691000000002], [-98.18362, 26.194691000000002], [-98.18362, 26.1947], [-98.18363000000001, 26.1947], [-98.18363000000001, 26.194691000000002]]]}}, {"type": "Feature", "properties": {"campus_id": "bowie", "surface_class": "Asphalt/Concrete", "estimated_temp_f": 120}, "geometry": {"type": "Polygon", "coordinates": [[[-98.18363000000001, 26.1947], [-98.18362, 26.1947], [-98.18362, 26.194709], [-98.18363000000001, 26.194709], [-98.18363000000001, 26.1947]]]}}, {"type": "Feature", "properties": {"campus_id": "bowie", "surface_class": "Asphalt/Concrete", "estimated_temp_f": 120}, "geometry": {"type": "Polygon", "coordinates": [[[-98.18363000000001, 26.194709], [-98.18362, 26.194709], [-98.18362, 26.194717999999998], [-98.18363000000001, 26.194717999999998], [-98.18363000000001, 26.194709]]]}}, {"type": "Feature", "properties": {"campus_id": "bowie", "surface_class": "Asphalt/Concrete", "estimated_temp_f": 120}, "geometry": {"type": "Polygon", "coordinates": [[[-98.18363000000001, 26.194718], [-98.18362, 26.194718], [-98.18362, 26.194727], [-98.18363000000001, 26.194727], [-98.18363000000001, 26.194718]]]}}, {"type": "Feature", "properties": {"campus_id": "bowie", "surface_class": "Asphalt/Concrete", "estimated_temp_f": 120}, "geometry": {"type": "Polygon", "coordinates": [[[-98.18363000000001, 26.194727], [-98.18362, 26.194727], [-98.18362, 26.194736], [-98.18363000000001, 26.194736], [-98.18363000000001, 26.194727]]]}}, {"type": "Feature", "properties": {"campus_id": "bowie", "surface_class": "Asphalt/Concrete", "estimated_temp_f": 120}, "geometry": {"type": "Polygon", "coordinates": [[[-98.18363000000001, 26.194736000000002], [-98.18362, 26.194736000000002], [-98.18362, 26.194745], [-98.18363000000001, 26.194745], [-98.18363000000001, 26.194736000000002]]]}}, {"type": "Feature", "properties": {"campus_id": "bowie", "surface_class": "Asphalt/Concrete", "estimated_temp_f": 120}, "geometry": {"type": "Polygon", "coordinates": [[[-98.18363000000001, 26.194745], [-98.18362, 26.194745], [-98.18362, 26.194754], [-98.18363000000001, 26.194754], [-98.18363000000001, 26.194745]]]}}, {"type": "Feature", "properties": {"campus_id": "bowie", "surface_class": "Asphalt/Concrete", "estimated_temp_f": 120}, "geometry": {"type": "Polygon", "coordinates": [[[-98.18363000000001, 26.194754], [-98.18362, 26.194754], [-98.18362, 26.194763], [-98.18363000000001, 26.194763], [-98.18363000000001, 26.194754]]]}}, {"type": "Feature", "properties": {"campus_id": "bowie", "surface_class": "Asphalt/Concrete", "estimated_temp_f": 120}, "geometry": {"type": "Polygon", "coordinates": [[[-98.18363000000001, 26.194763000000002], [-98.18362, 26.194763000000002], [-98.18362, 26.194772], [-98.18363000000001, 26.194772], [-98.18363000000001, 26.194763000000002]]]}}, {"type": "Feature", "properties": {"campus_id": "bowie", "surface_class": "Asphalt/Concrete", "estimated_temp_f": 120}, "geometry": {"type": "Polygon", "coordinates": [[[-98.18363000000001, 26.194772], [-98.18362, 26.194772], [-98.18362, 26.194781], [-98.18363000000001, 26.194781], [-98.18363000000001, 26.194772]]]}}, {"type": "Feature", "properties": {"campus_id": "bowie", "surface_class": "Asphalt/Concrete", "estimated_temp_f": 120}, "geometry": {"type": "Polygon", "coordinates": [[[-98.18363000000001, 26.194781], [-98.18362, 26.194781], [-98.18362, 26.194789999999998], [-98.18363000000001, 26.194789999999998], [-98.18363000000001, 26.194781]]]}}, {"type": "Feature", "properties": {"campus_id": "bowie", "surface_class": "Asphalt/Concrete", "estimated_temp_f": 120}, "geometry": {"type": "Polygon", "coordinates": [[[-98.18363000000001, 26.19479], [-98.18362, 26.19479], [-98.18362, 26.194799], [-98.18363000000001, 26.194799], [-98.18363000000001, 26.19479]]]}}, {"type": "Feature", "properties": {"campus_id": "bowie", "surface_class": "Asphalt/Concrete", "estimated_temp_f": 120}, "geometry": {"type": "Polygon", "coordinates": [[[-98.18363000000001, 26.194799], [-98.18362, 26.194799], [-98.18362, 26.194808], [-98.18363000000001, 26.194808], [-98.18363000000001, 26.194799]]]}}, {"type": "Feature", "properties": {"campus_id": "bowie", "surface_class": "Asphalt/Concrete", "estimated_temp_f": 120}, "geometry": {"type": "Polygon", "coordinates": [[[-98.18363000000001, 26.194808000000002], [-98.18362, 26.194808000000002], [-98.18362, 26.194817], [-98.18363000000001, 26.194817], [-98.18363000000001, 26.194808000000002]]]}}, {"type": "Feature", "properties": {"campus_id": "bowie", "surface_class": "Asphalt/Concrete", "estimated_temp_f": 120}, "geometry": {"type": "Polygon", "coordinates": [[[-98.18363000000001, 26.194817], [-98.18362, 26.194817], [-98.18362, 26.194826], [-98.18363000000001, 26.194826], [-98.18363000000001, 26.194817]]]}}, {"type": "Feature", "properties": {"campus_id": "bowie", "surface_class": "Asphalt/Concrete", "estimated_temp_f": 120}, "geometry": {"type": "Polygon", "coordinates": [[[-98.18363000000001, 26.194826], [-98.18362, 26.194826], [-98.18362, 26.194834999999998], [-98.18363000000001, 26.194834999999998], [-98.18363000000001, 26.194826]]]}}, {"type": "Feature", "properties": {"campus_id": "bowie", "surface_class": "Grass/Turf", "estimated_temp_f": 95}, "geometry": {"type": "Polygon", "coordinates": [[[-98.18363000000001, 26.194835], [-98.18362, 26.194835], [-98.18362, 26.194844], [-98.18363000000001, 26.194844], [-98.18363000000001, 26.194835]]]}}, {"type": "Feature", "properties": {"campus_id": "bowie", "surface_class": "Asphalt/Concrete", "estimated_temp_f": 120}, "geometry": {"type": "Polygon", "coordinates": [[[-98.18363000000001, 26.194844], [-98.18362, 26.194844], [-98.18362, 26.194853], [-98.18363000000001, 26.194853], [-98.18363000000001, 26.194844]]]}}, {"type": "Feature", "properties": {"campus_id": "bowie", "surface_class": "Asphalt/Concrete", "estimated_temp_f": 120}, "geometry": {"type": "Polygon", "coordinates": [[[-98.18363000000001, 26.194853000000002], [-98.18362, 26.194853000000002], [-98.18362, 26.194862], [-98.18363000000001, 26.194862], [-98.18363000000001, 26.194853000000002]]]}}, {"type": "Feature", "properties": {"campus_id": "bowie", "surface_class": "Grass/Turf", "estimated_temp_f": 95}, "geometry": {"type": "Polygon", "coordinates": [[[-98.18363000000001, 26.194862], [-98.18362, 26.194862], [-98.18362, 26.194871], [-98.18363000000001, 26.194871], [-98.18363000000001, 26.194862]]]}}, {"type": "Feature", "properties": {"campus_id": "bowie", "surface_class": "Grass/Turf", "estimated_temp_f": 95}, "geometry": {"type": "Polygon", "coordinates": [[[-98.18363000000001, 26.194871], [-98.18362, 26.194871], [-98.18362, 26.194879999999998], [-98.18363000000001, 26.194879999999998], [-98.18363000000001, 26.194871]]]}}, {"type": "Feature", "properties": {"campus_id": "bowie", "surface_class": "Grass/Turf", "estimated_temp_f": 95}, "geometry": {"type": "Polygon", "coordinates": [[[-98.18362, 26.19452], [-98.18361, 26.19452], [-98.18361, 26.194529], [-98.18362, 26.194529], [-98.18362, 26.19452]]]}}, {"type": "Feature", "properties": {"campus_id": "bowie", "surface_class": "Asphalt/Concrete", "estimated_temp_f": 120}, "geometry": {"type": "Polygon", "coordinates": [[[-98.18362, 26.194529], [-98.18361, 26.194529], [-98.18361, 26.194537999999998], [-98.18362, 26.194537999999998], [-98.18362, 26.194529]]]}}, {"type": "Feature", "properties": {"campus_id": "bowie", "surface_class": "Canopy", "estimated_temp_f": 85}, "geometry": {"type": "Polygon", "coordinates": [[[-98.18362, 26.194538], [-98.18361, 26.194538], [-98.18361, 26.194547], [-98.18362, 26.194547], [-98.18362, 26.194538]]]}}, {"type": "Feature", "properties": {"campus_id": "bowie", "surface_class": "Asphalt/Concrete", "estimated_temp_f": 120}, "geometry": {"type": "Polygon", "coordinates": [[[-98.18362, 26.194547], [-98.18361, 26.194547], [-98.18361, 26.194556], [-98.18362, 26.194556], [-98.18362, 26.194547]]]}}, {"type": "Feature", "properties": {"campus_id": "bowie", "surface_class": "Asphalt/Concrete", "estimated_temp_f": 120}, "geometry": {"type": "Polygon", "coordinates": [[[-98.18362, 26.194556000000002], [-98.18361, 26.194556000000002], [-98.18361, 26.194565], [-98.18362, 26.194565], [-98.18362, 26.194556000000002]]]}}, {"type": "Feature", "properties": {"campus_id": "bowie", "surface_class": "Asphalt/Concrete", "estimated_temp_f": 120}, "geometry": {"type": "Polygon", "coordinates": [[[-98.18362, 26.194565], [-98.18361, 26.194565], [-98.18361, 26.194574], [-98.18362, 26.194574], [-98.18362, 26.194565]]]}}, {"type": "Feature", "properties": {"campus_id": "bowie", "surface_class": "Canopy", "estimated_temp_f": 85}, "geometry": {"type": "Polygon", "coordinates": [[[-98.18362, 26.194574], [-98.18361, 26.194574], [-98.18361, 26.194582999999998], [-98.18362, 26.194582999999998], [-98.18362, 26.194574]]]}}, {"type": "Feature", "properties": {"campus_id": "bowie", "surface_class": "Grass/Turf", "estimated_temp_f": 95}, "geometry": {"type": "Polygon", "coordinates": [[[-98.18362, 26.194583], [-98.18361, 26.194583], [-98.18361, 26.194592], [-98.18362, 26.194592], [-98.18362, 26.194583]]]}}, {"type": "Feature", "properties": {"campus_id": "bowie", "surface_class": "Asphalt/Concrete", "estimated_temp_f": 120}, "geometry": {"type": "Polygon", "coordinates": [[[-98.18362, 26.194592], [-98.18361, 26.194592], [-98.18361, 26.194601], [-98.18362, 26.194601], [-98.18362, 26.194592]]]}}, {"type": "Feature", "properties": {"campus_id": "bowie", "surface_class": "Asphalt/Concrete", "estimated_temp_f": 120}, "geometry": {"type": "Polygon", "coordinates": [[[-98.18362, 26.194601000000002], [-98.18361, 26.194601000000002], [-98.18361, 26.19461], [-98.18362, 26.19461], [-98.18362, 26.194601000000002]]]}}, {"type": "Feature", "properties": {"campus_id": "bowie", "surface_class": "Asphalt/Concrete", "estimated_temp_f": 120}, "geometry": {"type": "Polygon", "coordinates": [[[-98.18362, 26.19461], [-98.18361, 26.19461], [-98.18361, 26.194619], [-98.18362, 26.194619], [-98.18362, 26.19461]]]}}, {"type": "Feature", "properties": {"campus_id": "bowie", "surface_class": "Asphalt/Concrete", "estimated_temp_f": 120}, "geometry": {"type": "Polygon", "coordinates": [[[-98.18362, 26.194619], [-98.18361, 26.194619], [-98.18361, 26.194627999999998], [-98.18362, 26.194627999999998], [-98.18362, 26.194619]]]}}, {"type": "Feature", "properties": {"campus_id": "bowie", "surface_class": "Grass/Turf", "estimated_temp_f": 95}, "geometry": {"type": "Polygon", "coordinates": [[[-98.18362, 26.194628], [-98.18361, 26.194628], [-98.18361, 26.194637], [-98.18362, 26.194637], [-98.18362, 26.194628]]]}}, {"type": "Feature", "properties": {"campus_id": "bowie", "surface_class": "Asphalt/Concrete", "estimated_temp_f": 120}, "geometry": {"type": "Polygon", "coordinates": [[[-98.18362, 26.194637], [-98.18361, 26.194637], [-98.18361, 26.194646], [-98.18362, 26.194646], [-98.18362, 26.194637]]]}}, {"type": "Feature", "properties": {"campus_id": "bowie", "surface_class": "Asphalt/Concrete", "estimated_temp_f": 120}, "geometry": {"type": "Polygon", "coordinates": [[[-98.18362, 26.194646000000002], [-98.18361, 26.194646000000002], [-98.18361, 26.194655], [-98.18362, 26.194655], [-98.18362, 26.194646000000002]]]}}, {"type": "Feature", "properties": {"campus_id": "bowie", "surface_class": "Asphalt/Concrete", "estimated_temp_f": 120}, "geometry": {"type": "Polygon", "coordinates": [[[-98.18362, 26.194655], [-98.18361, 26.194655], [-98.18361, 26.194664], [-98.18362, 26.194664], [-98.18362, 26.194655]]]}}, {"type": "Feature", "properties": {"campus_id": "bowie", "surface_class": "Asphalt/Concrete", "estimated_temp_f": 120}, "geometry": {"type": "Polygon", "coordinates": [[[-98.18362, 26.194664], [-98.18361, 26.194664], [-98.18361, 26.194672999999998], [-98.18362, 26.194672999999998], [-98.18362, 26.194664]]]}}, {"type": "Feature", "properties": {"campus_id": "bowie", "surface_class": "Grass/Turf", "estimated_temp_f": 95}, "geometry": {"type": "Polygon", "coordinates": [[[-98.18362, 26.194673], [-98.18361, 26.194673], [-98.18361, 26.194682], [-98.18362, 26.194682], [-98.18362, 26.194673]]]}}, {"type": "Feature", "properties": {"campus_id": "bowie", "surface_class": "Asphalt/Concrete", "estimated_temp_f": 120}, "geometry": {"type": "Polygon", "coordinates": [[[-98.18362, 26.194682], [-98.18361, 26.194682], [-98.18361, 26.194691], [-98.18362, 26.194691], [-98.18362, 26.194682]]]}}, {"type": "Feature", "properties": {"campus_id": "bowie", "surface_class": "Asphalt/Concrete", "estimated_temp_f": 120}, "geometry": {"type": "Polygon", "coordinates": [[[-98.18362, 26.194691000000002], [-98.18361, 26.194691000000002], [-98.18361, 26.1947], [-98.18362, 26.1947], [-98.18362, 26.194691000000002]]]}}, {"type": "Feature", "properties": {"campus_id": "bowie", "surface_class": "Asphalt/Concrete", "estimated_temp_f": 120}, "geometry": {"type": "Polygon", "coordinates": [[[-98.18362, 26.1947], [-98.18361, 26.1947], [-98.18361, 26.194709], [-98.18362, 26.194709], [-98.18362, 26.1947]]]}}, {"type": "Feature", "properties": {"campus_id": "bowie", "surface_class": "Asphalt/Concrete", "estimated_temp_f": 120}, "geometry": {"type": "Polygon", "coordinates": [[[-98.18362, 26.194709], [-98.18361, 26.194709], [-98.18361, 26.194717999999998], [-98.18362, 26.194717999999998], [-98.18362, 26.194709]]]}}, {"type": "Feature", "properties": {"campus_id": "bowie", "surface_class": "Asphalt/Concrete", "estimated_temp_f": 120}, "geometry": {"type": "Polygon", "coordinates": [[[-98.18362, 26.194718], [-98.18361, 26.194718], [-98.18361, 26.194727], [-98.18362, 26.194727], [-98.18362, 26.194718]]]}}, {"type": "Feature", "properties": {"campus_id": "bowie", "surface_class": "Asphalt/Concrete", "estimated_temp_f": 120}, "geometry": {"type": "Polygon", "coordinates": [[[-98.18362, 26.194727], [-98.18361, 26.194727], [-98.18361, 26.194736], [-98.18362, 26.194736], [-98.18362, 26.194727]]]}}, {"type": "Feature", "properties": {"campus_id": "bowie", "surface_class": "Asphalt/Concrete", "estimated_temp_f": 120}, "geometry": {"type": "Polygon", "coordinates": [[[-98.18362, 26.194736000000002], [-98.18361, 26.194736000000002], [-98.18361, 26.194745], [-98.18362, 26.194745], [-98.18362, 26.194736000000002]]]}}, {"type": "Feature", "properties": {"campus_id": "bowie", "surface_class": "Asphalt/Concrete", "estimated_temp_f": 120}, "geometry": {"type": "Polygon", "coordinates": [[[-98.18362, 26.194745], [-98.18361, 26.194745], [-98.18361, 26.194754], [-98.18362, 26.194754], [-98.18362, 26.194745]]]}}, {"type": "Feature", "properties": {"campus_id": "bowie", "surface_class": "Grass/Turf", "estimated_temp_f": 95}, "geometry": {"type": "Polygon", "coordinates": [[[-98.18362, 26.194754], [-98.18361, 26.194754], [-98.18361, 26.194763], [-98.18362, 26.194763], [-98.18362, 26.194754]]]}}, {"type": "Feature", "properties": {"campus_id": "bowie", "surface_class": "Asphalt/Concrete", "estimated_temp_f": 120}, "geometry": {"type": "Polygon", "coordinates": [[[-98.18362, 26.194763000000002], [-98.18361, 26.194763000000002], [-98.18361, 26.194772], [-98.18362, 26.194772], [-98.18362, 26.194763000000002]]]}}, {"type": "Feature", "properties": {"campus_id": "bowie", "surface_class": "Asphalt/Concrete", "estimated_temp_f": 120}, "geometry": {"type": "Polygon", "coordinates": [[[-98.18362, 26.194772], [-98.18361, 26.194772], [-98.18361, 26.194781], [-98.18362, 26.194781], [-98.18362, 26.194772]]]}}, {"type": "Feature", "properties": {"campus_id": "bowie", "surface_class": "Asphalt/Concrete", "estimated_temp_f": 120}, "geometry": {"type": "Polygon", "coordinates": [[[-98.18362, 26.194781], [-98.18361, 26.194781], [-98.18361, 26.194789999999998], [-98.18362, 26.194789999999998], [-98.18362, 26.194781]]]}}, {"type": "Feature", "properties": {"campus_id": "bowie", "surface_class": "Asphalt/Concrete", "estimated_temp_f": 120}, "geometry": {"type": "Polygon", "coordinates": [[[-98.18362, 26.19479], [-98.18361, 26.19479], [-98.18361, 26.194799], [-98.18362, 26.194799], [-98.18362, 26.19479]]]}}, {"type": "Feature", "properties": {"campus_id": "bowie", "surface_class": "Grass/Turf", "estimated_temp_f": 95}, "geometry": {"type": "Polygon", "coordinates": [[[-98.18362, 26.194799], [-98.18361, 26.194799], [-98.18361, 26.194808], [-98.18362, 26.194808], [-98.18362, 26.194799]]]}}, {"type": "Feature", "properties": {"campus_id": "bowie", "surface_class": "Grass/Turf", "estimated_temp_f": 95}, "geometry": {"type": "Polygon", "coordinates": [[[-98.18362, 26.194808000000002], [-98.18361, 26.194808000000002], [-98.18361, 26.194817], [-98.18362, 26.194817], [-98.18362, 26.194808000000002]]]}}, {"type": "Feature", "properties": {"campus_id": "bowie", "surface_class": "Asphalt/Concrete", "estimated_temp_f": 120}, "geometry": {"type": "Polygon", "coordinates": [[[-98.18362, 26.194817], [-98.18361, 26.194817], [-98.18361, 26.194826], [-98.18362, 26.194826], [-98.18362, 26.194817]]]}}, {"type": "Feature", "properties": {"campus_id": "bowie", "surface_class": "Canopy", "estimated_temp_f": 85}, "geometry": {"type": "Polygon", "coordinates": [[[-98.18362, 26.194826], [-98.18361, 26.194826], [-98.18361, 26.194834999999998], [-98.18362, 26.194834999999998], [-98.18362, 26.194826]]]}}, {"type": "Feature", "properties": {"campus_id": "bowie", "surface_class": "Asphalt/Concrete", "estimated_temp_f": 120}, "geometry": {"type": "Polygon", "coordinates": [[[-98.18362, 26.194835], [-98.18361, 26.194835], [-98.18361, 26.194844], [-98.18362, 26.194844], [-98.18362, 26.194835]]]}}, {"type": "Feature", "properties": {"campus_id": "bowie", "surface_class": "Asphalt/Concrete", "estimated_temp_f": 120}, "geometry": {"type": "Polygon", "coordinates": [[[-98.18362, 26.194844], [-98.18361, 26.194844], [-98.18361, 26.194853], [-98.18362, 26.194853], [-98.18362, 26.194844]]]}}, {"type": "Feature", "properties": {"campus_id": "bowie", "surface_class": "Asphalt/Concrete", "estimated_temp_f": 120}, "geometry": {"type": "Polygon", "coordinates": [[[-98.18362, 26.194853000000002], [-98.18361, 26.194853000000002], [-98.18361, 26.194862], [-98.18362, 26.194862], [-98.18362, 26.194853000000002]]]}}, {"type": "Feature", "properties": {"campus_id": "bowie", "surface_class": "Grass/Turf", "estimated_temp_f": 95}, "geometry": {"type": "Polygon", "coordinates": [[[-98.18362, 26.194862], [-98.18361, 26.194862], [-98.18361, 26.194871], [-98.18362, 26.194871], [-98.18362, 26.194862]]]}}, {"type": "Feature", "properties": {"campus_id": "bowie", "surface_class": "Grass/Turf", "estimated_temp_f": 95}, "geometry": {"type": "Polygon", "coordinates": [[[-98.18362, 26.194871], [-98.18361, 26.194871], [-98.18361, 26.194879999999998], [-98.18362, 26.194879999999998], [-98.18362, 26.194871]]]}}, {"type": "Feature", "properties": {"campus_id": "bowie", "surface_class": "Asphalt/Concrete", "estimated_temp_f": 120}, "geometry": {"type": "Polygon", "coordinates": [[[-98.18361, 26.19452], [-98.1836, 26.19452], [-98.1836, 26.194529], [-98.18361, 26.194529], [-98.18361, 26.19452]]]}}, {"type": "Feature", "properties": {"campus_id": "bowie", "surface_class": "Asphalt/Concrete", "estimated_temp_f": 120}, "geometry": {"type": "Polygon", "coordinates": [[[-98.18361, 26.194529], [-98.1836, 26.194529], [-98.1836, 26.194537999999998], [-98.18361, 26.194537999999998], [-98.18361, 26.194529]]]}}, {"type": "Feature", "properties": {"campus_id": "bowie", "surface_class": "Asphalt/Concrete", "estimated_temp_f": 120}, "geometry": {"type": "Polygon", "coordinates": [[[-98.18361, 26.194538], [-98.1836, 26.194538], [-98.1836, 26.194547], [-98.18361, 26.194547], [-98.18361, 26.194538]]]}}, {"type": "Feature", "properties": {"campus_id": "bowie", "surface_class": "Asphalt/Concrete", "estimated_temp_f": 120}, "geometry": {"type": "Polygon", "coordinates": [[[-98.18361, 26.194547], [-98.1836, 26.194547], [-98.1836, 26.194556], [-98.18361, 26.194556], [-98.18361, 26.194547]]]}}, {"type": "Feature", "properties": {"campus_id": "bowie", "surface_class": "Asphalt/Concrete", "estimated_temp_f": 120}, "geometry": {"type": "Polygon", "coordinates": [[[-98.18361, 26.194556000000002], [-98.1836, 26.194556000000002], [-98.1836, 26.194565], [-98.18361, 26.194565], [-98.18361, 26.194556000000002]]]}}, {"type": "Feature", "properties": {"campus_id": "bowie", "surface_class": "Grass/Turf", "estimated_temp_f": 95}, "geometry": {"type": "Polygon", "coordinates": [[[-98.18361, 26.194565], [-98.1836, 26.194565], [-98.1836, 26.194574], [-98.18361, 26.194574], [-98.18361, 26.194565]]]}}, {"type": "Feature", "properties": {"campus_id": "bowie", "surface_class": "Asphalt/Concrete", "estimated_temp_f": 120}, "geometry": {"type": "Polygon", "coordinates": [[[-98.18361, 26.194574], [-98.1836, 26.194574], [-98.1836, 26.194582999999998], [-98.18361, 26.194582999999998], [-98.18361, 26.194574]]]}}, {"type": "Feature", "properties": {"campus_id": "bowie", "surface_class": "Asphalt/Concrete", "estimated_temp_f": 120}, "geometry": {"type": "Polygon", "coordinates": [[[-98.18361, 26.194583], [-98.1836, 26.194583], [-98.1836, 26.194592], [-98.18361, 26.194592], [-98.18361, 26.194583]]]}}, {"type": "Feature", "properties": {"campus_id": "bowie", "surface_class": "Asphalt/Concrete", "estimated_temp_f": 120}, "geometry": {"type": "Polygon", "coordinates": [[[-98.18361, 26.194592], [-98.1836, 26.194592], [-98.1836, 26.194601], [-98.18361, 26.194601], [-98.18361, 26.194592]]]}}, {"type": "Feature", "properties": {"campus_id": "bowie", "surface_class": "Grass/Turf", "estimated_temp_f": 95}, "geometry": {"type": "Polygon", "coordinates": [[[-98.18361, 26.194601000000002], [-98.1836, 26.194601000000002], [-98.1836, 26.19461], [-98.18361, 26.19461], [-98.18361, 26.194601000000002]]]}}, {"type": "Feature", "properties": {"campus_id": "bowie", "surface_class": "Asphalt/Concrete", "estimated_temp_f": 120}, "geometry": {"type": "Polygon", "coordinates": [[[-98.18361, 26.19461], [-98.1836, 26.19461], [-98.1836, 26.194619], [-98.18361, 26.194619], [-98.18361, 26.19461]]]}}, {"type": "Feature", "properties": {"campus_id": "bowie", "surface_class": "Asphalt/Concrete", "estimated_temp_f": 120}, "geometry": {"type": "Polygon", "coordinates": [[[-98.18361, 26.194619], [-98.1836, 26.194619], [-98.1836, 26.194627999999998], [-98.18361, 26.194627999999998], [-98.18361, 26.194619]]]}}, {"type": "Feature", "properties": {"campus_id": "bowie", "surface_class": "Asphalt/Concrete", "estimated_temp_f": 120}, "geometry": {"type": "Polygon", "coordinates": [[[-98.18361, 26.194628], [-98.1836, 26.194628], [-98.1836, 26.194637], [-98.18361, 26.194637], [-98.18361, 26.194628]]]}}, {"type": "Feature", "properties": {"campus_id": "bowie", "surface_class": "Asphalt/Concrete", "estimated_temp_f": 120}, "geometry": {"type": "Polygon", "coordinates": [[[-98.18361, 26.194637], [-98.1836, 26.194637], [-98.1836, 26.194646], [-98.18361, 26.194646], [-98.18361, 26.194637]]]}}, {"type": "Feature", "properties": {"campus_id": "bowie", "surface_class": "Asphalt/Concrete", "estimated_temp_f": 120}, "geometry": {"type": "Polygon", "coordinates": [[[-98.18361, 26.194646000000002], [-98.1836, 26.194646000000002], [-98.1836, 26.194655], [-98.18361, 26.194655], [-98.18361, 26.194646000000002]]]}}, {"type": "Feature", "properties": {"campus_id": "bowie", "surface_class": "Asphalt/Concrete", "estimated_temp_f": 120}, "geometry": {"type": "Polygon", "coordinates": [[[-98.18361, 26.194655], [-98.1836, 26.194655], [-98.1836, 26.194664], [-98.18361, 26.194664], [-98.18361, 26.194655]]]}}, {"type": "Feature", "properties": {"campus_id": "bowie", "surface_class": "Asphalt/Concrete", "estimated_temp_f": 120}, "geometry": {"type": "Polygon", "coordinates": [[[-98.18361, 26.194664], [-98.1836, 26.194664], [-98.1836, 26.194672999999998], [-98.18361, 26.194672999999998], [-98.18361, 26.194664]]]}}, {"type": "Feature", "properties": {"campus_id": "bowie", "surface_class": "Asphalt/Concrete", "estimated_temp_f": 120}, "geometry": {"type": "Polygon", "coordinates": [[[-98.18361, 26.194673], [-98.1836, 26.194673], [-98.1836, 26.194682], [-98.18361, 26.194682], [-98.18361, 26.194673]]]}}, {"type": "Feature", "properties": {"campus_id": "bowie", "surface_class": "Asphalt/Concrete", "estimated_temp_f": 120}, "geometry": {"type": "Polygon", "coordinates": [[[-98.18361, 26.194682], [-98.1836, 26.194682], [-98.1836, 26.194691], [-98.18361, 26.194691], [-98.18361, 26.194682]]]}}, {"type": "Feature", "properties": {"campus_id": "bowie", "surface_class": "Asphalt/Concrete", "estimated_temp_f": 120}, "geometry": {"type": "Polygon", "coordinates": [[[-98.18361, 26.194691000000002], [-98.1836, 26.194691000000002], [-98.1836, 26.1947], [-98.18361, 26.1947], [-98.18361, 26.194691000000002]]]}}, {"type": "Feature", "properties": {"campus_id": "bowie", "surface_class": "Asphalt/Concrete", "estimated_temp_f": 120}, "geometry": {"type": "Polygon", "coordinates": [[[-98.18361, 26.1947], [-98.1836, 26.1947], [-98.1836, 26.194709], [-98.18361, 26.194709], [-98.18361, 26.1947]]]}}, {"type": "Feature", "properties": {"campus_id": "bowie", "surface_class": "Asphalt/Concrete", "estimated_temp_f": 120}, "geometry": {"type": "Polygon", "coordinates": [[[-98.18361, 26.194709], [-98.1836, 26.194709], [-98.1836, 26.194717999999998], [-98.18361, 26.194717999999998], [-98.18361, 26.194709]]]}}, {"type": "Feature", "properties": {"campus_id": "bowie", "surface_class": "Asphalt/Concrete", "estimated_temp_f": 120}, "geometry": {"type": "Polygon", "coordinates": [[[-98.18361, 26.194718], [-98.1836, 26.194718], [-98.1836, 26.194727], [-98.18361, 26.194727], [-98.18361, 26.194718]]]}}, {"type": "Feature", "properties": {"campus_id": "bowie", "surface_class": "Asphalt/Concrete", "estimated_temp_f": 120}, "geometry": {"type": "Polygon", "coordinates": [[[-98.18361, 26.194727], [-98.1836, 26.194727], [-98.1836, 26.194736], [-98.18361, 26.194736], [-98.18361, 26.194727]]]}}, {"type": "Feature", "properties": {"campus_id": "bowie", "surface_class": "Grass/Turf", "estimated_temp_f": 95}, "geometry": {"type": "Polygon", "coordinates": [[[-98.18361, 26.194736000000002], [-98.1836, 26.194736000000002], [-98.1836, 26.194745], [-98.18361, 26.194745], [-98.18361, 26.194736000000002]]]}}, {"type": "Feature", "properties": {"campus_id": "bowie", "surface_class": "Grass/Turf", "estimated_temp_f": 95}, "geometry": {"type": "Polygon", "coordinates": [[[-98.18361, 26.194745], [-98.1836, 26.194745], [-98.1836, 26.194754], [-98.18361, 26.194754], [-98.18361, 26.194745]]]}}, {"type": "Feature", "properties": {"campus_id": "bowie", "surface_class": "Asphalt/Concrete", "estimated_temp_f": 120}, "geometry": {"type": "Polygon", "coordinates": [[[-98.18361, 26.194754], [-98.1836, 26.194754], [-98.1836, 26.194763], [-98.18361, 26.194763], [-98.18361, 26.194754]]]}}, {"type": "Feature", "properties": {"campus_id": "bowie", "surface_class": "Asphalt/Concrete", "estimated_temp_f": 120}, "geometry": {"type": "Polygon", "coordinates": [[[-98.18361, 26.194763000000002], [-98.1836, 26.194763000000002], [-98.1836, 26.194772], [-98.18361, 26.194772], [-98.18361, 26.194763000000002]]]}}, {"type": "Feature", "properties": {"campus_id": "bowie", "surface_class": "Asphalt/Concrete", "estimated_temp_f": 120}, "geometry": {"type": "Polygon", "coordinates": [[[-98.18361, 26.194772], [-98.1836, 26.194772], [-98.1836, 26.194781], [-98.18361, 26.194781], [-98.18361, 26.194772]]]}}, {"type": "Feature", "properties": {"campus_id": "bowie", "surface_class": "Asphalt/Concrete", "estimated_temp_f": 120}, "geometry": {"type": "Polygon", "coordinates": [[[-98.18361, 26.194781], [-98.1836, 26.194781], [-98.1836, 26.194789999999998], [-98.18361, 26.194789999999998], [-98.18361, 26.194781]]]}}, {"type": "Feature", "properties": {"campus_id": "bowie", "surface_class": "Grass/Turf", "estimated_temp_f": 95}, "geometry": {"type": "Polygon", "coordinates": [[[-98.18361, 26.19479], [-98.1836, 26.19479], [-98.1836, 26.194799], [-98.18361, 26.194799], [-98.18361, 26.19479]]]}}, {"type": "Feature", "properties": {"campus_id": "bowie", "surface_class": "Asphalt/Concrete", "estimated_temp_f": 120}, "geometry": {"type": "Polygon", "coordinates": [[[-98.18361, 26.194799], [-98.1836, 26.194799], [-98.1836, 26.194808], [-98.18361, 26.194808], [-98.18361, 26.194799]]]}}, {"type": "Feature", "properties": {"campus_id": "bowie", "surface_class": "Asphalt/Concrete", "estimated_temp_f": 120}, "geometry": {"type": "Polygon", "coordinates": [[[-98.18361, 26.194808000000002], [-98.1836, 26.194808000000002], [-98.1836, 26.194817], [-98.18361, 26.194817], [-98.18361, 26.194808000000002]]]}}, {"type": "Feature", "properties": {"campus_id": "bowie", "surface_class": "Asphalt/Concrete", "estimated_temp_f": 120}, "geometry": {"type": "Polygon", "coordinates": [[[-98.18361, 26.194817], [-98.1836, 26.194817], [-98.1836, 26.194826], [-98.18361, 26.194826], [-98.18361, 26.194817]]]}}, {"type": "Feature", "properties": {"campus_id": "bowie", "surface_class": "Asphalt/Concrete", "estimated_temp_f": 120}, "geometry": {"type": "Polygon", "coordinates": [[[-98.18361, 26.194826], [-98.1836, 26.194826], [-98.1836, 26.194834999999998], [-98.18361, 26.194834999999998], [-98.18361, 26.194826]]]}}, {"type": "Feature", "properties": {"campus_id": "bowie", "surface_class": "Asphalt/Concrete", "estimated_temp_f": 120}, "geometry": {"type": "Polygon", "coordinates": [[[-98.18361, 26.194835], [-98.1836, 26.194835], [-98.1836, 26.194844], [-98.18361, 26.194844], [-98.18361, 26.194835]]]}}, {"type": "Feature", "properties": {"campus_id": "bowie", "surface_class": "Asphalt/Concrete", "estimated_temp_f": 120}, "geometry": {"type": "Polygon", "coordinates": [[[-98.18361, 26.194844], [-98.1836, 26.194844], [-98.1836, 26.194853], [-98.18361, 26.194853], [-98.18361, 26.194844]]]}}, {"type": "Feature", "properties": {"campus_id": "bowie", "surface_class": "Asphalt/Concrete", "estimated_temp_f": 120}, "geometry": {"type": "Polygon", "coordinates": [[[-98.18361, 26.194853000000002], [-98.1836, 26.194853000000002], [-98.1836, 26.194862], [-98.18361, 26.194862], [-98.18361, 26.194853000000002]]]}}, {"type": "Feature", "properties": {"campus_id": "bowie", "surface_class": "Asphalt/Concrete", "estimated_temp_f": 120}, "geometry": {"type": "Polygon", "coordinates": [[[-98.18361, 26.194862], [-98.1836, 26.194862], [-98.1836, 26.194871], [-98.18361, 26.194871], [-98.18361, 26.194862]]]}}, {"type": "Feature", "properties": {"campus_id": "bowie", "surface_class": "Asphalt/Concrete", "estimated_temp_f": 120}, "geometry": {"type": "Polygon", "coordinates": [[[-98.18361, 26.194871], [-98.1836, 26.194871], [-98.1836, 26.194879999999998], [-98.18361, 26.194879999999998], [-98.18361, 26.194871]]]}}, {"type": "Feature", "properties": {"campus_id": "bowie", "surface_class": "Grass/Turf", "estimated_temp_f": 95}, "geometry": {"type": "Polygon", "coordinates": [[[-98.1836, 26.19452], [-98.18359, 26.19452], [-98.18359, 26.194529], [-98.1836, 26.194529], [-98.1836, 26.19452]]]}}, {"type": "Feature", "properties": {"campus_id": "bowie", "surface_class": "Grass/Turf", "estimated_temp_f": 95}, "geometry": {"type": "Polygon", "coordinates": [[[-98.1836, 26.194529], [-98.18359, 26.194529], [-98.18359, 26.194537999999998], [-98.1836, 26.194537999999998], [-98.1836, 26.194529]]]}}, {"type": "Feature", "properties": {"campus_id": "bowie", "surface_class": "Asphalt/Concrete", "estimated_temp_f": 120}, "geometry": {"type": "Polygon", "coordinates": [[[-98.1836, 26.194538], [-98.18359, 26.194538], [-98.18359, 26.194547], [-98.1836, 26.194547], [-98.1836, 26.194538]]]}}, {"type": "Feature", "properties": {"campus_id": "bowie", "surface_class": "Asphalt/Concrete", "estimated_temp_f": 120}, "geometry": {"type": "Polygon", "coordinates": [[[-98.1836, 26.194547], [-98.18359, 26.194547], [-98.18359, 26.194556], [-98.1836, 26.194556], [-98.1836, 26.194547]]]}}, {"type": "Feature", "properties": {"campus_id": "bowie", "surface_class": "Asphalt/Concrete", "estimated_temp_f": 120}, "geometry": {"type": "Polygon", "coordinates": [[[-98.1836, 26.194556000000002], [-98.18359, 26.194556000000002], [-98.18359, 26.194565], [-98.1836, 26.194565], [-98.1836, 26.194556000000002]]]}}, {"type": "Feature", "properties": {"campus_id": "bowie", "surface_class": "Grass/Turf", "estimated_temp_f": 95}, "geometry": {"type": "Polygon", "coordinates": [[[-98.1836, 26.194565], [-98.18359, 26.194565], [-98.18359, 26.194574], [-98.1836, 26.194574], [-98.1836, 26.194565]]]}}, {"type": "Feature", "properties": {"campus_id": "bowie", "surface_class": "Asphalt/Concrete", "estimated_temp_f": 120}, "geometry": {"type": "Polygon", "coordinates": [[[-98.1836, 26.194574], [-98.18359, 26.194574], [-98.18359, 26.194582999999998], [-98.1836, 26.194582999999998], [-98.1836, 26.194574]]]}}, {"type": "Feature", "properties": {"campus_id": "bowie", "surface_class": "Asphalt/Concrete", "estimated_temp_f": 120}, "geometry": {"type": "Polygon", "coordinates": [[[-98.1836, 26.194583], [-98.18359, 26.194583], [-98.18359, 26.194592], [-98.1836, 26.194592], [-98.1836, 26.194583]]]}}, {"type": "Feature", "properties": {"campus_id": "bowie", "surface_class": "Asphalt/Concrete", "estimated_temp_f": 120}, "geometry": {"type": "Polygon", "coordinates": [[[-98.1836, 26.194592], [-98.18359, 26.194592], [-98.18359, 26.194601], [-98.1836, 26.194601], [-98.1836, 26.194592]]]}}, {"type": "Feature", "properties": {"campus_id": "bowie", "surface_class": "Asphalt/Concrete", "estimated_temp_f": 120}, "geometry": {"type": "Polygon", "coordinates": [[[-98.1836, 26.194601000000002], [-98.18359, 26.194601000000002], [-98.18359, 26.19461], [-98.1836, 26.19461], [-98.1836, 26.194601000000002]]]}}, {"type": "Feature", "properties": {"campus_id": "bowie", "surface_class": "Asphalt/Concrete", "estimated_temp_f": 120}, "geometry": {"type": "Polygon", "coordinates": [[[-98.1836, 26.19461], [-98.18359, 26.19461], [-98.18359, 26.194619], [-98.1836, 26.194619], [-98.1836, 26.19461]]]}}, {"type": "Feature", "properties": {"campus_id": "bowie", "surface_class": "Asphalt/Concrete", "estimated_temp_f": 120}, "geometry": {"type": "Polygon", "coordinates": [[[-98.1836, 26.194619], [-98.18359, 26.194619], [-98.18359, 26.194627999999998], [-98.1836, 26.194627999999998], [-98.1836, 26.194619]]]}}, {"type": "Feature", "properties": {"campus_id": "bowie", "surface_class": "Asphalt/Concrete", "estimated_temp_f": 120}, "geometry": {"type": "Polygon", "coordinates": [[[-98.1836, 26.194628], [-98.18359, 26.194628], [-98.18359, 26.194637], [-98.1836, 26.194637], [-98.1836, 26.194628]]]}}, {"type": "Feature", "properties": {"campus_id": "bowie", "surface_class": "Grass/Turf", "estimated_temp_f": 95}, "geometry": {"type": "Polygon", "coordinates": [[[-98.1836, 26.194637], [-98.18359, 26.194637], [-98.18359, 26.194646], [-98.1836, 26.194646], [-98.1836, 26.194637]]]}}, {"type": "Feature", "properties": {"campus_id": "bowie", "surface_class": "Asphalt/Concrete", "estimated_temp_f": 120}, "geometry": {"type": "Polygon", "coordinates": [[[-98.1836, 26.194646000000002], [-98.18359, 26.194646000000002], [-98.18359, 26.194655], [-98.1836, 26.194655], [-98.1836, 26.194646000000002]]]}}, {"type": "Feature", "properties": {"campus_id": "bowie", "surface_class": "Asphalt/Concrete", "estimated_temp_f": 120}, "geometry": {"type": "Polygon", "coordinates": [[[-98.1836, 26.194655], [-98.18359, 26.194655], [-98.18359, 26.194664], [-98.1836, 26.194664], [-98.1836, 26.194655]]]}}, {"type": "Feature", "properties": {"campus_id": "bowie", "surface_class": "Asphalt/Concrete", "estimated_temp_f": 120}, "geometry": {"type": "Polygon", "coordinates": [[[-98.1836, 26.194664], [-98.18359, 26.194664], [-98.18359, 26.194672999999998], [-98.1836, 26.194672999999998], [-98.1836, 26.194664]]]}}, {"type": "Feature", "properties": {"campus_id": "bowie", "surface_class": "Asphalt/Concrete", "estimated_temp_f": 120}, "geometry": {"type": "Polygon", "coordinates": [[[-98.1836, 26.194673], [-98.18359, 26.194673], [-98.18359, 26.194682], [-98.1836, 26.194682], [-98.1836, 26.194673]]]}}, {"type": "Feature", "properties": {"campus_id": "bowie", "surface_class": "Asphalt/Concrete", "estimated_temp_f": 120}, "geometry": {"type": "Polygon", "coordinates": [[[-98.1836, 26.194682], [-98.18359, 26.194682], [-98.18359, 26.194691], [-98.1836, 26.194691], [-98.1836, 26.194682]]]}}, {"type": "Feature", "properties": {"campus_id": "bowie", "surface_class": "Asphalt/Concrete", "estimated_temp_f": 120}, "geometry": {"type": "Polygon", "coordinates": [[[-98.1836, 26.194691000000002], [-98.18359, 26.194691000000002], [-98.18359, 26.1947], [-98.1836, 26.1947], [-98.1836, 26.194691000000002]]]}}, {"type": "Feature", "properties": {"campus_id": "bowie", "surface_class": "Asphalt/Concrete", "estimated_temp_f": 120}, "geometry": {"type": "Polygon", "coordinates": [[[-98.1836, 26.1947], [-98.18359, 26.1947], [-98.18359, 26.194709], [-98.1836, 26.194709], [-98.1836, 26.1947]]]}}, {"type": "Feature", "properties": {"campus_id": "bowie", "surface_class": "Asphalt/Concrete", "estimated_temp_f": 120}, "geometry": {"type": "Polygon", "coordinates": [[[-98.1836, 26.194709], [-98.18359, 26.194709], [-98.18359, 26.194717999999998], [-98.1836, 26.194717999999998], [-98.1836, 26.194709]]]}}, {"type": "Feature", "properties": {"campus_id": "bowie", "surface_class": "Canopy", "estimated_temp_f": 85}, "geometry": {"type": "Polygon", "coordinates": [[[-98.1836, 26.194718], [-98.18359, 26.194718], [-98.18359, 26.194727], [-98.1836, 26.194727], [-98.1836, 26.194718]]]}}, {"type": "Feature", "properties": {"campus_id": "bowie", "surface_class": "Asphalt/Concrete", "estimated_temp_f": 120}, "geometry": {"type": "Polygon", "coordinates": [[[-98.1836, 26.194727], [-98.18359, 26.194727], [-98.18359, 26.194736], [-98.1836, 26.194736], [-98.1836, 26.194727]]]}}, {"type": "Feature", "properties": {"campus_id": "bowie", "surface_class": "Grass/Turf", "estimated_temp_f": 95}, "geometry": {"type": "Polygon", "coordinates": [[[-98.1836, 26.194736000000002], [-98.18359, 26.194736000000002], [-98.18359, 26.194745], [-98.1836, 26.194745], [-98.1836, 26.194736000000002]]]}}, {"type": "Feature", "properties": {"campus_id": "bowie", "surface_class": "Asphalt/Concrete", "estimated_temp_f": 120}, "geometry": {"type": "Polygon", "coordinates": [[[-98.1836, 26.194745], [-98.18359, 26.194745], [-98.18359, 26.194754], [-98.1836, 26.194754], [-98.1836, 26.194745]]]}}, {"type": "Feature", "properties": {"campus_id": "bowie", "surface_class": "Asphalt/Concrete", "estimated_temp_f": 120}, "geometry": {"type": "Polygon", "coordinates": [[[-98.1836, 26.194754], [-98.18359, 26.194754], [-98.18359, 26.194763], [-98.1836, 26.194763], [-98.1836, 26.194754]]]}}, {"type": "Feature", "properties": {"campus_id": "bowie", "surface_class": "Asphalt/Concrete", "estimated_temp_f": 120}, "geometry": {"type": "Polygon", "coordinates": [[[-98.1836, 26.194763000000002], [-98.18359, 26.194763000000002], [-98.18359, 26.194772], [-98.1836, 26.194772], [-98.1836, 26.194763000000002]]]}}, {"type": "Feature", "properties": {"campus_id": "bowie", "surface_class": "Asphalt/Concrete", "estimated_temp_f": 120}, "geometry": {"type": "Polygon", "coordinates": [[[-98.1836, 26.194772], [-98.18359, 26.194772], [-98.18359, 26.194781], [-98.1836, 26.194781], [-98.1836, 26.194772]]]}}, {"type": "Feature", "properties": {"campus_id": "bowie", "surface_class": "Asphalt/Concrete", "estimated_temp_f": 120}, "geometry": {"type": "Polygon", "coordinates": [[[-98.1836, 26.194781], [-98.18359, 26.194781], [-98.18359, 26.194789999999998], [-98.1836, 26.194789999999998], [-98.1836, 26.194781]]]}}, {"type": "Feature", "properties": {"campus_id": "bowie", "surface_class": "Asphalt/Concrete", "estimated_temp_f": 120}, "geometry": {"type": "Polygon", "coordinates": [[[-98.1836, 26.19479], [-98.18359, 26.19479], [-98.18359, 26.194799], [-98.1836, 26.194799], [-98.1836, 26.19479]]]}}, {"type": "Feature", "properties": {"campus_id": "bowie", "surface_class": "Asphalt/Concrete", "estimated_temp_f": 120}, "geometry": {"type": "Polygon", "coordinates": [[[-98.1836, 26.194799], [-98.18359, 26.194799], [-98.18359, 26.194808], [-98.1836, 26.194808], [-98.1836, 26.194799]]]}}, {"type": "Feature", "properties": {"campus_id": "bowie", "surface_class": "Grass/Turf", "estimated_temp_f": 95}, "geometry": {"type": "Polygon", "coordinates": [[[-98.1836, 26.194808000000002], [-98.18359, 26.194808000000002], [-98.18359, 26.194817], [-98.1836, 26.194817], [-98.1836, 26.194808000000002]]]}}, {"type": "Feature", "properties": {"campus_id": "bowie", "surface_class": "Asphalt/Concrete", "estimated_temp_f": 120}, "geometry": {"type": "Polygon", "coordinates": [[[-98.1836, 26.194817], [-98.18359, 26.194817], [-98.18359, 26.194826], [-98.1836, 26.194826], [-98.1836, 26.194817]]]}}, {"type": "Feature", "properties": {"campus_id": "bowie", "surface_class": "Asphalt/Concrete", "estimated_temp_f": 120}, "geometry": {"type": "Polygon", "coordinates": [[[-98.1836, 26.194826], [-98.18359, 26.194826], [-98.18359, 26.194834999999998], [-98.1836, 26.194834999999998], [-98.1836, 26.194826]]]}}, {"type": "Feature", "properties": {"campus_id": "bowie", "surface_class": "Grass/Turf", "estimated_temp_f": 95}, "geometry": {"type": "Polygon", "coordinates": [[[-98.1836, 26.194835], [-98.18359, 26.194835], [-98.18359, 26.194844], [-98.1836, 26.194844], [-98.1836, 26.194835]]]}}, {"type": "Feature", "properties": {"campus_id": "bowie", "surface_class": "Asphalt/Concrete", "estimated_temp_f": 120}, "geometry": {"type": "Polygon", "coordinates": [[[-98.1836, 26.194844], [-98.18359, 26.194844], [-98.18359, 26.194853], [-98.1836, 26.194853], [-98.1836, 26.194844]]]}}, {"type": "Feature", "properties": {"campus_id": "bowie", "surface_class": "Grass/Turf", "estimated_temp_f": 95}, "geometry": {"type": "Polygon", "coordinates": [[[-98.1836, 26.194853000000002], [-98.18359, 26.194853000000002], [-98.18359, 26.194862], [-98.1836, 26.194862], [-98.1836, 26.194853000000002]]]}}, {"type": "Feature", "properties": {"campus_id": "bowie", "surface_class": "Asphalt/Concrete", "estimated_temp_f": 120}, "geometry": {"type": "Polygon", "coordinates": [[[-98.1836, 26.194862], [-98.18359, 26.194862], [-98.18359, 26.194871], [-98.1836, 26.194871], [-98.1836, 26.194862]]]}}, {"type": "Feature", "properties": {"campus_id": "bowie", "surface_class": "Asphalt/Concrete", "estimated_temp_f": 120}, "geometry": {"type": "Polygon", "coordinates": [[[-98.1836, 26.194871], [-98.18359, 26.194871], [-98.18359, 26.194879999999998], [-98.1836, 26.194879999999998], [-98.1836, 26.194871]]]}}, {"type": "Feature", "properties": {"campus_id": "bowie", "surface_class": "Asphalt/Concrete", "estimated_temp_f": 120}, "geometry": {"type": "Polygon", "coordinates": [[[-98.18359000000001, 26.19452], [-98.18358, 26.19452], [-98.18358, 26.194529], [-98.18359000000001, 26.194529], [-98.18359000000001, 26.19452]]]}}, {"type": "Feature", "properties": {"campus_id": "bowie", "surface_class": "Asphalt/Concrete", "estimated_temp_f": 120}, "geometry": {"type": "Polygon", "coordinates": [[[-98.18359000000001, 26.194529], [-98.18358, 26.194529], [-98.18358, 26.194537999999998], [-98.18359000000001, 26.194537999999998], [-98.18359000000001, 26.194529]]]}}, {"type": "Feature", "properties": {"campus_id": "bowie", "surface_class": "Asphalt/Concrete", "estimated_temp_f": 120}, "geometry": {"type": "Polygon", "coordinates": [[[-98.18359000000001, 26.194538], [-98.18358, 26.194538], [-98.18358, 26.194547], [-98.18359000000001, 26.194547], [-98.18359000000001, 26.194538]]]}}, {"type": "Feature", "properties": {"campus_id": "bowie", "surface_class": "Asphalt/Concrete", "estimated_temp_f": 120}, "geometry": {"type": "Polygon", "coordinates": [[[-98.18359000000001, 26.194547], [-98.18358, 26.194547], [-98.18358, 26.194556], [-98.18359000000001, 26.194556], [-98.18359000000001, 26.194547]]]}}, {"type": "Feature", "properties": {"campus_id": "bowie", "surface_class": "Asphalt/Concrete", "estimated_temp_f": 120}, "geometry": {"type": "Polygon", "coordinates": [[[-98.18359000000001, 26.194556000000002], [-98.18358, 26.194556000000002], [-98.18358, 26.194565], [-98.18359000000001, 26.194565], [-98.18359000000001, 26.194556000000002]]]}}, {"type": "Feature", "properties": {"campus_id": "bowie", "surface_class": "Asphalt/Concrete", "estimated_temp_f": 120}, "geometry": {"type": "Polygon", "coordinates": [[[-98.18359000000001, 26.194565], [-98.18358, 26.194565], [-98.18358, 26.194574], [-98.18359000000001, 26.194574], [-98.18359000000001, 26.194565]]]}}, {"type": "Feature", "properties": {"campus_id": "bowie", "surface_class": "Grass/Turf", "estimated_temp_f": 95}, "geometry": {"type": "Polygon", "coordinates": [[[-98.18359000000001, 26.194574], [-98.18358, 26.194574], [-98.18358, 26.194582999999998], [-98.18359000000001, 26.194582999999998], [-98.18359000000001, 26.194574]]]}}, {"type": "Feature", "properties": {"campus_id": "bowie", "surface_class": "Asphalt/Concrete", "estimated_temp_f": 120}, "geometry": {"type": "Polygon", "coordinates": [[[-98.18359000000001, 26.194583], [-98.18358, 26.194583], [-98.18358, 26.194592], [-98.18359000000001, 26.194592], [-98.18359000000001, 26.194583]]]}}, {"type": "Feature", "properties": {"campus_id": "bowie", "surface_class": "Asphalt/Concrete", "estimated_temp_f": 120}, "geometry": {"type": "Polygon", "coordinates": [[[-98.18359000000001, 26.194592], [-98.18358, 26.194592], [-98.18358, 26.194601], [-98.18359000000001, 26.194601], [-98.18359000000001, 26.194592]]]}}, {"type": "Feature", "properties": {"campus_id": "bowie", "surface_class": "Asphalt/Concrete", "estimated_temp_f": 120}, "geometry": {"type": "Polygon", "coordinates": [[[-98.18359000000001, 26.194601000000002], [-98.18358, 26.194601000000002], [-98.18358, 26.19461], [-98.18359000000001, 26.19461], [-98.18359000000001, 26.194601000000002]]]}}, {"type": "Feature", "properties": {"campus_id": "bowie", "surface_class": "Asphalt/Concrete", "estimated_temp_f": 120}, "geometry": {"type": "Polygon", "coordinates": [[[-98.18359000000001, 26.19461], [-98.18358, 26.19461], [-98.18358, 26.194619], [-98.18359000000001, 26.194619], [-98.18359000000001, 26.19461]]]}}, {"type": "Feature", "properties": {"campus_id": "bowie", "surface_class": "Asphalt/Concrete", "estimated_temp_f": 120}, "geometry": {"type": "Polygon", "coordinates": [[[-98.18359000000001, 26.194619], [-98.18358, 26.194619], [-98.18358, 26.194627999999998], [-98.18359000000001, 26.194627999999998], [-98.18359000000001, 26.194619]]]}}, {"type": "Feature", "properties": {"campus_id": "bowie", "surface_class": "Asphalt/Concrete", "estimated_temp_f": 120}, "geometry": {"type": "Polygon", "coordinates": [[[-98.18359000000001, 26.194628], [-98.18358, 26.194628], [-98.18358, 26.194637], [-98.18359000000001, 26.194637], [-98.18359000000001, 26.194628]]]}}, {"type": "Feature", "properties": {"campus_id": "bowie", "surface_class": "Asphalt/Concrete", "estimated_temp_f": 120}, "geometry": {"type": "Polygon", "coordinates": [[[-98.18359000000001, 26.194637], [-98.18358, 26.194637], [-98.18358, 26.194646], [-98.18359000000001, 26.194646], [-98.18359000000001, 26.194637]]]}}, {"type": "Feature", "properties": {"campus_id": "bowie", "surface_class": "Grass/Turf", "estimated_temp_f": 95}, "geometry": {"type": "Polygon", "coordinates": [[[-98.18359000000001, 26.194646000000002], [-98.18358, 26.194646000000002], [-98.18358, 26.194655], [-98.18359000000001, 26.194655], [-98.18359000000001, 26.194646000000002]]]}}, {"type": "Feature", "properties": {"campus_id": "bowie", "surface_class": "Grass/Turf", "estimated_temp_f": 95}, "geometry": {"type": "Polygon", "coordinates": [[[-98.18359000000001, 26.194655], [-98.18358, 26.194655], [-98.18358, 26.194664], [-98.18359000000001, 26.194664], [-98.18359000000001, 26.194655]]]}}, {"type": "Feature", "properties": {"campus_id": "bowie", "surface_class": "Asphalt/Concrete", "estimated_temp_f": 120}, "geometry": {"type": "Polygon", "coordinates": [[[-98.18359000000001, 26.194664], [-98.18358, 26.194664], [-98.18358, 26.194672999999998], [-98.18359000000001, 26.194672999999998], [-98.18359000000001, 26.194664]]]}}, {"type": "Feature", "properties": {"campus_id": "bowie", "surface_class": "Asphalt/Concrete", "estimated_temp_f": 120}, "geometry": {"type": "Polygon", "coordinates": [[[-98.18359000000001, 26.194673], [-98.18358, 26.194673], [-98.18358, 26.194682], [-98.18359000000001, 26.194682], [-98.18359000000001, 26.194673]]]}}, {"type": "Feature", "properties": {"campus_id": "bowie", "surface_class": "Asphalt/Concrete", "estimated_temp_f": 120}, "geometry": {"type": "Polygon", "coordinates": [[[-98.18359000000001, 26.194682], [-98.18358, 26.194682], [-98.18358, 26.194691], [-98.18359000000001, 26.194691], [-98.18359000000001, 26.194682]]]}}, {"type": "Feature", "properties": {"campus_id": "bowie", "surface_class": "Asphalt/Concrete", "estimated_temp_f": 120}, "geometry": {"type": "Polygon", "coordinates": [[[-98.18359000000001, 26.194691000000002], [-98.18358, 26.194691000000002], [-98.18358, 26.1947], [-98.18359000000001, 26.1947], [-98.18359000000001, 26.194691000000002]]]}}, {"type": "Feature", "properties": {"campus_id": "bowie", "surface_class": "Asphalt/Concrete", "estimated_temp_f": 120}, "geometry": {"type": "Polygon", "coordinates": [[[-98.18359000000001, 26.1947], [-98.18358, 26.1947], [-98.18358, 26.194709], [-98.18359000000001, 26.194709], [-98.18359000000001, 26.1947]]]}}, {"type": "Feature", "properties": {"campus_id": "bowie", "surface_class": "Asphalt/Concrete", "estimated_temp_f": 120}, "geometry": {"type": "Polygon", "coordinates": [[[-98.18359000000001, 26.194709], [-98.18358, 26.194709], [-98.18358, 26.194717999999998], [-98.18359000000001, 26.194717999999998], [-98.18359000000001, 26.194709]]]}}, {"type": "Feature", "properties": {"campus_id": "bowie", "surface_class": "Asphalt/Concrete", "estimated_temp_f": 120}, "geometry": {"type": "Polygon", "coordinates": [[[-98.18359000000001, 26.194718], [-98.18358, 26.194718], [-98.18358, 26.194727], [-98.18359000000001, 26.194727], [-98.18359000000001, 26.194718]]]}}, {"type": "Feature", "properties": {"campus_id": "bowie", "surface_class": "Asphalt/Concrete", "estimated_temp_f": 120}, "geometry": {"type": "Polygon", "coordinates": [[[-98.18359000000001, 26.194727], [-98.18358, 26.194727], [-98.18358, 26.194736], [-98.18359000000001, 26.194736], [-98.18359000000001, 26.194727]]]}}, {"type": "Feature", "properties": {"campus_id": "bowie", "surface_class": "Asphalt/Concrete", "estimated_temp_f": 120}, "geometry": {"type": "Polygon", "coordinates": [[[-98.18359000000001, 26.194736000000002], [-98.18358, 26.194736000000002], [-98.18358, 26.194745], [-98.18359000000001, 26.194745], [-98.18359000000001, 26.194736000000002]]]}}, {"type": "Feature", "properties": {"campus_id": "bowie", "surface_class": "Asphalt/Concrete", "estimated_temp_f": 120}, "geometry": {"type": "Polygon", "coordinates": [[[-98.18359000000001, 26.194745], [-98.18358, 26.194745], [-98.18358, 26.194754], [-98.18359000000001, 26.194754], [-98.18359000000001, 26.194745]]]}}, {"type": "Feature", "properties": {"campus_id": "bowie", "surface_class": "Asphalt/Concrete", "estimated_temp_f": 120}, "geometry": {"type": "Polygon", "coordinates": [[[-98.18359000000001, 26.194754], [-98.18358, 26.194754], [-98.18358, 26.194763], [-98.18359000000001, 26.194763], [-98.18359000000001, 26.194754]]]}}, {"type": "Feature", "properties": {"campus_id": "bowie", "surface_class": "Asphalt/Concrete", "estimated_temp_f": 120}, "geometry": {"type": "Polygon", "coordinates": [[[-98.18359000000001, 26.194763000000002], [-98.18358, 26.194763000000002], [-98.18358, 26.194772], [-98.18359000000001, 26.194772], [-98.18359000000001, 26.194763000000002]]]}}, {"type": "Feature", "properties": {"campus_id": "bowie", "surface_class": "Asphalt/Concrete", "estimated_temp_f": 120}, "geometry": {"type": "Polygon", "coordinates": [[[-98.18359000000001, 26.194772], [-98.18358, 26.194772], [-98.18358, 26.194781], [-98.18359000000001, 26.194781], [-98.18359000000001, 26.194772]]]}}, {"type": "Feature", "properties": {"campus_id": "bowie", "surface_class": "Asphalt/Concrete", "estimated_temp_f": 120}, "geometry": {"type": "Polygon", "coordinates": [[[-98.18359000000001, 26.194781], [-98.18358, 26.194781], [-98.18358, 26.194789999999998], [-98.18359000000001, 26.194789999999998], [-98.18359000000001, 26.194781]]]}}, {"type": "Feature", "properties": {"campus_id": "bowie", "surface_class": "Asphalt/Concrete", "estimated_temp_f": 120}, "geometry": {"type": "Polygon", "coordinates": [[[-98.18359000000001, 26.19479], [-98.18358, 26.19479], [-98.18358, 26.194799], [-98.18359000000001, 26.194799], [-98.18359000000001, 26.19479]]]}}, {"type": "Feature", "properties": {"campus_id": "bowie", "surface_class": "Grass/Turf", "estimated_temp_f": 95}, "geometry": {"type": "Polygon", "coordinates": [[[-98.18359000000001, 26.194799], [-98.18358, 26.194799], [-98.18358, 26.194808], [-98.18359000000001, 26.194808], [-98.18359000000001, 26.194799]]]}}, {"type": "Feature", "properties": {"campus_id": "bowie", "surface_class": "Asphalt/Concrete", "estimated_temp_f": 120}, "geometry": {"type": "Polygon", "coordinates": [[[-98.18359000000001, 26.194808000000002], [-98.18358, 26.194808000000002], [-98.18358, 26.194817], [-98.18359000000001, 26.194817], [-98.18359000000001, 26.194808000000002]]]}}, {"type": "Feature", "properties": {"campus_id": "bowie", "surface_class": "Asphalt/Concrete", "estimated_temp_f": 120}, "geometry": {"type": "Polygon", "coordinates": [[[-98.18359000000001, 26.194817], [-98.18358, 26.194817], [-98.18358, 26.194826], [-98.18359000000001, 26.194826], [-98.18359000000001, 26.194817]]]}}, {"type": "Feature", "properties": {"campus_id": "bowie", "surface_class": "Asphalt/Concrete", "estimated_temp_f": 120}, "geometry": {"type": "Polygon", "coordinates": [[[-98.18359000000001, 26.194826], [-98.18358, 26.194826], [-98.18358, 26.194834999999998], [-98.18359000000001, 26.194834999999998], [-98.18359000000001, 26.194826]]]}}, {"type": "Feature", "properties": {"campus_id": "bowie", "surface_class": "Asphalt/Concrete", "estimated_temp_f": 120}, "geometry": {"type": "Polygon", "coordinates": [[[-98.18359000000001, 26.194835], [-98.18358, 26.194835], [-98.18358, 26.194844], [-98.18359000000001, 26.194844], [-98.18359000000001, 26.194835]]]}}, {"type": "Feature", "properties": {"campus_id": "bowie", "surface_class": "Grass/Turf", "estimated_temp_f": 95}, "geometry": {"type": "Polygon", "coordinates": [[[-98.18359000000001, 26.194844], [-98.18358, 26.194844], [-98.18358, 26.194853], [-98.18359000000001, 26.194853], [-98.18359000000001, 26.194844]]]}}, {"type": "Feature", "properties": {"campus_id": "bowie", "surface_class": "Asphalt/Concrete", "estimated_temp_f": 120}, "geometry": {"type": "Polygon", "coordinates": [[[-98.18359000000001, 26.194853000000002], [-98.18358, 26.194853000000002], [-98.18358, 26.194862], [-98.18359000000001, 26.194862], [-98.18359000000001, 26.194853000000002]]]}}, {"type": "Feature", "properties": {"campus_id": "bowie", "surface_class": "Asphalt/Concrete", "estimated_temp_f": 120}, "geometry": {"type": "Polygon", "coordinates": [[[-98.18359000000001, 26.194862], [-98.18358, 26.194862], [-98.18358, 26.194871], [-98.18359000000001, 26.194871], [-98.18359000000001, 26.194862]]]}}, {"type": "Feature", "properties": {"campus_id": "bowie", "surface_class": "Asphalt/Concrete", "estimated_temp_f": 120}, "geometry": {"type": "Polygon", "coordinates": [[[-98.18359000000001, 26.194871], [-98.18358, 26.194871], [-98.18358, 26.194879999999998], [-98.18359000000001, 26.194879999999998], [-98.18359000000001, 26.194871]]]}}, {"type": "Feature", "properties": {"campus_id": "bowie", "surface_class": "Asphalt/Concrete", "estimated_temp_f": 120}, "geometry": {"type": "Polygon", "coordinates": [[[-98.18358, 26.19452], [-98.18357, 26.19452], [-98.18357, 26.194529], [-98.18358, 26.194529], [-98.18358, 26.19452]]]}}, {"type": "Feature", "properties": {"campus_id": "bowie", "surface_class": "Grass/Turf", "estimated_temp_f": 95}, "geometry": {"type": "Polygon", "coordinates": [[[-98.18358, 26.194529], [-98.18357, 26.194529], [-98.18357, 26.194537999999998], [-98.18358, 26.194537999999998], [-98.18358, 26.194529]]]}}, {"type": "Feature", "properties": {"campus_id": "bowie", "surface_class": "Grass/Turf", "estimated_temp_f": 95}, "geometry": {"type": "Polygon", "coordinates": [[[-98.18358, 26.194538], [-98.18357, 26.194538], [-98.18357, 26.194547], [-98.18358, 26.194547], [-98.18358, 26.194538]]]}}, {"type": "Feature", "properties": {"campus_id": "bowie", "surface_class": "Asphalt/Concrete", "estimated_temp_f": 120}, "geometry": {"type": "Polygon", "coordinates": [[[-98.18358, 26.194547], [-98.18357, 26.194547], [-98.18357, 26.194556], [-98.18358, 26.194556], [-98.18358, 26.194547]]]}}, {"type": "Feature", "properties": {"campus_id": "bowie", "surface_class": "Asphalt/Concrete", "estimated_temp_f": 120}, "geometry": {"type": "Polygon", "coordinates": [[[-98.18358, 26.194556000000002], [-98.18357, 26.194556000000002], [-98.18357, 26.194565], [-98.18358, 26.194565], [-98.18358, 26.194556000000002]]]}}, {"type": "Feature", "properties": {"campus_id": "bowie", "surface_class": "Asphalt/Concrete", "estimated_temp_f": 120}, "geometry": {"type": "Polygon", "coordinates": [[[-98.18358, 26.194565], [-98.18357, 26.194565], [-98.18357, 26.194574], [-98.18358, 26.194574], [-98.18358, 26.194565]]]}}, {"type": "Feature", "properties": {"campus_id": "bowie", "surface_class": "Grass/Turf", "estimated_temp_f": 95}, "geometry": {"type": "Polygon", "coordinates": [[[-98.18358, 26.194574], [-98.18357, 26.194574], [-98.18357, 26.194582999999998], [-98.18358, 26.194582999999998], [-98.18358, 26.194574]]]}}, {"type": "Feature", "properties": {"campus_id": "bowie", "surface_class": "Asphalt/Concrete", "estimated_temp_f": 120}, "geometry": {"type": "Polygon", "coordinates": [[[-98.18358, 26.194583], [-98.18357, 26.194583], [-98.18357, 26.194592], [-98.18358, 26.194592], [-98.18358, 26.194583]]]}}, {"type": "Feature", "properties": {"campus_id": "bowie", "surface_class": "Asphalt/Concrete", "estimated_temp_f": 120}, "geometry": {"type": "Polygon", "coordinates": [[[-98.18358, 26.194592], [-98.18357, 26.194592], [-98.18357, 26.194601], [-98.18358, 26.194601], [-98.18358, 26.194592]]]}}, {"type": "Feature", "properties": {"campus_id": "bowie", "surface_class": "Asphalt/Concrete", "estimated_temp_f": 120}, "geometry": {"type": "Polygon", "coordinates": [[[-98.18358, 26.194601000000002], [-98.18357, 26.194601000000002], [-98.18357, 26.19461], [-98.18358, 26.19461], [-98.18358, 26.194601000000002]]]}}, {"type": "Feature", "properties": {"campus_id": "bowie", "surface_class": "Canopy", "estimated_temp_f": 85}, "geometry": {"type": "Polygon", "coordinates": [[[-98.18358, 26.19461], [-98.18357, 26.19461], [-98.18357, 26.194619], [-98.18358, 26.194619], [-98.18358, 26.19461]]]}}, {"type": "Feature", "properties": {"campus_id": "bowie", "surface_class": "Grass/Turf", "estimated_temp_f": 95}, "geometry": {"type": "Polygon", "coordinates": [[[-98.18358, 26.194619], [-98.18357, 26.194619], [-98.18357, 26.194627999999998], [-98.18358, 26.194627999999998], [-98.18358, 26.194619]]]}}, {"type": "Feature", "properties": {"campus_id": "bowie", "surface_class": "Asphalt/Concrete", "estimated_temp_f": 120}, "geometry": {"type": "Polygon", "coordinates": [[[-98.18358, 26.194628], [-98.18357, 26.194628], [-98.18357, 26.194637], [-98.18358, 26.194637], [-98.18358, 26.194628]]]}}, {"type": "Feature", "properties": {"campus_id": "bowie", "surface_class": "Grass/Turf", "estimated_temp_f": 95}, "geometry": {"type": "Polygon", "coordinates": [[[-98.18358, 26.194637], [-98.18357, 26.194637], [-98.18357, 26.194646], [-98.18358, 26.194646], [-98.18358, 26.194637]]]}}, {"type": "Feature", "properties": {"campus_id": "bowie", "surface_class": "Grass/Turf", "estimated_temp_f": 95}, "geometry": {"type": "Polygon", "coordinates": [[[-98.18358, 26.194646000000002], [-98.18357, 26.194646000000002], [-98.18357, 26.194655], [-98.18358, 26.194655], [-98.18358, 26.194646000000002]]]}}, {"type": "Feature", "properties": {"campus_id": "bowie", "surface_class": "Asphalt/Concrete", "estimated_temp_f": 120}, "geometry": {"type": "Polygon", "coordinates": [[[-98.18358, 26.194655], [-98.18357, 26.194655], [-98.18357, 26.194664], [-98.18358, 26.194664], [-98.18358, 26.194655]]]}}, {"type": "Feature", "properties": {"campus_id": "bowie", "surface_class": "Asphalt/Concrete", "estimated_temp_f": 120}, "geometry": {"type": "Polygon", "coordinates": [[[-98.18358, 26.194664], [-98.18357, 26.194664], [-98.18357, 26.194672999999998], [-98.18358, 26.194672999999998], [-98.18358, 26.194664]]]}}, {"type": "Feature", "properties": {"campus_id": "bowie", "surface_class": "Asphalt/Concrete", "estimated_temp_f": 120}, "geometry": {"type": "Polygon", "coordinates": [[[-98.18358, 26.194673], [-98.18357, 26.194673], [-98.18357, 26.194682], [-98.18358, 26.194682], [-98.18358, 26.194673]]]}}, {"type": "Feature", "properties": {"campus_id": "bowie", "surface_class": "Grass/Turf", "estimated_temp_f": 95}, "geometry": {"type": "Polygon", "coordinates": [[[-98.18358, 26.194682], [-98.18357, 26.194682], [-98.18357, 26.194691], [-98.18358, 26.194691], [-98.18358, 26.194682]]]}}, {"type": "Feature", "properties": {"campus_id": "bowie", "surface_class": "Asphalt/Concrete", "estimated_temp_f": 120}, "geometry": {"type": "Polygon", "coordinates": [[[-98.18358, 26.194691000000002], [-98.18357, 26.194691000000002], [-98.18357, 26.1947], [-98.18358, 26.1947], [-98.18358, 26.194691000000002]]]}}, {"type": "Feature", "properties": {"campus_id": "bowie", "surface_class": "Asphalt/Concrete", "estimated_temp_f": 120}, "geometry": {"type": "Polygon", "coordinates": [[[-98.18358, 26.1947], [-98.18357, 26.1947], [-98.18357, 26.194709], [-98.18358, 26.194709], [-98.18358, 26.1947]]]}}, {"type": "Feature", "properties": {"campus_id": "bowie", "surface_class": "Asphalt/Concrete", "estimated_temp_f": 120}, "geometry": {"type": "Polygon", "coordinates": [[[-98.18358, 26.194709], [-98.18357, 26.194709], [-98.18357, 26.194717999999998], [-98.18358, 26.194717999999998], [-98.18358, 26.194709]]]}}, {"type": "Feature", "properties": {"campus_id": "bowie", "surface_class": "Asphalt/Concrete", "estimated_temp_f": 120}, "geometry": {"type": "Polygon", "coordinates": [[[-98.18358, 26.194718], [-98.18357, 26.194718], [-98.18357, 26.194727], [-98.18358, 26.194727], [-98.18358, 26.194718]]]}}, {"type": "Feature", "properties": {"campus_id": "bowie", "surface_class": "Asphalt/Concrete", "estimated_temp_f": 120}, "geometry": {"type": "Polygon", "coordinates": [[[-98.18358, 26.194727], [-98.18357, 26.194727], [-98.18357, 26.194736], [-98.18358, 26.194736], [-98.18358, 26.194727]]]}}, {"type": "Feature", "properties": {"campus_id": "bowie", "surface_class": "Asphalt/Concrete", "estimated_temp_f": 120}, "geometry": {"type": "Polygon", "coordinates": [[[-98.18358, 26.194736000000002], [-98.18357, 26.194736000000002], [-98.18357, 26.194745], [-98.18358, 26.194745], [-98.18358, 26.194736000000002]]]}}, {"type": "Feature", "properties": {"campus_id": "bowie", "surface_class": "Asphalt/Concrete", "estimated_temp_f": 120}, "geometry": {"type": "Polygon", "coordinates": [[[-98.18358, 26.194745], [-98.18357, 26.194745], [-98.18357, 26.194754], [-98.18358, 26.194754], [-98.18358, 26.194745]]]}}, {"type": "Feature", "properties": {"campus_id": "bowie", "surface_class": "Asphalt/Concrete", "estimated_temp_f": 120}, "geometry": {"type": "Polygon", "coordinates": [[[-98.18358, 26.194754], [-98.18357, 26.194754], [-98.18357, 26.194763], [-98.18358, 26.194763], [-98.18358, 26.194754]]]}}, {"type": "Feature", "properties": {"campus_id": "bowie", "surface_class": "Asphalt/Concrete", "estimated_temp_f": 120}, "geometry": {"type": "Polygon", "coordinates": [[[-98.18358, 26.194763000000002], [-98.18357, 26.194763000000002], [-98.18357, 26.194772], [-98.18358, 26.194772], [-98.18358, 26.194763000000002]]]}}, {"type": "Feature", "properties": {"campus_id": "bowie", "surface_class": "Asphalt/Concrete", "estimated_temp_f": 120}, "geometry": {"type": "Polygon", "coordinates": [[[-98.18358, 26.194772], [-98.18357, 26.194772], [-98.18357, 26.194781], [-98.18358, 26.194781], [-98.18358, 26.194772]]]}}, {"type": "Feature", "properties": {"campus_id": "bowie", "surface_class": "Grass/Turf", "estimated_temp_f": 95}, "geometry": {"type": "Polygon", "coordinates": [[[-98.18358, 26.194781], [-98.18357, 26.194781], [-98.18357, 26.194789999999998], [-98.18358, 26.194789999999998], [-98.18358, 26.194781]]]}}, {"type": "Feature", "properties": {"campus_id": "bowie", "surface_class": "Grass/Turf", "estimated_temp_f": 95}, "geometry": {"type": "Polygon", "coordinates": [[[-98.18358, 26.19479], [-98.18357, 26.19479], [-98.18357, 26.194799], [-98.18358, 26.194799], [-98.18358, 26.19479]]]}}, {"type": "Feature", "properties": {"campus_id": "bowie", "surface_class": "Asphalt/Concrete", "estimated_temp_f": 120}, "geometry": {"type": "Polygon", "coordinates": [[[-98.18358, 26.194799], [-98.18357, 26.194799], [-98.18357, 26.194808], [-98.18358, 26.194808], [-98.18358, 26.194799]]]}}, {"type": "Feature", "properties": {"campus_id": "bowie", "surface_class": "Grass/Turf", "estimated_temp_f": 95}, "geometry": {"type": "Polygon", "coordinates": [[[-98.18358, 26.194808000000002], [-98.18357, 26.194808000000002], [-98.18357, 26.194817], [-98.18358, 26.194817], [-98.18358, 26.194808000000002]]]}}, {"type": "Feature", "properties": {"campus_id": "bowie", "surface_class": "Asphalt/Concrete", "estimated_temp_f": 120}, "geometry": {"type": "Polygon", "coordinates": [[[-98.18358, 26.194817], [-98.18357, 26.194817], [-98.18357, 26.194826], [-98.18358, 26.194826], [-98.18358, 26.194817]]]}}, {"type": "Feature", "properties": {"campus_id": "bowie", "surface_class": "Asphalt/Concrete", "estimated_temp_f": 120}, "geometry": {"type": "Polygon", "coordinates": [[[-98.18358, 26.194826], [-98.18357, 26.194826], [-98.18357, 26.194834999999998], [-98.18358, 26.194834999999998], [-98.18358, 26.194826]]]}}, {"type": "Feature", "properties": {"campus_id": "bowie", "surface_class": "Asphalt/Concrete", "estimated_temp_f": 120}, "geometry": {"type": "Polygon", "coordinates": [[[-98.18358, 26.194835], [-98.18357, 26.194835], [-98.18357, 26.194844], [-98.18358, 26.194844], [-98.18358, 26.194835]]]}}, {"type": "Feature", "properties": {"campus_id": "bowie", "surface_class": "Asphalt/Concrete", "estimated_temp_f": 120}, "geometry": {"type": "Polygon", "coordinates": [[[-98.18358, 26.194844], [-98.18357, 26.194844], [-98.18357, 26.194853], [-98.18358, 26.194853], [-98.18358, 26.194844]]]}}, {"type": "Feature", "properties": {"campus_id": "bowie", "surface_class": "Grass/Turf", "estimated_temp_f": 95}, "geometry": {"type": "Polygon", "coordinates": [[[-98.18358, 26.194853000000002], [-98.18357, 26.194853000000002], [-98.18357, 26.194862], [-98.18358, 26.194862], [-98.18358, 26.194853000000002]]]}}, {"type": "Feature", "properties": {"campus_id": "bowie", "surface_class": "Asphalt/Concrete", "estimated_temp_f": 120}, "geometry": {"type": "Polygon", "coordinates": [[[-98.18358, 26.194862], [-98.18357, 26.194862], [-98.18357, 26.194871], [-98.18358, 26.194871], [-98.18358, 26.194862]]]}}, {"type": "Feature", "properties": {"campus_id": "bowie", "surface_class": "Asphalt/Concrete", "estimated_temp_f": 120}, "geometry": {"type": "Polygon", "coordinates": [[[-98.18358, 26.194871], [-98.18357, 26.194871], [-98.18357, 26.194879999999998], [-98.18358, 26.194879999999998], [-98.18358, 26.194871]]]}}, {"type": "Feature", "properties": {"campus_id": "bowie", "surface_class": "Asphalt/Concrete", "estimated_temp_f": 120}, "geometry": {"type": "Polygon", "coordinates": [[[-98.18357, 26.19452], [-98.18356, 26.19452], [-98.18356, 26.194529], [-98.18357, 26.194529], [-98.18357, 26.19452]]]}}, {"type": "Feature", "properties": {"campus_id": "bowie", "surface_class": "Asphalt/Concrete", "estimated_temp_f": 120}, "geometry": {"type": "Polygon", "coordinates": [[[-98.18357, 26.194529], [-98.18356, 26.194529], [-98.18356, 26.194537999999998], [-98.18357, 26.194537999999998], [-98.18357, 26.194529]]]}}, {"type": "Feature", "properties": {"campus_id": "bowie", "surface_class": "Grass/Turf", "estimated_temp_f": 95}, "geometry": {"type": "Polygon", "coordinates": [[[-98.18357, 26.194538], [-98.18356, 26.194538], [-98.18356, 26.194547], [-98.18357, 26.194547], [-98.18357, 26.194538]]]}}, {"type": "Feature", "properties": {"campus_id": "bowie", "surface_class": "Asphalt/Concrete", "estimated_temp_f": 120}, "geometry": {"type": "Polygon", "coordinates": [[[-98.18357, 26.194547], [-98.18356, 26.194547], [-98.18356, 26.194556], [-98.18357, 26.194556], [-98.18357, 26.194547]]]}}, {"type": "Feature", "properties": {"campus_id": "bowie", "surface_class": "Grass/Turf", "estimated_temp_f": 95}, "geometry": {"type": "Polygon", "coordinates": [[[-98.18357, 26.194556000000002], [-98.18356, 26.194556000000002], [-98.18356, 26.194565], [-98.18357, 26.194565], [-98.18357, 26.194556000000002]]]}}, {"type": "Feature", "properties": {"campus_id": "bowie", "surface_class": "Asphalt/Concrete", "estimated_temp_f": 120}, "geometry": {"type": "Polygon", "coordinates": [[[-98.18357, 26.194565], [-98.18356, 26.194565], [-98.18356, 26.194574], [-98.18357, 26.194574], [-98.18357, 26.194565]]]}}, {"type": "Feature", "properties": {"campus_id": "bowie", "surface_class": "Asphalt/Concrete", "estimated_temp_f": 120}, "geometry": {"type": "Polygon", "coordinates": [[[-98.18357, 26.194574], [-98.18356, 26.194574], [-98.18356, 26.194582999999998], [-98.18357, 26.194582999999998], [-98.18357, 26.194574]]]}}, {"type": "Feature", "properties": {"campus_id": "bowie", "surface_class": "Asphalt/Concrete", "estimated_temp_f": 120}, "geometry": {"type": "Polygon", "coordinates": [[[-98.18357, 26.194583], [-98.18356, 26.194583], [-98.18356, 26.194592], [-98.18357, 26.194592], [-98.18357, 26.194583]]]}}, {"type": "Feature", "properties": {"campus_id": "bowie", "surface_class": "Asphalt/Concrete", "estimated_temp_f": 120}, "geometry": {"type": "Polygon", "coordinates": [[[-98.18357, 26.194592], [-98.18356, 26.194592], [-98.18356, 26.194601], [-98.18357, 26.194601], [-98.18357, 26.194592]]]}}, {"type": "Feature", "properties": {"campus_id": "bowie", "surface_class": "Asphalt/Concrete", "estimated_temp_f": 120}, "geometry": {"type": "Polygon", "coordinates": [[[-98.18357, 26.194601000000002], [-98.18356, 26.194601000000002], [-98.18356, 26.19461], [-98.18357, 26.19461], [-98.18357, 26.194601000000002]]]}}, {"type": "Feature", "properties": {"campus_id": "bowie", "surface_class": "Asphalt/Concrete", "estimated_temp_f": 120}, "geometry": {"type": "Polygon", "coordinates": [[[-98.18357, 26.19461], [-98.18356, 26.19461], [-98.18356, 26.194619], [-98.18357, 26.194619], [-98.18357, 26.19461]]]}}, {"type": "Feature", "properties": {"campus_id": "bowie", "surface_class": "Grass/Turf", "estimated_temp_f": 95}, "geometry": {"type": "Polygon", "coordinates": [[[-98.18357, 26.194619], [-98.18356, 26.194619], [-98.18356, 26.194627999999998], [-98.18357, 26.194627999999998], [-98.18357, 26.194619]]]}}, {"type": "Feature", "properties": {"campus_id": "bowie", "surface_class": "Asphalt/Concrete", "estimated_temp_f": 120}, "geometry": {"type": "Polygon", "coordinates": [[[-98.18357, 26.194628], [-98.18356, 26.194628], [-98.18356, 26.194637], [-98.18357, 26.194637], [-98.18357, 26.194628]]]}}, {"type": "Feature", "properties": {"campus_id": "bowie", "surface_class": "Grass/Turf", "estimated_temp_f": 95}, "geometry": {"type": "Polygon", "coordinates": [[[-98.18357, 26.194637], [-98.18356, 26.194637], [-98.18356, 26.194646], [-98.18357, 26.194646], [-98.18357, 26.194637]]]}}, {"type": "Feature", "properties": {"campus_id": "bowie", "surface_class": "Asphalt/Concrete", "estimated_temp_f": 120}, "geometry": {"type": "Polygon", "coordinates": [[[-98.18357, 26.194646000000002], [-98.18356, 26.194646000000002], [-98.18356, 26.194655], [-98.18357, 26.194655], [-98.18357, 26.194646000000002]]]}}, {"type": "Feature", "properties": {"campus_id": "bowie", "surface_class": "Asphalt/Concrete", "estimated_temp_f": 120}, "geometry": {"type": "Polygon", "coordinates": [[[-98.18357, 26.194655], [-98.18356, 26.194655], [-98.18356, 26.194664], [-98.18357, 26.194664], [-98.18357, 26.194655]]]}}, {"type": "Feature", "properties": {"campus_id": "bowie", "surface_class": "Asphalt/Concrete", "estimated_temp_f": 120}, "geometry": {"type": "Polygon", "coordinates": [[[-98.18357, 26.194664], [-98.18356, 26.194664], [-98.18356, 26.194672999999998], [-98.18357, 26.194672999999998], [-98.18357, 26.194664]]]}}, {"type": "Feature", "properties": {"campus_id": "bowie", "surface_class": "Asphalt/Concrete", "estimated_temp_f": 120}, "geometry": {"type": "Polygon", "coordinates": [[[-98.18357, 26.194673], [-98.18356, 26.194673], [-98.18356, 26.194682], [-98.18357, 26.194682], [-98.18357, 26.194673]]]}}, {"type": "Feature", "properties": {"campus_id": "bowie", "surface_class": "Asphalt/Concrete", "estimated_temp_f": 120}, "geometry": {"type": "Polygon", "coordinates": [[[-98.18357, 26.194682], [-98.18356, 26.194682], [-98.18356, 26.194691], [-98.18357, 26.194691], [-98.18357, 26.194682]]]}}, {"type": "Feature", "properties": {"campus_id": "bowie", "surface_class": "Canopy", "estimated_temp_f": 85}, "geometry": {"type": "Polygon", "coordinates": [[[-98.18357, 26.194691000000002], [-98.18356, 26.194691000000002], [-98.18356, 26.1947], [-98.18357, 26.1947], [-98.18357, 26.194691000000002]]]}}, {"type": "Feature", "properties": {"campus_id": "bowie", "surface_class": "Asphalt/Concrete", "estimated_temp_f": 120}, "geometry": {"type": "Polygon", "coordinates": [[[-98.18357, 26.1947], [-98.18356, 26.1947], [-98.18356, 26.194709], [-98.18357, 26.194709], [-98.18357, 26.1947]]]}}, {"type": "Feature", "properties": {"campus_id": "bowie", "surface_class": "Asphalt/Concrete", "estimated_temp_f": 120}, "geometry": {"type": "Polygon", "coordinates": [[[-98.18357, 26.194709], [-98.18356, 26.194709], [-98.18356, 26.194717999999998], [-98.18357, 26.194717999999998], [-98.18357, 26.194709]]]}}, {"type": "Feature", "properties": {"campus_id": "bowie", "surface_class": "Canopy", "estimated_temp_f": 85}, "geometry": {"type": "Polygon", "coordinates": [[[-98.18357, 26.194718], [-98.18356, 26.194718], [-98.18356, 26.194727], [-98.18357, 26.194727], [-98.18357, 26.194718]]]}}, {"type": "Feature", "properties": {"campus_id": "bowie", "surface_class": "Asphalt/Concrete", "estimated_temp_f": 120}, "geometry": {"type": "Polygon", "coordinates": [[[-98.18357, 26.194727], [-98.18356, 26.194727], [-98.18356, 26.194736], [-98.18357, 26.194736], [-98.18357, 26.194727]]]}}, {"type": "Feature", "properties": {"campus_id": "bowie", "surface_class": "Asphalt/Concrete", "estimated_temp_f": 120}, "geometry": {"type": "Polygon", "coordinates": [[[-98.18357, 26.194736000000002], [-98.18356, 26.194736000000002], [-98.18356, 26.194745], [-98.18357, 26.194745], [-98.18357, 26.194736000000002]]]}}, {"type": "Feature", "properties": {"campus_id": "bowie", "surface_class": "Asphalt/Concrete", "estimated_temp_f": 120}, "geometry": {"type": "Polygon", "coordinates": [[[-98.18357, 26.194745], [-98.18356, 26.194745], [-98.18356, 26.194754], [-98.18357, 26.194754], [-98.18357, 26.194745]]]}}, {"type": "Feature", "properties": {"campus_id": "bowie", "surface_class": "Asphalt/Concrete", "estimated_temp_f": 120}, "geometry": {"type": "Polygon", "coordinates": [[[-98.18357, 26.194754], [-98.18356, 26.194754], [-98.18356, 26.194763], [-98.18357, 26.194763], [-98.18357, 26.194754]]]}}, {"type": "Feature", "properties": {"campus_id": "bowie", "surface_class": "Asphalt/Concrete", "estimated_temp_f": 120}, "geometry": {"type": "Polygon", "coordinates": [[[-98.18357, 26.194763000000002], [-98.18356, 26.194763000000002], [-98.18356, 26.194772], [-98.18357, 26.194772], [-98.18357, 26.194763000000002]]]}}, {"type": "Feature", "properties": {"campus_id": "bowie", "surface_class": "Asphalt/Concrete", "estimated_temp_f": 120}, "geometry": {"type": "Polygon", "coordinates": [[[-98.18357, 26.194772], [-98.18356, 26.194772], [-98.18356, 26.194781], [-98.18357, 26.194781], [-98.18357, 26.194772]]]}}, {"type": "Feature", "properties": {"campus_id": "bowie", "surface_class": "Asphalt/Concrete", "estimated_temp_f": 120}, "geometry": {"type": "Polygon", "coordinates": [[[-98.18357, 26.194781], [-98.18356, 26.194781], [-98.18356, 26.194789999999998], [-98.18357, 26.194789999999998], [-98.18357, 26.194781]]]}}, {"type": "Feature", "properties": {"campus_id": "bowie", "surface_class": "Asphalt/Concrete", "estimated_temp_f": 120}, "geometry": {"type": "Polygon", "coordinates": [[[-98.18357, 26.19479], [-98.18356, 26.19479], [-98.18356, 26.194799], [-98.18357, 26.194799], [-98.18357, 26.19479]]]}}, {"type": "Feature", "properties": {"campus_id": "bowie", "surface_class": "Asphalt/Concrete", "estimated_temp_f": 120}, "geometry": {"type": "Polygon", "coordinates": [[[-98.18357, 26.194799], [-98.18356, 26.194799], [-98.18356, 26.194808], [-98.18357, 26.194808], [-98.18357, 26.194799]]]}}, {"type": "Feature", "properties": {"campus_id": "bowie", "surface_class": "Asphalt/Concrete", "estimated_temp_f": 120}, "geometry": {"type": "Polygon", "coordinates": [[[-98.18357, 26.194808000000002], [-98.18356, 26.194808000000002], [-98.18356, 26.194817], [-98.18357, 26.194817], [-98.18357, 26.194808000000002]]]}}, {"type": "Feature", "properties": {"campus_id": "bowie", "surface_class": "Asphalt/Concrete", "estimated_temp_f": 120}, "geometry": {"type": "Polygon", "coordinates": [[[-98.18357, 26.194817], [-98.18356, 26.194817], [-98.18356, 26.194826], [-98.18357, 26.194826], [-98.18357, 26.194817]]]}}, {"type": "Feature", "properties": {"campus_id": "bowie", "surface_class": "Asphalt/Concrete", "estimated_temp_f": 120}, "geometry": {"type": "Polygon", "coordinates": [[[-98.18357, 26.194826], [-98.18356, 26.194826], [-98.18356, 26.194834999999998], [-98.18357, 26.194834999999998], [-98.18357, 26.194826]]]}}, {"type": "Feature", "properties": {"campus_id": "bowie", "surface_class": "Asphalt/Concrete", "estimated_temp_f": 120}, "geometry": {"type": "Polygon", "coordinates": [[[-98.18357, 26.194835], [-98.18356, 26.194835], [-98.18356, 26.194844], [-98.18357, 26.194844], [-98.18357, 26.194835]]]}}, {"type": "Feature", "properties": {"campus_id": "bowie", "surface_class": "Asphalt/Concrete", "estimated_temp_f": 120}, "geometry": {"type": "Polygon", "coordinates": [[[-98.18357, 26.194844], [-98.18356, 26.194844], [-98.18356, 26.194853], [-98.18357, 26.194853], [-98.18357, 26.194844]]]}}, {"type": "Feature", "properties": {"campus_id": "bowie", "surface_class": "Asphalt/Concrete", "estimated_temp_f": 120}, "geometry": {"type": "Polygon", "coordinates": [[[-98.18357, 26.194853000000002], [-98.18356, 26.194853000000002], [-98.18356, 26.194862], [-98.18357, 26.194862], [-98.18357, 26.194853000000002]]]}}, {"type": "Feature", "properties": {"campus_id": "bowie", "surface_class": "Asphalt/Concrete", "estimated_temp_f": 120}, "geometry": {"type": "Polygon", "coordinates": [[[-98.18357, 26.194862], [-98.18356, 26.194862], [-98.18356, 26.194871], [-98.18357, 26.194871], [-98.18357, 26.194862]]]}}, {"type": "Feature", "properties": {"campus_id": "bowie", "surface_class": "Asphalt/Concrete", "estimated_temp_f": 120}, "geometry": {"type": "Polygon", "coordinates": [[[-98.18357, 26.194871], [-98.18356, 26.194871], [-98.18356, 26.194879999999998], [-98.18357, 26.194879999999998], [-98.18357, 26.194871]]]}}, {"type": "Feature", "properties": {"campus_id": "bowie", "surface_class": "Asphalt/Concrete", "estimated_temp_f": 120}, "geometry": {"type": "Polygon", "coordinates": [[[-98.18356, 26.19452], [-98.18355, 26.19452], [-98.18355, 26.194529], [-98.18356, 26.194529], [-98.18356, 26.19452]]]}}, {"type": "Feature", "properties": {"campus_id": "bowie", "surface_class": "Asphalt/Concrete", "estimated_temp_f": 120}, "geometry": {"type": "Polygon", "coordinates": [[[-98.18356, 26.194529], [-98.18355, 26.194529], [-98.18355, 26.194537999999998], [-98.18356, 26.194537999999998], [-98.18356, 26.194529]]]}}, {"type": "Feature", "properties": {"campus_id": "bowie", "surface_class": "Asphalt/Concrete", "estimated_temp_f": 120}, "geometry": {"type": "Polygon", "coordinates": [[[-98.18356, 26.194538], [-98.18355, 26.194538], [-98.18355, 26.194547], [-98.18356, 26.194547], [-98.18356, 26.194538]]]}}, {"type": "Feature", "properties": {"campus_id": "bowie", "surface_class": "Grass/Turf", "estimated_temp_f": 95}, "geometry": {"type": "Polygon", "coordinates": [[[-98.18356, 26.194547], [-98.18355, 26.194547], [-98.18355, 26.194556], [-98.18356, 26.194556], [-98.18356, 26.194547]]]}}, {"type": "Feature", "properties": {"campus_id": "bowie", "surface_class": "Asphalt/Concrete", "estimated_temp_f": 120}, "geometry": {"type": "Polygon", "coordinates": [[[-98.18356, 26.194556000000002], [-98.18355, 26.194556000000002], [-98.18355, 26.194565], [-98.18356, 26.194565], [-98.18356, 26.194556000000002]]]}}, {"type": "Feature", "properties": {"campus_id": "bowie", "surface_class": "Asphalt/Concrete", "estimated_temp_f": 120}, "geometry": {"type": "Polygon", "coordinates": [[[-98.18356, 26.194565], [-98.18355, 26.194565], [-98.18355, 26.194574], [-98.18356, 26.194574], [-98.18356, 26.194565]]]}}, {"type": "Feature", "properties": {"campus_id": "bowie", "surface_class": "Asphalt/Concrete", "estimated_temp_f": 120}, "geometry": {"type": "Polygon", "coordinates": [[[-98.18356, 26.194574], [-98.18355, 26.194574], [-98.18355, 26.194582999999998], [-98.18356, 26.194582999999998], [-98.18356, 26.194574]]]}}, {"type": "Feature", "properties": {"campus_id": "bowie", "surface_class": "Asphalt/Concrete", "estimated_temp_f": 120}, "geometry": {"type": "Polygon", "coordinates": [[[-98.18356, 26.194583], [-98.18355, 26.194583], [-98.18355, 26.194592], [-98.18356, 26.194592], [-98.18356, 26.194583]]]}}, {"type": "Feature", "properties": {"campus_id": "bowie", "surface_class": "Asphalt/Concrete", "estimated_temp_f": 120}, "geometry": {"type": "Polygon", "coordinates": [[[-98.18356, 26.194592], [-98.18355, 26.194592], [-98.18355, 26.194601], [-98.18356, 26.194601], [-98.18356, 26.194592]]]}}, {"type": "Feature", "properties": {"campus_id": "bowie", "surface_class": "Asphalt/Concrete", "estimated_temp_f": 120}, "geometry": {"type": "Polygon", "coordinates": [[[-98.18356, 26.194601000000002], [-98.18355, 26.194601000000002], [-98.18355, 26.19461], [-98.18356, 26.19461], [-98.18356, 26.194601000000002]]]}}, {"type": "Feature", "properties": {"campus_id": "bowie", "surface_class": "Asphalt/Concrete", "estimated_temp_f": 120}, "geometry": {"type": "Polygon", "coordinates": [[[-98.18356, 26.19461], [-98.18355, 26.19461], [-98.18355, 26.194619], [-98.18356, 26.194619], [-98.18356, 26.19461]]]}}, {"type": "Feature", "properties": {"campus_id": "bowie", "surface_class": "Asphalt/Concrete", "estimated_temp_f": 120}, "geometry": {"type": "Polygon", "coordinates": [[[-98.18356, 26.194619], [-98.18355, 26.194619], [-98.18355, 26.194627999999998], [-98.18356, 26.194627999999998], [-98.18356, 26.194619]]]}}, {"type": "Feature", "properties": {"campus_id": "bowie", "surface_class": "Asphalt/Concrete", "estimated_temp_f": 120}, "geometry": {"type": "Polygon", "coordinates": [[[-98.18356, 26.194628], [-98.18355, 26.194628], [-98.18355, 26.194637], [-98.18356, 26.194637], [-98.18356, 26.194628]]]}}, {"type": "Feature", "properties": {"campus_id": "bowie", "surface_class": "Grass/Turf", "estimated_temp_f": 95}, "geometry": {"type": "Polygon", "coordinates": [[[-98.18356, 26.194637], [-98.18355, 26.194637], [-98.18355, 26.194646], [-98.18356, 26.194646], [-98.18356, 26.194637]]]}}, {"type": "Feature", "properties": {"campus_id": "bowie", "surface_class": "Asphalt/Concrete", "estimated_temp_f": 120}, "geometry": {"type": "Polygon", "coordinates": [[[-98.18356, 26.194646000000002], [-98.18355, 26.194646000000002], [-98.18355, 26.194655], [-98.18356, 26.194655], [-98.18356, 26.194646000000002]]]}}, {"type": "Feature", "properties": {"campus_id": "bowie", "surface_class": "Asphalt/Concrete", "estimated_temp_f": 120}, "geometry": {"type": "Polygon", "coordinates": [[[-98.18356, 26.194655], [-98.18355, 26.194655], [-98.18355, 26.194664], [-98.18356, 26.194664], [-98.18356, 26.194655]]]}}, {"type": "Feature", "properties": {"campus_id": "bowie", "surface_class": "Asphalt/Concrete", "estimated_temp_f": 120}, "geometry": {"type": "Polygon", "coordinates": [[[-98.18356, 26.194664], [-98.18355, 26.194664], [-98.18355, 26.194672999999998], [-98.18356, 26.194672999999998], [-98.18356, 26.194664]]]}}, {"type": "Feature", "properties": {"campus_id": "bowie", "surface_class": "Asphalt/Concrete", "estimated_temp_f": 120}, "geometry": {"type": "Polygon", "coordinates": [[[-98.18356, 26.194673], [-98.18355, 26.194673], [-98.18355, 26.194682], [-98.18356, 26.194682], [-98.18356, 26.194673]]]}}, {"type": "Feature", "properties": {"campus_id": "bowie", "surface_class": "Grass/Turf", "estimated_temp_f": 95}, "geometry": {"type": "Polygon", "coordinates": [[[-98.18356, 26.194682], [-98.18355, 26.194682], [-98.18355, 26.194691], [-98.18356, 26.194691], [-98.18356, 26.194682]]]}}, {"type": "Feature", "properties": {"campus_id": "bowie", "surface_class": "Asphalt/Concrete", "estimated_temp_f": 120}, "geometry": {"type": "Polygon", "coordinates": [[[-98.18356, 26.194691000000002], [-98.18355, 26.194691000000002], [-98.18355, 26.1947], [-98.18356, 26.1947], [-98.18356, 26.194691000000002]]]}}, {"type": "Feature", "properties": {"campus_id": "bowie", "surface_class": "Asphalt/Concrete", "estimated_temp_f": 120}, "geometry": {"type": "Polygon", "coordinates": [[[-98.18356, 26.1947], [-98.18355, 26.1947], [-98.18355, 26.194709], [-98.18356, 26.194709], [-98.18356, 26.1947]]]}}, {"type": "Feature", "properties": {"campus_id": "bowie", "surface_class": "Asphalt/Concrete", "estimated_temp_f": 120}, "geometry": {"type": "Polygon", "coordinates": [[[-98.18356, 26.194709], [-98.18355, 26.194709], [-98.18355, 26.194717999999998], [-98.18356, 26.194717999999998], [-98.18356, 26.194709]]]}}, {"type": "Feature", "properties": {"campus_id": "bowie", "surface_class": "Grass/Turf", "estimated_temp_f": 95}, "geometry": {"type": "Polygon", "coordinates": [[[-98.18356, 26.194718], [-98.18355, 26.194718], [-98.18355, 26.194727], [-98.18356, 26.194727], [-98.18356, 26.194718]]]}}, {"type": "Feature", "properties": {"campus_id": "bowie", "surface_class": "Asphalt/Concrete", "estimated_temp_f": 120}, "geometry": {"type": "Polygon", "coordinates": [[[-98.18356, 26.194727], [-98.18355, 26.194727], [-98.18355, 26.194736], [-98.18356, 26.194736], [-98.18356, 26.194727]]]}}, {"type": "Feature", "properties": {"campus_id": "bowie", "surface_class": "Asphalt/Concrete", "estimated_temp_f": 120}, "geometry": {"type": "Polygon", "coordinates": [[[-98.18356, 26.194736000000002], [-98.18355, 26.194736000000002], [-98.18355, 26.194745], [-98.18356, 26.194745], [-98.18356, 26.194736000000002]]]}}, {"type": "Feature", "properties": {"campus_id": "bowie", "surface_class": "Asphalt/Concrete", "estimated_temp_f": 120}, "geometry": {"type": "Polygon", "coordinates": [[[-98.18356, 26.194745], [-98.18355, 26.194745], [-98.18355, 26.194754], [-98.18356, 26.194754], [-98.18356, 26.194745]]]}}, {"type": "Feature", "properties": {"campus_id": "bowie", "surface_class": "Grass/Turf", "estimated_temp_f": 95}, "geometry": {"type": "Polygon", "coordinates": [[[-98.18356, 26.194754], [-98.18355, 26.194754], [-98.18355, 26.194763], [-98.18356, 26.194763], [-98.18356, 26.194754]]]}}, {"type": "Feature", "properties": {"campus_id": "bowie", "surface_class": "Asphalt/Concrete", "estimated_temp_f": 120}, "geometry": {"type": "Polygon", "coordinates": [[[-98.18356, 26.194763000000002], [-98.18355, 26.194763000000002], [-98.18355, 26.194772], [-98.18356, 26.194772], [-98.18356, 26.194763000000002]]]}}, {"type": "Feature", "properties": {"campus_id": "bowie", "surface_class": "Asphalt/Concrete", "estimated_temp_f": 120}, "geometry": {"type": "Polygon", "coordinates": [[[-98.18356, 26.194772], [-98.18355, 26.194772], [-98.18355, 26.194781], [-98.18356, 26.194781], [-98.18356, 26.194772]]]}}, {"type": "Feature", "properties": {"campus_id": "bowie", "surface_class": "Canopy", "estimated_temp_f": 85}, "geometry": {"type": "Polygon", "coordinates": [[[-98.18356, 26.194781], [-98.18355, 26.194781], [-98.18355, 26.194789999999998], [-98.18356, 26.194789999999998], [-98.18356, 26.194781]]]}}, {"type": "Feature", "properties": {"campus_id": "bowie", "surface_class": "Asphalt/Concrete", "estimated_temp_f": 120}, "geometry": {"type": "Polygon", "coordinates": [[[-98.18356, 26.19479], [-98.18355, 26.19479], [-98.18355, 26.194799], [-98.18356, 26.194799], [-98.18356, 26.19479]]]}}, {"type": "Feature", "properties": {"campus_id": "bowie", "surface_class": "Asphalt/Concrete", "estimated_temp_f": 120}, "geometry": {"type": "Polygon", "coordinates": [[[-98.18356, 26.194799], [-98.18355, 26.194799], [-98.18355, 26.194808], [-98.18356, 26.194808], [-98.18356, 26.194799]]]}}, {"type": "Feature", "properties": {"campus_id": "bowie", "surface_class": "Asphalt/Concrete", "estimated_temp_f": 120}, "geometry": {"type": "Polygon", "coordinates": [[[-98.18356, 26.194808000000002], [-98.18355, 26.194808000000002], [-98.18355, 26.194817], [-98.18356, 26.194817], [-98.18356, 26.194808000000002]]]}}, {"type": "Feature", "properties": {"campus_id": "bowie", "surface_class": "Asphalt/Concrete", "estimated_temp_f": 120}, "geometry": {"type": "Polygon", "coordinates": [[[-98.18356, 26.194817], [-98.18355, 26.194817], [-98.18355, 26.194826], [-98.18356, 26.194826], [-98.18356, 26.194817]]]}}, {"type": "Feature", "properties": {"campus_id": "bowie", "surface_class": "Asphalt/Concrete", "estimated_temp_f": 120}, "geometry": {"type": "Polygon", "coordinates": [[[-98.18356, 26.194826], [-98.18355, 26.194826], [-98.18355, 26.194834999999998], [-98.18356, 26.194834999999998], [-98.18356, 26.194826]]]}}, {"type": "Feature", "properties": {"campus_id": "bowie", "surface_class": "Asphalt/Concrete", "estimated_temp_f": 120}, "geometry": {"type": "Polygon", "coordinates": [[[-98.18356, 26.194835], [-98.18355, 26.194835], [-98.18355, 26.194844], [-98.18356, 26.194844], [-98.18356, 26.194835]]]}}, {"type": "Feature", "properties": {"campus_id": "bowie", "surface_class": "Asphalt/Concrete", "estimated_temp_f": 120}, "geometry": {"type": "Polygon", "coordinates": [[[-98.18356, 26.194844], [-98.18355, 26.194844], [-98.18355, 26.194853], [-98.18356, 26.194853], [-98.18356, 26.194844]]]}}, {"type": "Feature", "properties": {"campus_id": "bowie", "surface_class": "Asphalt/Concrete", "estimated_temp_f": 120}, "geometry": {"type": "Polygon", "coordinates": [[[-98.18356, 26.194853000000002], [-98.18355, 26.194853000000002], [-98.18355, 26.194862], [-98.18356, 26.194862], [-98.18356, 26.194853000000002]]]}}, {"type": "Feature", "properties": {"campus_id": "bowie", "surface_class": "Asphalt/Concrete", "estimated_temp_f": 120}, "geometry": {"type": "Polygon", "coordinates": [[[-98.18356, 26.194862], [-98.18355, 26.194862], [-98.18355, 26.194871], [-98.18356, 26.194871], [-98.18356, 26.194862]]]}}, {"type": "Feature", "properties": {"campus_id": "bowie", "surface_class": "Asphalt/Concrete", "estimated_temp_f": 120}, "geometry": {"type": "Polygon", "coordinates": [[[-98.18356, 26.194871], [-98.18355, 26.194871], [-98.18355, 26.194879999999998], [-98.18356, 26.194879999999998], [-98.18356, 26.194871]]]}}, {"type": "Feature", "properties": {"campus_id": "bowie", "surface_class": "Asphalt/Concrete", "estimated_temp_f": 120}, "geometry": {"type": "Polygon", "coordinates": [[[-98.18355000000001, 26.19452], [-98.18354000000001, 26.19452], [-98.18354000000001, 26.194529], [-98.18355000000001, 26.194529], [-98.18355000000001, 26.19452]]]}}, {"type": "Feature", "properties": {"campus_id": "bowie", "surface_class": "Asphalt/Concrete", "estimated_temp_f": 120}, "geometry": {"type": "Polygon", "coordinates": [[[-98.18355000000001, 26.194529], [-98.18354000000001, 26.194529], [-98.18354000000001, 26.194537999999998], [-98.18355000000001, 26.194537999999998], [-98.18355000000001, 26.194529]]]}}, {"type": "Feature", "properties": {"campus_id": "bowie", "surface_class": "Grass/Turf", "estimated_temp_f": 95}, "geometry": {"type": "Polygon", "coordinates": [[[-98.18355000000001, 26.194538], [-98.18354000000001, 26.194538], [-98.18354000000001, 26.194547], [-98.18355000000001, 26.194547], [-98.18355000000001, 26.194538]]]}}, {"type": "Feature", "properties": {"campus_id": "bowie", "surface_class": "Asphalt/Concrete", "estimated_temp_f": 120}, "geometry": {"type": "Polygon", "coordinates": [[[-98.18355000000001, 26.194547], [-98.18354000000001, 26.194547], [-98.18354000000001, 26.194556], [-98.18355000000001, 26.194556], [-98.18355000000001, 26.194547]]]}}, {"type": "Feature", "properties": {"campus_id": "bowie", "surface_class": "Canopy", "estimated_temp_f": 85}, "geometry": {"type": "Polygon", "coordinates": [[[-98.18355000000001, 26.194556000000002], [-98.18354000000001, 26.194556000000002], [-98.18354000000001, 26.194565], [-98.18355000000001, 26.194565], [-98.18355000000001, 26.194556000000002]]]}}, {"type": "Feature", "properties": {"campus_id": "bowie", "surface_class": "Asphalt/Concrete", "estimated_temp_f": 120}, "geometry": {"type": "Polygon", "coordinates": [[[-98.18355000000001, 26.194565], [-98.18354000000001, 26.194565], [-98.18354000000001, 26.194574], [-98.18355000000001, 26.194574], [-98.18355000000001, 26.194565]]]}}, {"type": "Feature", "properties": {"campus_id": "bowie", "surface_class": "Asphalt/Concrete", "estimated_temp_f": 120}, "geometry": {"type": "Polygon", "coordinates": [[[-98.18355000000001, 26.194574], [-98.18354000000001, 26.194574], [-98.18354000000001, 26.194582999999998], [-98.18355000000001, 26.194582999999998], [-98.18355000000001, 26.194574]]]}}, {"type": "Feature", "properties": {"campus_id": "bowie", "surface_class": "Asphalt/Concrete", "estimated_temp_f": 120}, "geometry": {"type": "Polygon", "coordinates": [[[-98.18355000000001, 26.194583], [-98.18354000000001, 26.194583], [-98.18354000000001, 26.194592], [-98.18355000000001, 26.194592], [-98.18355000000001, 26.194583]]]}}, {"type": "Feature", "properties": {"campus_id": "bowie", "surface_class": "Grass/Turf", "estimated_temp_f": 95}, "geometry": {"type": "Polygon", "coordinates": [[[-98.18355000000001, 26.194592], [-98.18354000000001, 26.194592], [-98.18354000000001, 26.194601], [-98.18355000000001, 26.194601], [-98.18355000000001, 26.194592]]]}}, {"type": "Feature", "properties": {"campus_id": "bowie", "surface_class": "Asphalt/Concrete", "estimated_temp_f": 120}, "geometry": {"type": "Polygon", "coordinates": [[[-98.18355000000001, 26.194601000000002], [-98.18354000000001, 26.194601000000002], [-98.18354000000001, 26.19461], [-98.18355000000001, 26.19461], [-98.18355000000001, 26.194601000000002]]]}}, {"type": "Feature", "properties": {"campus_id": "bowie", "surface_class": "Grass/Turf", "estimated_temp_f": 95}, "geometry": {"type": "Polygon", "coordinates": [[[-98.18355000000001, 26.19461], [-98.18354000000001, 26.19461], [-98.18354000000001, 26.194619], [-98.18355000000001, 26.194619], [-98.18355000000001, 26.19461]]]}}, {"type": "Feature", "properties": {"campus_id": "bowie", "surface_class": "Grass/Turf", "estimated_temp_f": 95}, "geometry": {"type": "Polygon", "coordinates": [[[-98.18355000000001, 26.194619], [-98.18354000000001, 26.194619], [-98.18354000000001, 26.194627999999998], [-98.18355000000001, 26.194627999999998], [-98.18355000000001, 26.194619]]]}}, {"type": "Feature", "properties": {"campus_id": "bowie", "surface_class": "Asphalt/Concrete", "estimated_temp_f": 120}, "geometry": {"type": "Polygon", "coordinates": [[[-98.18355000000001, 26.194628], [-98.18354000000001, 26.194628], [-98.18354000000001, 26.194637], [-98.18355000000001, 26.194637], [-98.18355000000001, 26.194628]]]}}, {"type": "Feature", "properties": {"campus_id": "bowie", "surface_class": "Asphalt/Concrete", "estimated_temp_f": 120}, "geometry": {"type": "Polygon", "coordinates": [[[-98.18355000000001, 26.194637], [-98.18354000000001, 26.194637], [-98.18354000000001, 26.194646], [-98.18355000000001, 26.194646], [-98.18355000000001, 26.194637]]]}}, {"type": "Feature", "properties": {"campus_id": "bowie", "surface_class": "Asphalt/Concrete", "estimated_temp_f": 120}, "geometry": {"type": "Polygon", "coordinates": [[[-98.18355000000001, 26.194646000000002], [-98.18354000000001, 26.194646000000002], [-98.18354000000001, 26.194655], [-98.18355000000001, 26.194655], [-98.18355000000001, 26.194646000000002]]]}}, {"type": "Feature", "properties": {"campus_id": "bowie", "surface_class": "Asphalt/Concrete", "estimated_temp_f": 120}, "geometry": {"type": "Polygon", "coordinates": [[[-98.18355000000001, 26.194655], [-98.18354000000001, 26.194655], [-98.18354000000001, 26.194664], [-98.18355000000001, 26.194664], [-98.18355000000001, 26.194655]]]}}, {"type": "Feature", "properties": {"campus_id": "bowie", "surface_class": "Asphalt/Concrete", "estimated_temp_f": 120}, "geometry": {"type": "Polygon", "coordinates": [[[-98.18355000000001, 26.194664], [-98.18354000000001, 26.194664], [-98.18354000000001, 26.194672999999998], [-98.18355000000001, 26.194672999999998], [-98.18355000000001, 26.194664]]]}}, {"type": "Feature", "properties": {"campus_id": "bowie", "surface_class": "Asphalt/Concrete", "estimated_temp_f": 120}, "geometry": {"type": "Polygon", "coordinates": [[[-98.18355000000001, 26.194673], [-98.18354000000001, 26.194673], [-98.18354000000001, 26.194682], [-98.18355000000001, 26.194682], [-98.18355000000001, 26.194673]]]}}, {"type": "Feature", "properties": {"campus_id": "bowie", "surface_class": "Asphalt/Concrete", "estimated_temp_f": 120}, "geometry": {"type": "Polygon", "coordinates": [[[-98.18355000000001, 26.194682], [-98.18354000000001, 26.194682], [-98.18354000000001, 26.194691], [-98.18355000000001, 26.194691], [-98.18355000000001, 26.194682]]]}}, {"type": "Feature", "properties": {"campus_id": "bowie", "surface_class": "Asphalt/Concrete", "estimated_temp_f": 120}, "geometry": {"type": "Polygon", "coordinates": [[[-98.18355000000001, 26.194691000000002], [-98.18354000000001, 26.194691000000002], [-98.18354000000001, 26.1947], [-98.18355000000001, 26.1947], [-98.18355000000001, 26.194691000000002]]]}}, {"type": "Feature", "properties": {"campus_id": "bowie", "surface_class": "Asphalt/Concrete", "estimated_temp_f": 120}, "geometry": {"type": "Polygon", "coordinates": [[[-98.18355000000001, 26.1947], [-98.18354000000001, 26.1947], [-98.18354000000001, 26.194709], [-98.18355000000001, 26.194709], [-98.18355000000001, 26.1947]]]}}, {"type": "Feature", "properties": {"campus_id": "bowie", "surface_class": "Asphalt/Concrete", "estimated_temp_f": 120}, "geometry": {"type": "Polygon", "coordinates": [[[-98.18355000000001, 26.194709], [-98.18354000000001, 26.194709], [-98.18354000000001, 26.194717999999998], [-98.18355000000001, 26.194717999999998], [-98.18355000000001, 26.194709]]]}}, {"type": "Feature", "properties": {"campus_id": "bowie", "surface_class": "Asphalt/Concrete", "estimated_temp_f": 120}, "geometry": {"type": "Polygon", "coordinates": [[[-98.18355000000001, 26.194718], [-98.18354000000001, 26.194718], [-98.18354000000001, 26.194727], [-98.18355000000001, 26.194727], [-98.18355000000001, 26.194718]]]}}, {"type": "Feature", "properties": {"campus_id": "bowie", "surface_class": "Asphalt/Concrete", "estimated_temp_f": 120}, "geometry": {"type": "Polygon", "coordinates": [[[-98.18355000000001, 26.194727], [-98.18354000000001, 26.194727], [-98.18354000000001, 26.194736], [-98.18355000000001, 26.194736], [-98.18355000000001, 26.194727]]]}}, {"type": "Feature", "properties": {"campus_id": "bowie", "surface_class": "Asphalt/Concrete", "estimated_temp_f": 120}, "geometry": {"type": "Polygon", "coordinates": [[[-98.18355000000001, 26.194736000000002], [-98.18354000000001, 26.194736000000002], [-98.18354000000001, 26.194745], [-98.18355000000001, 26.194745], [-98.18355000000001, 26.194736000000002]]]}}, {"type": "Feature", "properties": {"campus_id": "bowie", "surface_class": "Asphalt/Concrete", "estimated_temp_f": 120}, "geometry": {"type": "Polygon", "coordinates": [[[-98.18355000000001, 26.194745], [-98.18354000000001, 26.194745], [-98.18354000000001, 26.194754], [-98.18355000000001, 26.194754], [-98.18355000000001, 26.194745]]]}}, {"type": "Feature", "properties": {"campus_id": "bowie", "surface_class": "Asphalt/Concrete", "estimated_temp_f": 120}, "geometry": {"type": "Polygon", "coordinates": [[[-98.18355000000001, 26.194754], [-98.18354000000001, 26.194754], [-98.18354000000001, 26.194763], [-98.18355000000001, 26.194763], [-98.18355000000001, 26.194754]]]}}, {"type": "Feature", "properties": {"campus_id": "bowie", "surface_class": "Asphalt/Concrete", "estimated_temp_f": 120}, "geometry": {"type": "Polygon", "coordinates": [[[-98.18355000000001, 26.194763000000002], [-98.18354000000001, 26.194763000000002], [-98.18354000000001, 26.194772], [-98.18355000000001, 26.194772], [-98.18355000000001, 26.194763000000002]]]}}, {"type": "Feature", "properties": {"campus_id": "bowie", "surface_class": "Asphalt/Concrete", "estimated_temp_f": 120}, "geometry": {"type": "Polygon", "coordinates": [[[-98.18355000000001, 26.194772], [-98.18354000000001, 26.194772], [-98.18354000000001, 26.194781], [-98.18355000000001, 26.194781], [-98.18355000000001, 26.194772]]]}}, {"type": "Feature", "properties": {"campus_id": "bowie", "surface_class": "Asphalt/Concrete", "estimated_temp_f": 120}, "geometry": {"type": "Polygon", "coordinates": [[[-98.18355000000001, 26.194781], [-98.18354000000001, 26.194781], [-98.18354000000001, 26.194789999999998], [-98.18355000000001, 26.194789999999998], [-98.18355000000001, 26.194781]]]}}, {"type": "Feature", "properties": {"campus_id": "bowie", "surface_class": "Asphalt/Concrete", "estimated_temp_f": 120}, "geometry": {"type": "Polygon", "coordinates": [[[-98.18355000000001, 26.19479], [-98.18354000000001, 26.19479], [-98.18354000000001, 26.194799], [-98.18355000000001, 26.194799], [-98.18355000000001, 26.19479]]]}}, {"type": "Feature", "properties": {"campus_id": "bowie", "surface_class": "Asphalt/Concrete", "estimated_temp_f": 120}, "geometry": {"type": "Polygon", "coordinates": [[[-98.18355000000001, 26.194799], [-98.18354000000001, 26.194799], [-98.18354000000001, 26.194808], [-98.18355000000001, 26.194808], [-98.18355000000001, 26.194799]]]}}, {"type": "Feature", "properties": {"campus_id": "bowie", "surface_class": "Asphalt/Concrete", "estimated_temp_f": 120}, "geometry": {"type": "Polygon", "coordinates": [[[-98.18355000000001, 26.194808000000002], [-98.18354000000001, 26.194808000000002], [-98.18354000000001, 26.194817], [-98.18355000000001, 26.194817], [-98.18355000000001, 26.194808000000002]]]}}, {"type": "Feature", "properties": {"campus_id": "bowie", "surface_class": "Asphalt/Concrete", "estimated_temp_f": 120}, "geometry": {"type": "Polygon", "coordinates": [[[-98.18355000000001, 26.194817], [-98.18354000000001, 26.194817], [-98.18354000000001, 26.194826], [-98.18355000000001, 26.194826], [-98.18355000000001, 26.194817]]]}}, {"type": "Feature", "properties": {"campus_id": "bowie", "surface_class": "Asphalt/Concrete", "estimated_temp_f": 120}, "geometry": {"type": "Polygon", "coordinates": [[[-98.18355000000001, 26.194826], [-98.18354000000001, 26.194826], [-98.18354000000001, 26.194834999999998], [-98.18355000000001, 26.194834999999998], [-98.18355000000001, 26.194826]]]}}, {"type": "Feature", "properties": {"campus_id": "bowie", "surface_class": "Asphalt/Concrete", "estimated_temp_f": 120}, "geometry": {"type": "Polygon", "coordinates": [[[-98.18355000000001, 26.194835], [-98.18354000000001, 26.194835], [-98.18354000000001, 26.194844], [-98.18355000000001, 26.194844], [-98.18355000000001, 26.194835]]]}}, {"type": "Feature", "properties": {"campus_id": "bowie", "surface_class": "Asphalt/Concrete", "estimated_temp_f": 120}, "geometry": {"type": "Polygon", "coordinates": [[[-98.18355000000001, 26.194844], [-98.18354000000001, 26.194844], [-98.18354000000001, 26.194853], [-98.18355000000001, 26.194853], [-98.18355000000001, 26.194844]]]}}, {"type": "Feature", "properties": {"campus_id": "bowie", "surface_class": "Asphalt/Concrete", "estimated_temp_f": 120}, "geometry": {"type": "Polygon", "coordinates": [[[-98.18355000000001, 26.194853000000002], [-98.18354000000001, 26.194853000000002], [-98.18354000000001, 26.194862], [-98.18355000000001, 26.194862], [-98.18355000000001, 26.194853000000002]]]}}, {"type": "Feature", "properties": {"campus_id": "bowie", "surface_class": "Grass/Turf", "estimated_temp_f": 95}, "geometry": {"type": "Polygon", "coordinates": [[[-98.18355000000001, 26.194862], [-98.18354000000001, 26.194862], [-98.18354000000001, 26.194871], [-98.18355000000001, 26.194871], [-98.18355000000001, 26.194862]]]}}, {"type": "Feature", "properties": {"campus_id": "bowie", "surface_class": "Asphalt/Concrete", "estimated_temp_f": 120}, "geometry": {"type": "Polygon", "coordinates": [[[-98.18355000000001, 26.194871], [-98.18354000000001, 26.194871], [-98.18354000000001, 26.194879999999998], [-98.18355000000001, 26.194879999999998], [-98.18355000000001, 26.194871]]]}}, {"type": "Feature", "properties": {"campus_id": "bowie", "surface_class": "Grass/Turf", "estimated_temp_f": 95}, "geometry": {"type": "Polygon", "coordinates": [[[-98.18354000000001, 26.19452], [-98.18353, 26.19452], [-98.18353, 26.194529], [-98.18354000000001, 26.194529], [-98.18354000000001, 26.19452]]]}}, {"type": "Feature", "properties": {"campus_id": "bowie", "surface_class": "Asphalt/Concrete", "estimated_temp_f": 120}, "geometry": {"type": "Polygon", "coordinates": [[[-98.18354000000001, 26.194529], [-98.18353, 26.194529], [-98.18353, 26.194537999999998], [-98.18354000000001, 26.194537999999998], [-98.18354000000001, 26.194529]]]}}, {"type": "Feature", "properties": {"campus_id": "bowie", "surface_class": "Grass/Turf", "estimated_temp_f": 95}, "geometry": {"type": "Polygon", "coordinates": [[[-98.18354000000001, 26.194538], [-98.18353, 26.194538], [-98.18353, 26.194547], [-98.18354000000001, 26.194547], [-98.18354000000001, 26.194538]]]}}, {"type": "Feature", "properties": {"campus_id": "bowie", "surface_class": "Grass/Turf", "estimated_temp_f": 95}, "geometry": {"type": "Polygon", "coordinates": [[[-98.18354000000001, 26.194547], [-98.18353, 26.194547], [-98.18353, 26.194556], [-98.18354000000001, 26.194556], [-98.18354000000001, 26.194547]]]}}, {"type": "Feature", "properties": {"campus_id": "bowie", "surface_class": "Asphalt/Concrete", "estimated_temp_f": 120}, "geometry": {"type": "Polygon", "coordinates": [[[-98.18354000000001, 26.194556000000002], [-98.18353, 26.194556000000002], [-98.18353, 26.194565], [-98.18354000000001, 26.194565], [-98.18354000000001, 26.194556000000002]]]}}, {"type": "Feature", "properties": {"campus_id": "bowie", "surface_class": "Asphalt/Concrete", "estimated_temp_f": 120}, "geometry": {"type": "Polygon", "coordinates": [[[-98.18354000000001, 26.194565], [-98.18353, 26.194565], [-98.18353, 26.194574], [-98.18354000000001, 26.194574], [-98.18354000000001, 26.194565]]]}}, {"type": "Feature", "properties": {"campus_id": "bowie", "surface_class": "Asphalt/Concrete", "estimated_temp_f": 120}, "geometry": {"type": "Polygon", "coordinates": [[[-98.18354000000001, 26.194574], [-98.18353, 26.194574], [-98.18353, 26.194582999999998], [-98.18354000000001, 26.194582999999998], [-98.18354000000001, 26.194574]]]}}, {"type": "Feature", "properties": {"campus_id": "bowie", "surface_class": "Asphalt/Concrete", "estimated_temp_f": 120}, "geometry": {"type": "Polygon", "coordinates": [[[-98.18354000000001, 26.194583], [-98.18353, 26.194583], [-98.18353, 26.194592], [-98.18354000000001, 26.194592], [-98.18354000000001, 26.194583]]]}}, {"type": "Feature", "properties": {"campus_id": "bowie", "surface_class": "Asphalt/Concrete", "estimated_temp_f": 120}, "geometry": {"type": "Polygon", "coordinates": [[[-98.18354000000001, 26.194592], [-98.18353, 26.194592], [-98.18353, 26.194601], [-98.18354000000001, 26.194601], [-98.18354000000001, 26.194592]]]}}, {"type": "Feature", "properties": {"campus_id": "bowie", "surface_class": "Asphalt/Concrete", "estimated_temp_f": 120}, "geometry": {"type": "Polygon", "coordinates": [[[-98.18354000000001, 26.194601000000002], [-98.18353, 26.194601000000002], [-98.18353, 26.19461], [-98.18354000000001, 26.19461], [-98.18354000000001, 26.194601000000002]]]}}, {"type": "Feature", "properties": {"campus_id": "bowie", "surface_class": "Asphalt/Concrete", "estimated_temp_f": 120}, "geometry": {"type": "Polygon", "coordinates": [[[-98.18354000000001, 26.19461], [-98.18353, 26.19461], [-98.18353, 26.194619], [-98.18354000000001, 26.194619], [-98.18354000000001, 26.19461]]]}}, {"type": "Feature", "properties": {"campus_id": "bowie", "surface_class": "Grass/Turf", "estimated_temp_f": 95}, "geometry": {"type": "Polygon", "coordinates": [[[-98.18354000000001, 26.194619], [-98.18353, 26.194619], [-98.18353, 26.194627999999998], [-98.18354000000001, 26.194627999999998], [-98.18354000000001, 26.194619]]]}}, {"type": "Feature", "properties": {"campus_id": "bowie", "surface_class": "Asphalt/Concrete", "estimated_temp_f": 120}, "geometry": {"type": "Polygon", "coordinates": [[[-98.18354000000001, 26.194628], [-98.18353, 26.194628], [-98.18353, 26.194637], [-98.18354000000001, 26.194637], [-98.18354000000001, 26.194628]]]}}, {"type": "Feature", "properties": {"campus_id": "bowie", "surface_class": "Asphalt/Concrete", "estimated_temp_f": 120}, "geometry": {"type": "Polygon", "coordinates": [[[-98.18354000000001, 26.194637], [-98.18353, 26.194637], [-98.18353, 26.194646], [-98.18354000000001, 26.194646], [-98.18354000000001, 26.194637]]]}}, {"type": "Feature", "properties": {"campus_id": "bowie", "surface_class": "Asphalt/Concrete", "estimated_temp_f": 120}, "geometry": {"type": "Polygon", "coordinates": [[[-98.18354000000001, 26.194646000000002], [-98.18353, 26.194646000000002], [-98.18353, 26.194655], [-98.18354000000001, 26.194655], [-98.18354000000001, 26.194646000000002]]]}}, {"type": "Feature", "properties": {"campus_id": "bowie", "surface_class": "Grass/Turf", "estimated_temp_f": 95}, "geometry": {"type": "Polygon", "coordinates": [[[-98.18354000000001, 26.194655], [-98.18353, 26.194655], [-98.18353, 26.194664], [-98.18354000000001, 26.194664], [-98.18354000000001, 26.194655]]]}}, {"type": "Feature", "properties": {"campus_id": "bowie", "surface_class": "Asphalt/Concrete", "estimated_temp_f": 120}, "geometry": {"type": "Polygon", "coordinates": [[[-98.18354000000001, 26.194664], [-98.18353, 26.194664], [-98.18353, 26.194672999999998], [-98.18354000000001, 26.194672999999998], [-98.18354000000001, 26.194664]]]}}, {"type": "Feature", "properties": {"campus_id": "bowie", "surface_class": "Asphalt/Concrete", "estimated_temp_f": 120}, "geometry": {"type": "Polygon", "coordinates": [[[-98.18354000000001, 26.194673], [-98.18353, 26.194673], [-98.18353, 26.194682], [-98.18354000000001, 26.194682], [-98.18354000000001, 26.194673]]]}}, {"type": "Feature", "properties": {"campus_id": "bowie", "surface_class": "Asphalt/Concrete", "estimated_temp_f": 120}, "geometry": {"type": "Polygon", "coordinates": [[[-98.18354000000001, 26.194682], [-98.18353, 26.194682], [-98.18353, 26.194691], [-98.18354000000001, 26.194691], [-98.18354000000001, 26.194682]]]}}, {"type": "Feature", "properties": {"campus_id": "bowie", "surface_class": "Asphalt/Concrete", "estimated_temp_f": 120}, "geometry": {"type": "Polygon", "coordinates": [[[-98.18354000000001, 26.194691000000002], [-98.18353, 26.194691000000002], [-98.18353, 26.1947], [-98.18354000000001, 26.1947], [-98.18354000000001, 26.194691000000002]]]}}, {"type": "Feature", "properties": {"campus_id": "bowie", "surface_class": "Asphalt/Concrete", "estimated_temp_f": 120}, "geometry": {"type": "Polygon", "coordinates": [[[-98.18354000000001, 26.1947], [-98.18353, 26.1947], [-98.18353, 26.194709], [-98.18354000000001, 26.194709], [-98.18354000000001, 26.1947]]]}}, {"type": "Feature", "properties": {"campus_id": "bowie", "surface_class": "Grass/Turf", "estimated_temp_f": 95}, "geometry": {"type": "Polygon", "coordinates": [[[-98.18354000000001, 26.194709], [-98.18353, 26.194709], [-98.18353, 26.194717999999998], [-98.18354000000001, 26.194717999999998], [-98.18354000000001, 26.194709]]]}}, {"type": "Feature", "properties": {"campus_id": "bowie", "surface_class": "Asphalt/Concrete", "estimated_temp_f": 120}, "geometry": {"type": "Polygon", "coordinates": [[[-98.18354000000001, 26.194718], [-98.18353, 26.194718], [-98.18353, 26.194727], [-98.18354000000001, 26.194727], [-98.18354000000001, 26.194718]]]}}, {"type": "Feature", "properties": {"campus_id": "bowie", "surface_class": "Grass/Turf", "estimated_temp_f": 95}, "geometry": {"type": "Polygon", "coordinates": [[[-98.18354000000001, 26.194727], [-98.18353, 26.194727], [-98.18353, 26.194736], [-98.18354000000001, 26.194736], [-98.18354000000001, 26.194727]]]}}, {"type": "Feature", "properties": {"campus_id": "bowie", "surface_class": "Asphalt/Concrete", "estimated_temp_f": 120}, "geometry": {"type": "Polygon", "coordinates": [[[-98.18354000000001, 26.194736000000002], [-98.18353, 26.194736000000002], [-98.18353, 26.194745], [-98.18354000000001, 26.194745], [-98.18354000000001, 26.194736000000002]]]}}, {"type": "Feature", "properties": {"campus_id": "bowie", "surface_class": "Asphalt/Concrete", "estimated_temp_f": 120}, "geometry": {"type": "Polygon", "coordinates": [[[-98.18354000000001, 26.194745], [-98.18353, 26.194745], [-98.18353, 26.194754], [-98.18354000000001, 26.194754], [-98.18354000000001, 26.194745]]]}}, {"type": "Feature", "properties": {"campus_id": "bowie", "surface_class": "Asphalt/Concrete", "estimated_temp_f": 120}, "geometry": {"type": "Polygon", "coordinates": [[[-98.18354000000001, 26.194754], [-98.18353, 26.194754], [-98.18353, 26.194763], [-98.18354000000001, 26.194763], [-98.18354000000001, 26.194754]]]}}, {"type": "Feature", "properties": {"campus_id": "bowie", "surface_class": "Asphalt/Concrete", "estimated_temp_f": 120}, "geometry": {"type": "Polygon", "coordinates": [[[-98.18354000000001, 26.194763000000002], [-98.18353, 26.194763000000002], [-98.18353, 26.194772], [-98.18354000000001, 26.194772], [-98.18354000000001, 26.194763000000002]]]}}, {"type": "Feature", "properties": {"campus_id": "bowie", "surface_class": "Asphalt/Concrete", "estimated_temp_f": 120}, "geometry": {"type": "Polygon", "coordinates": [[[-98.18354000000001, 26.194772], [-98.18353, 26.194772], [-98.18353, 26.194781], [-98.18354000000001, 26.194781], [-98.18354000000001, 26.194772]]]}}, {"type": "Feature", "properties": {"campus_id": "bowie", "surface_class": "Asphalt/Concrete", "estimated_temp_f": 120}, "geometry": {"type": "Polygon", "coordinates": [[[-98.18354000000001, 26.194781], [-98.18353, 26.194781], [-98.18353, 26.194789999999998], [-98.18354000000001, 26.194789999999998], [-98.18354000000001, 26.194781]]]}}, {"type": "Feature", "properties": {"campus_id": "bowie", "surface_class": "Asphalt/Concrete", "estimated_temp_f": 120}, "geometry": {"type": "Polygon", "coordinates": [[[-98.18354000000001, 26.19479], [-98.18353, 26.19479], [-98.18353, 26.194799], [-98.18354000000001, 26.194799], [-98.18354000000001, 26.19479]]]}}, {"type": "Feature", "properties": {"campus_id": "bowie", "surface_class": "Asphalt/Concrete", "estimated_temp_f": 120}, "geometry": {"type": "Polygon", "coordinates": [[[-98.18354000000001, 26.194799], [-98.18353, 26.194799], [-98.18353, 26.194808], [-98.18354000000001, 26.194808], [-98.18354000000001, 26.194799]]]}}, {"type": "Feature", "properties": {"campus_id": "bowie", "surface_class": "Canopy", "estimated_temp_f": 85}, "geometry": {"type": "Polygon", "coordinates": [[[-98.18354000000001, 26.194808000000002], [-98.18353, 26.194808000000002], [-98.18353, 26.194817], [-98.18354000000001, 26.194817], [-98.18354000000001, 26.194808000000002]]]}}, {"type": "Feature", "properties": {"campus_id": "bowie", "surface_class": "Asphalt/Concrete", "estimated_temp_f": 120}, "geometry": {"type": "Polygon", "coordinates": [[[-98.18354000000001, 26.194817], [-98.18353, 26.194817], [-98.18353, 26.194826], [-98.18354000000001, 26.194826], [-98.18354000000001, 26.194817]]]}}, {"type": "Feature", "properties": {"campus_id": "bowie", "surface_class": "Asphalt/Concrete", "estimated_temp_f": 120}, "geometry": {"type": "Polygon", "coordinates": [[[-98.18354000000001, 26.194826], [-98.18353, 26.194826], [-98.18353, 26.194834999999998], [-98.18354000000001, 26.194834999999998], [-98.18354000000001, 26.194826]]]}}, {"type": "Feature", "properties": {"campus_id": "bowie", "surface_class": "Grass/Turf", "estimated_temp_f": 95}, "geometry": {"type": "Polygon", "coordinates": [[[-98.18354000000001, 26.194835], [-98.18353, 26.194835], [-98.18353, 26.194844], [-98.18354000000001, 26.194844], [-98.18354000000001, 26.194835]]]}}, {"type": "Feature", "properties": {"campus_id": "bowie", "surface_class": "Asphalt/Concrete", "estimated_temp_f": 120}, "geometry": {"type": "Polygon", "coordinates": [[[-98.18354000000001, 26.194844], [-98.18353, 26.194844], [-98.18353, 26.194853], [-98.18354000000001, 26.194853], [-98.18354000000001, 26.194844]]]}}, {"type": "Feature", "properties": {"campus_id": "bowie", "surface_class": "Asphalt/Concrete", "estimated_temp_f": 120}, "geometry": {"type": "Polygon", "coordinates": [[[-98.18354000000001, 26.194853000000002], [-98.18353, 26.194853000000002], [-98.18353, 26.194862], [-98.18354000000001, 26.194862], [-98.18354000000001, 26.194853000000002]]]}}, {"type": "Feature", "properties": {"campus_id": "bowie", "surface_class": "Grass/Turf", "estimated_temp_f": 95}, "geometry": {"type": "Polygon", "coordinates": [[[-98.18354000000001, 26.194862], [-98.18353, 26.194862], [-98.18353, 26.194871], [-98.18354000000001, 26.194871], [-98.18354000000001, 26.194862]]]}}, {"type": "Feature", "properties": {"campus_id": "bowie", "surface_class": "Asphalt/Concrete", "estimated_temp_f": 120}, "geometry": {"type": "Polygon", "coordinates": [[[-98.18354000000001, 26.194871], [-98.18353, 26.194871], [-98.18353, 26.194879999999998], [-98.18354000000001, 26.194879999999998], [-98.18354000000001, 26.194871]]]}}, {"type": "Feature", "properties": {"campus_id": "bowie", "surface_class": "Asphalt/Concrete", "estimated_temp_f": 120}, "geometry": {"type": "Polygon", "coordinates": [[[-98.18353, 26.19452], [-98.18352, 26.19452], [-98.18352, 26.194529], [-98.18353, 26.194529], [-98.18353, 26.19452]]]}}, {"type": "Feature", "properties": {"campus_id": "bowie", "surface_class": "Asphalt/Concrete", "estimated_temp_f": 120}, "geometry": {"type": "Polygon", "coordinates": [[[-98.18353, 26.194529], [-98.18352, 26.194529], [-98.18352, 26.194537999999998], [-98.18353, 26.194537999999998], [-98.18353, 26.194529]]]}}, {"type": "Feature", "properties": {"campus_id": "bowie", "surface_class": "Asphalt/Concrete", "estimated_temp_f": 120}, "geometry": {"type": "Polygon", "coordinates": [[[-98.18353, 26.194538], [-98.18352, 26.194538], [-98.18352, 26.194547], [-98.18353, 26.194547], [-98.18353, 26.194538]]]}}, {"type": "Feature", "properties": {"campus_id": "bowie", "surface_class": "Asphalt/Concrete", "estimated_temp_f": 120}, "geometry": {"type": "Polygon", "coordinates": [[[-98.18353, 26.194547], [-98.18352, 26.194547], [-98.18352, 26.194556], [-98.18353, 26.194556], [-98.18353, 26.194547]]]}}, {"type": "Feature", "properties": {"campus_id": "bowie", "surface_class": "Canopy", "estimated_temp_f": 85}, "geometry": {"type": "Polygon", "coordinates": [[[-98.18353, 26.194556000000002], [-98.18352, 26.194556000000002], [-98.18352, 26.194565], [-98.18353, 26.194565], [-98.18353, 26.194556000000002]]]}}, {"type": "Feature", "properties": {"campus_id": "bowie", "surface_class": "Asphalt/Concrete", "estimated_temp_f": 120}, "geometry": {"type": "Polygon", "coordinates": [[[-98.18353, 26.194565], [-98.18352, 26.194565], [-98.18352, 26.194574], [-98.18353, 26.194574], [-98.18353, 26.194565]]]}}, {"type": "Feature", "properties": {"campus_id": "bowie", "surface_class": "Asphalt/Concrete", "estimated_temp_f": 120}, "geometry": {"type": "Polygon", "coordinates": [[[-98.18353, 26.194574], [-98.18352, 26.194574], [-98.18352, 26.194582999999998], [-98.18353, 26.194582999999998], [-98.18353, 26.194574]]]}}, {"type": "Feature", "properties": {"campus_id": "bowie", "surface_class": "Asphalt/Concrete", "estimated_temp_f": 120}, "geometry": {"type": "Polygon", "coordinates": [[[-98.18353, 26.194583], [-98.18352, 26.194583], [-98.18352, 26.194592], [-98.18353, 26.194592], [-98.18353, 26.194583]]]}}, {"type": "Feature", "properties": {"campus_id": "bowie", "surface_class": "Asphalt/Concrete", "estimated_temp_f": 120}, "geometry": {"type": "Polygon", "coordinates": [[[-98.18353, 26.194592], [-98.18352, 26.194592], [-98.18352, 26.194601], [-98.18353, 26.194601], [-98.18353, 26.194592]]]}}, {"type": "Feature", "properties": {"campus_id": "bowie", "surface_class": "Asphalt/Concrete", "estimated_temp_f": 120}, "geometry": {"type": "Polygon", "coordinates": [[[-98.18353, 26.194601000000002], [-98.18352, 26.194601000000002], [-98.18352, 26.19461], [-98.18353, 26.19461], [-98.18353, 26.194601000000002]]]}}, {"type": "Feature", "properties": {"campus_id": "bowie", "surface_class": "Asphalt/Concrete", "estimated_temp_f": 120}, "geometry": {"type": "Polygon", "coordinates": [[[-98.18353, 26.19461], [-98.18352, 26.19461], [-98.18352, 26.194619], [-98.18353, 26.194619], [-98.18353, 26.19461]]]}}, {"type": "Feature", "properties": {"campus_id": "bowie", "surface_class": "Asphalt/Concrete", "estimated_temp_f": 120}, "geometry": {"type": "Polygon", "coordinates": [[[-98.18353, 26.194619], [-98.18352, 26.194619], [-98.18352, 26.194627999999998], [-98.18353, 26.194627999999998], [-98.18353, 26.194619]]]}}, {"type": "Feature", "properties": {"campus_id": "bowie", "surface_class": "Asphalt/Concrete", "estimated_temp_f": 120}, "geometry": {"type": "Polygon", "coordinates": [[[-98.18353, 26.194628], [-98.18352, 26.194628], [-98.18352, 26.194637], [-98.18353, 26.194637], [-98.18353, 26.194628]]]}}, {"type": "Feature", "properties": {"campus_id": "bowie", "surface_class": "Asphalt/Concrete", "estimated_temp_f": 120}, "geometry": {"type": "Polygon", "coordinates": [[[-98.18353, 26.194637], [-98.18352, 26.194637], [-98.18352, 26.194646], [-98.18353, 26.194646], [-98.18353, 26.194637]]]}}, {"type": "Feature", "properties": {"campus_id": "bowie", "surface_class": "Asphalt/Concrete", "estimated_temp_f": 120}, "geometry": {"type": "Polygon", "coordinates": [[[-98.18353, 26.194646000000002], [-98.18352, 26.194646000000002], [-98.18352, 26.194655], [-98.18353, 26.194655], [-98.18353, 26.194646000000002]]]}}, {"type": "Feature", "properties": {"campus_id": "bowie", "surface_class": "Asphalt/Concrete", "estimated_temp_f": 120}, "geometry": {"type": "Polygon", "coordinates": [[[-98.18353, 26.194655], [-98.18352, 26.194655], [-98.18352, 26.194664], [-98.18353, 26.194664], [-98.18353, 26.194655]]]}}, {"type": "Feature", "properties": {"campus_id": "bowie", "surface_class": "Asphalt/Concrete", "estimated_temp_f": 120}, "geometry": {"type": "Polygon", "coordinates": [[[-98.18353, 26.194664], [-98.18352, 26.194664], [-98.18352, 26.194672999999998], [-98.18353, 26.194672999999998], [-98.18353, 26.194664]]]}}, {"type": "Feature", "properties": {"campus_id": "bowie", "surface_class": "Grass/Turf", "estimated_temp_f": 95}, "geometry": {"type": "Polygon", "coordinates": [[[-98.18353, 26.194673], [-98.18352, 26.194673], [-98.18352, 26.194682], [-98.18353, 26.194682], [-98.18353, 26.194673]]]}}, {"type": "Feature", "properties": {"campus_id": "bowie", "surface_class": "Asphalt/Concrete", "estimated_temp_f": 120}, "geometry": {"type": "Polygon", "coordinates": [[[-98.18353, 26.194682], [-98.18352, 26.194682], [-98.18352, 26.194691], [-98.18353, 26.194691], [-98.18353, 26.194682]]]}}, {"type": "Feature", "properties": {"campus_id": "bowie", "surface_class": "Asphalt/Concrete", "estimated_temp_f": 120}, "geometry": {"type": "Polygon", "coordinates": [[[-98.18353, 26.194691000000002], [-98.18352, 26.194691000000002], [-98.18352, 26.1947], [-98.18353, 26.1947], [-98.18353, 26.194691000000002]]]}}, {"type": "Feature", "properties": {"campus_id": "bowie", "surface_class": "Asphalt/Concrete", "estimated_temp_f": 120}, "geometry": {"type": "Polygon", "coordinates": [[[-98.18353, 26.1947], [-98.18352, 26.1947], [-98.18352, 26.194709], [-98.18353, 26.194709], [-98.18353, 26.1947]]]}}, {"type": "Feature", "properties": {"campus_id": "bowie", "surface_class": "Asphalt/Concrete", "estimated_temp_f": 120}, "geometry": {"type": "Polygon", "coordinates": [[[-98.18353, 26.194709], [-98.18352, 26.194709], [-98.18352, 26.194717999999998], [-98.18353, 26.194717999999998], [-98.18353, 26.194709]]]}}, {"type": "Feature", "properties": {"campus_id": "bowie", "surface_class": "Asphalt/Concrete", "estimated_temp_f": 120}, "geometry": {"type": "Polygon", "coordinates": [[[-98.18353, 26.194718], [-98.18352, 26.194718], [-98.18352, 26.194727], [-98.18353, 26.194727], [-98.18353, 26.194718]]]}}, {"type": "Feature", "properties": {"campus_id": "bowie", "surface_class": "Asphalt/Concrete", "estimated_temp_f": 120}, "geometry": {"type": "Polygon", "coordinates": [[[-98.18353, 26.194727], [-98.18352, 26.194727], [-98.18352, 26.194736], [-98.18353, 26.194736], [-98.18353, 26.194727]]]}}, {"type": "Feature", "properties": {"campus_id": "bowie", "surface_class": "Asphalt/Concrete", "estimated_temp_f": 120}, "geometry": {"type": "Polygon", "coordinates": [[[-98.18353, 26.194736000000002], [-98.18352, 26.194736000000002], [-98.18352, 26.194745], [-98.18353, 26.194745], [-98.18353, 26.194736000000002]]]}}, {"type": "Feature", "properties": {"campus_id": "bowie", "surface_class": "Asphalt/Concrete", "estimated_temp_f": 120}, "geometry": {"type": "Polygon", "coordinates": [[[-98.18353, 26.194745], [-98.18352, 26.194745], [-98.18352, 26.194754], [-98.18353, 26.194754], [-98.18353, 26.194745]]]}}, {"type": "Feature", "properties": {"campus_id": "bowie", "surface_class": "Asphalt/Concrete", "estimated_temp_f": 120}, "geometry": {"type": "Polygon", "coordinates": [[[-98.18353, 26.194754], [-98.18352, 26.194754], [-98.18352, 26.194763], [-98.18353, 26.194763], [-98.18353, 26.194754]]]}}, {"type": "Feature", "properties": {"campus_id": "bowie", "surface_class": "Grass/Turf", "estimated_temp_f": 95}, "geometry": {"type": "Polygon", "coordinates": [[[-98.18353, 26.194763000000002], [-98.18352, 26.194763000000002], [-98.18352, 26.194772], [-98.18353, 26.194772], [-98.18353, 26.194763000000002]]]}}, {"type": "Feature", "properties": {"campus_id": "bowie", "surface_class": "Grass/Turf", "estimated_temp_f": 95}, "geometry": {"type": "Polygon", "coordinates": [[[-98.18353, 26.194772], [-98.18352, 26.194772], [-98.18352, 26.194781], [-98.18353, 26.194781], [-98.18353, 26.194772]]]}}, {"type": "Feature", "properties": {"campus_id": "bowie", "surface_class": "Asphalt/Concrete", "estimated_temp_f": 120}, "geometry": {"type": "Polygon", "coordinates": [[[-98.18353, 26.194781], [-98.18352, 26.194781], [-98.18352, 26.194789999999998], [-98.18353, 26.194789999999998], [-98.18353, 26.194781]]]}}, {"type": "Feature", "properties": {"campus_id": "bowie", "surface_class": "Asphalt/Concrete", "estimated_temp_f": 120}, "geometry": {"type": "Polygon", "coordinates": [[[-98.18353, 26.19479], [-98.18352, 26.19479], [-98.18352, 26.194799], [-98.18353, 26.194799], [-98.18353, 26.19479]]]}}, {"type": "Feature", "properties": {"campus_id": "bowie", "surface_class": "Asphalt/Concrete", "estimated_temp_f": 120}, "geometry": {"type": "Polygon", "coordinates": [[[-98.18353, 26.194799], [-98.18352, 26.194799], [-98.18352, 26.194808], [-98.18353, 26.194808], [-98.18353, 26.194799]]]}}, {"type": "Feature", "properties": {"campus_id": "bowie", "surface_class": "Asphalt/Concrete", "estimated_temp_f": 120}, "geometry": {"type": "Polygon", "coordinates": [[[-98.18353, 26.194808000000002], [-98.18352, 26.194808000000002], [-98.18352, 26.194817], [-98.18353, 26.194817], [-98.18353, 26.194808000000002]]]}}, {"type": "Feature", "properties": {"campus_id": "bowie", "surface_class": "Asphalt/Concrete", "estimated_temp_f": 120}, "geometry": {"type": "Polygon", "coordinates": [[[-98.18353, 26.194817], [-98.18352, 26.194817], [-98.18352, 26.194826], [-98.18353, 26.194826], [-98.18353, 26.194817]]]}}, {"type": "Feature", "properties": {"campus_id": "bowie", "surface_class": "Asphalt/Concrete", "estimated_temp_f": 120}, "geometry": {"type": "Polygon", "coordinates": [[[-98.18353, 26.194826], [-98.18352, 26.194826], [-98.18352, 26.194834999999998], [-98.18353, 26.194834999999998], [-98.18353, 26.194826]]]}}, {"type": "Feature", "properties": {"campus_id": "bowie", "surface_class": "Asphalt/Concrete", "estimated_temp_f": 120}, "geometry": {"type": "Polygon", "coordinates": [[[-98.18353, 26.194835], [-98.18352, 26.194835], [-98.18352, 26.194844], [-98.18353, 26.194844], [-98.18353, 26.194835]]]}}, {"type": "Feature", "properties": {"campus_id": "bowie", "surface_class": "Asphalt/Concrete", "estimated_temp_f": 120}, "geometry": {"type": "Polygon", "coordinates": [[[-98.18353, 26.194844], [-98.18352, 26.194844], [-98.18352, 26.194853], [-98.18353, 26.194853], [-98.18353, 26.194844]]]}}, {"type": "Feature", "properties": {"campus_id": "bowie", "surface_class": "Asphalt/Concrete", "estimated_temp_f": 120}, "geometry": {"type": "Polygon", "coordinates": [[[-98.18353, 26.194853000000002], [-98.18352, 26.194853000000002], [-98.18352, 26.194862], [-98.18353, 26.194862], [-98.18353, 26.194853000000002]]]}}, {"type": "Feature", "properties": {"campus_id": "bowie", "surface_class": "Asphalt/Concrete", "estimated_temp_f": 120}, "geometry": {"type": "Polygon", "coordinates": [[[-98.18353, 26.194862], [-98.18352, 26.194862], [-98.18352, 26.194871], [-98.18353, 26.194871], [-98.18353, 26.194862]]]}}, {"type": "Feature", "properties": {"campus_id": "bowie", "surface_class": "Asphalt/Concrete", "estimated_temp_f": 120}, "geometry": {"type": "Polygon", "coordinates": [[[-98.18353, 26.194871], [-98.18352, 26.194871], [-98.18352, 26.194879999999998], [-98.18353, 26.194879999999998], [-98.18353, 26.194871]]]}}, {"type": "Feature", "properties": {"campus_id": "bowie", "surface_class": "Asphalt/Concrete", "estimated_temp_f": 120}, "geometry": {"type": "Polygon", "coordinates": [[[-98.18352, 26.19452], [-98.18351, 26.19452], [-98.18351, 26.194529], [-98.18352, 26.194529], [-98.18352, 26.19452]]]}}, {"type": "Feature", "properties": {"campus_id": "bowie", "surface_class": "Asphalt/Concrete", "estimated_temp_f": 120}, "geometry": {"type": "Polygon", "coordinates": [[[-98.18352, 26.194529], [-98.18351, 26.194529], [-98.18351, 26.194537999999998], [-98.18352, 26.194537999999998], [-98.18352, 26.194529]]]}}, {"type": "Feature", "properties": {"campus_id": "bowie", "surface_class": "Asphalt/Concrete", "estimated_temp_f": 120}, "geometry": {"type": "Polygon", "coordinates": [[[-98.18352, 26.194538], [-98.18351, 26.194538], [-98.18351, 26.194547], [-98.18352, 26.194547], [-98.18352, 26.194538]]]}}, {"type": "Feature", "properties": {"campus_id": "bowie", "surface_class": "Asphalt/Concrete", "estimated_temp_f": 120}, "geometry": {"type": "Polygon", "coordinates": [[[-98.18352, 26.194547], [-98.18351, 26.194547], [-98.18351, 26.194556], [-98.18352, 26.194556], [-98.18352, 26.194547]]]}}, {"type": "Feature", "properties": {"campus_id": "bowie", "surface_class": "Grass/Turf", "estimated_temp_f": 95}, "geometry": {"type": "Polygon", "coordinates": [[[-98.18352, 26.194556000000002], [-98.18351, 26.194556000000002], [-98.18351, 26.194565], [-98.18352, 26.194565], [-98.18352, 26.194556000000002]]]}}, {"type": "Feature", "properties": {"campus_id": "bowie", "surface_class": "Grass/Turf", "estimated_temp_f": 95}, "geometry": {"type": "Polygon", "coordinates": [[[-98.18352, 26.194565], [-98.18351, 26.194565], [-98.18351, 26.194574], [-98.18352, 26.194574], [-98.18352, 26.194565]]]}}, {"type": "Feature", "properties": {"campus_id": "bowie", "surface_class": "Asphalt/Concrete", "estimated_temp_f": 120}, "geometry": {"type": "Polygon", "coordinates": [[[-98.18352, 26.194574], [-98.18351, 26.194574], [-98.18351, 26.194582999999998], [-98.18352, 26.194582999999998], [-98.18352, 26.194574]]]}}, {"type": "Feature", "properties": {"campus_id": "bowie", "surface_class": "Asphalt/Concrete", "estimated_temp_f": 120}, "geometry": {"type": "Polygon", "coordinates": [[[-98.18352, 26.194583], [-98.18351, 26.194583], [-98.18351, 26.194592], [-98.18352, 26.194592], [-98.18352, 26.194583]]]}}, {"type": "Feature", "properties": {"campus_id": "bowie", "surface_class": "Asphalt/Concrete", "estimated_temp_f": 120}, "geometry": {"type": "Polygon", "coordinates": [[[-98.18352, 26.194592], [-98.18351, 26.194592], [-98.18351, 26.194601], [-98.18352, 26.194601], [-98.18352, 26.194592]]]}}, {"type": "Feature", "properties": {"campus_id": "bowie", "surface_class": "Asphalt/Concrete", "estimated_temp_f": 120}, "geometry": {"type": "Polygon", "coordinates": [[[-98.18352, 26.194601000000002], [-98.18351, 26.194601000000002], [-98.18351, 26.19461], [-98.18352, 26.19461], [-98.18352, 26.194601000000002]]]}}, {"type": "Feature", "properties": {"campus_id": "bowie", "surface_class": "Asphalt/Concrete", "estimated_temp_f": 120}, "geometry": {"type": "Polygon", "coordinates": [[[-98.18352, 26.19461], [-98.18351, 26.19461], [-98.18351, 26.194619], [-98.18352, 26.194619], [-98.18352, 26.19461]]]}}, {"type": "Feature", "properties": {"campus_id": "bowie", "surface_class": "Asphalt/Concrete", "estimated_temp_f": 120}, "geometry": {"type": "Polygon", "coordinates": [[[-98.18352, 26.194619], [-98.18351, 26.194619], [-98.18351, 26.194627999999998], [-98.18352, 26.194627999999998], [-98.18352, 26.194619]]]}}, {"type": "Feature", "properties": {"campus_id": "bowie", "surface_class": "Asphalt/Concrete", "estimated_temp_f": 120}, "geometry": {"type": "Polygon", "coordinates": [[[-98.18352, 26.194628], [-98.18351, 26.194628], [-98.18351, 26.194637], [-98.18352, 26.194637], [-98.18352, 26.194628]]]}}, {"type": "Feature", "properties": {"campus_id": "bowie", "surface_class": "Asphalt/Concrete", "estimated_temp_f": 120}, "geometry": {"type": "Polygon", "coordinates": [[[-98.18352, 26.194637], [-98.18351, 26.194637], [-98.18351, 26.194646], [-98.18352, 26.194646], [-98.18352, 26.194637]]]}}, {"type": "Feature", "properties": {"campus_id": "bowie", "surface_class": "Asphalt/Concrete", "estimated_temp_f": 120}, "geometry": {"type": "Polygon", "coordinates": [[[-98.18352, 26.194646000000002], [-98.18351, 26.194646000000002], [-98.18351, 26.194655], [-98.18352, 26.194655], [-98.18352, 26.194646000000002]]]}}, {"type": "Feature", "properties": {"campus_id": "bowie", "surface_class": "Asphalt/Concrete", "estimated_temp_f": 120}, "geometry": {"type": "Polygon", "coordinates": [[[-98.18352, 26.194655], [-98.18351, 26.194655], [-98.18351, 26.194664], [-98.18352, 26.194664], [-98.18352, 26.194655]]]}}, {"type": "Feature", "properties": {"campus_id": "bowie", "surface_class": "Grass/Turf", "estimated_temp_f": 95}, "geometry": {"type": "Polygon", "coordinates": [[[-98.18352, 26.194664], [-98.18351, 26.194664], [-98.18351, 26.194672999999998], [-98.18352, 26.194672999999998], [-98.18352, 26.194664]]]}}, {"type": "Feature", "properties": {"campus_id": "bowie", "surface_class": "Asphalt/Concrete", "estimated_temp_f": 120}, "geometry": {"type": "Polygon", "coordinates": [[[-98.18352, 26.194673], [-98.18351, 26.194673], [-98.18351, 26.194682], [-98.18352, 26.194682], [-98.18352, 26.194673]]]}}, {"type": "Feature", "properties": {"campus_id": "bowie", "surface_class": "Grass/Turf", "estimated_temp_f": 95}, "geometry": {"type": "Polygon", "coordinates": [[[-98.18352, 26.194682], [-98.18351, 26.194682], [-98.18351, 26.194691], [-98.18352, 26.194691], [-98.18352, 26.194682]]]}}, {"type": "Feature", "properties": {"campus_id": "bowie", "surface_class": "Asphalt/Concrete", "estimated_temp_f": 120}, "geometry": {"type": "Polygon", "coordinates": [[[-98.18352, 26.194691000000002], [-98.18351, 26.194691000000002], [-98.18351, 26.1947], [-98.18352, 26.1947], [-98.18352, 26.194691000000002]]]}}, {"type": "Feature", "properties": {"campus_id": "bowie", "surface_class": "Asphalt/Concrete", "estimated_temp_f": 120}, "geometry": {"type": "Polygon", "coordinates": [[[-98.18352, 26.1947], [-98.18351, 26.1947], [-98.18351, 26.194709], [-98.18352, 26.194709], [-98.18352, 26.1947]]]}}, {"type": "Feature", "properties": {"campus_id": "bowie", "surface_class": "Asphalt/Concrete", "estimated_temp_f": 120}, "geometry": {"type": "Polygon", "coordinates": [[[-98.18352, 26.194709], [-98.18351, 26.194709], [-98.18351, 26.194717999999998], [-98.18352, 26.194717999999998], [-98.18352, 26.194709]]]}}, {"type": "Feature", "properties": {"campus_id": "bowie", "surface_class": "Asphalt/Concrete", "estimated_temp_f": 120}, "geometry": {"type": "Polygon", "coordinates": [[[-98.18352, 26.194718], [-98.18351, 26.194718], [-98.18351, 26.194727], [-98.18352, 26.194727], [-98.18352, 26.194718]]]}}, {"type": "Feature", "properties": {"campus_id": "bowie", "surface_class": "Grass/Turf", "estimated_temp_f": 95}, "geometry": {"type": "Polygon", "coordinates": [[[-98.18352, 26.194727], [-98.18351, 26.194727], [-98.18351, 26.194736], [-98.18352, 26.194736], [-98.18352, 26.194727]]]}}, {"type": "Feature", "properties": {"campus_id": "bowie", "surface_class": "Asphalt/Concrete", "estimated_temp_f": 120}, "geometry": {"type": "Polygon", "coordinates": [[[-98.18352, 26.194736000000002], [-98.18351, 26.194736000000002], [-98.18351, 26.194745], [-98.18352, 26.194745], [-98.18352, 26.194736000000002]]]}}, {"type": "Feature", "properties": {"campus_id": "bowie", "surface_class": "Asphalt/Concrete", "estimated_temp_f": 120}, "geometry": {"type": "Polygon", "coordinates": [[[-98.18352, 26.194745], [-98.18351, 26.194745], [-98.18351, 26.194754], [-98.18352, 26.194754], [-98.18352, 26.194745]]]}}, {"type": "Feature", "properties": {"campus_id": "bowie", "surface_class": "Asphalt/Concrete", "estimated_temp_f": 120}, "geometry": {"type": "Polygon", "coordinates": [[[-98.18352, 26.194754], [-98.18351, 26.194754], [-98.18351, 26.194763], [-98.18352, 26.194763], [-98.18352, 26.194754]]]}}, {"type": "Feature", "properties": {"campus_id": "bowie", "surface_class": "Asphalt/Concrete", "estimated_temp_f": 120}, "geometry": {"type": "Polygon", "coordinates": [[[-98.18352, 26.194763000000002], [-98.18351, 26.194763000000002], [-98.18351, 26.194772], [-98.18352, 26.194772], [-98.18352, 26.194763000000002]]]}}, {"type": "Feature", "properties": {"campus_id": "bowie", "surface_class": "Asphalt/Concrete", "estimated_temp_f": 120}, "geometry": {"type": "Polygon", "coordinates": [[[-98.18352, 26.194772], [-98.18351, 26.194772], [-98.18351, 26.194781], [-98.18352, 26.194781], [-98.18352, 26.194772]]]}}, {"type": "Feature", "properties": {"campus_id": "bowie", "surface_class": "Asphalt/Concrete", "estimated_temp_f": 120}, "geometry": {"type": "Polygon", "coordinates": [[[-98.18352, 26.194781], [-98.18351, 26.194781], [-98.18351, 26.194789999999998], [-98.18352, 26.194789999999998], [-98.18352, 26.194781]]]}}, {"type": "Feature", "properties": {"campus_id": "bowie", "surface_class": "Asphalt/Concrete", "estimated_temp_f": 120}, "geometry": {"type": "Polygon", "coordinates": [[[-98.18352, 26.19479], [-98.18351, 26.19479], [-98.18351, 26.194799], [-98.18352, 26.194799], [-98.18352, 26.19479]]]}}, {"type": "Feature", "properties": {"campus_id": "bowie", "surface_class": "Asphalt/Concrete", "estimated_temp_f": 120}, "geometry": {"type": "Polygon", "coordinates": [[[-98.18352, 26.194799], [-98.18351, 26.194799], [-98.18351, 26.194808], [-98.18352, 26.194808], [-98.18352, 26.194799]]]}}, {"type": "Feature", "properties": {"campus_id": "bowie", "surface_class": "Grass/Turf", "estimated_temp_f": 95}, "geometry": {"type": "Polygon", "coordinates": [[[-98.18352, 26.194808000000002], [-98.18351, 26.194808000000002], [-98.18351, 26.194817], [-98.18352, 26.194817], [-98.18352, 26.194808000000002]]]}}, {"type": "Feature", "properties": {"campus_id": "bowie", "surface_class": "Asphalt/Concrete", "estimated_temp_f": 120}, "geometry": {"type": "Polygon", "coordinates": [[[-98.18352, 26.194817], [-98.18351, 26.194817], [-98.18351, 26.194826], [-98.18352, 26.194826], [-98.18352, 26.194817]]]}}, {"type": "Feature", "properties": {"campus_id": "bowie", "surface_class": "Asphalt/Concrete", "estimated_temp_f": 120}, "geometry": {"type": "Polygon", "coordinates": [[[-98.18352, 26.194826], [-98.18351, 26.194826], [-98.18351, 26.194834999999998], [-98.18352, 26.194834999999998], [-98.18352, 26.194826]]]}}, {"type": "Feature", "properties": {"campus_id": "bowie", "surface_class": "Asphalt/Concrete", "estimated_temp_f": 120}, "geometry": {"type": "Polygon", "coordinates": [[[-98.18352, 26.194835], [-98.18351, 26.194835], [-98.18351, 26.194844], [-98.18352, 26.194844], [-98.18352, 26.194835]]]}}, {"type": "Feature", "properties": {"campus_id": "bowie", "surface_class": "Asphalt/Concrete", "estimated_temp_f": 120}, "geometry": {"type": "Polygon", "coordinates": [[[-98.18352, 26.194844], [-98.18351, 26.194844], [-98.18351, 26.194853], [-98.18352, 26.194853], [-98.18352, 26.194844]]]}}, {"type": "Feature", "properties": {"campus_id": "bowie", "surface_class": "Asphalt/Concrete", "estimated_temp_f": 120}, "geometry": {"type": "Polygon", "coordinates": [[[-98.18352, 26.194853000000002], [-98.18351, 26.194853000000002], [-98.18351, 26.194862], [-98.18352, 26.194862], [-98.18352, 26.194853000000002]]]}}, {"type": "Feature", "properties": {"campus_id": "bowie", "surface_class": "Canopy", "estimated_temp_f": 85}, "geometry": {"type": "Polygon", "coordinates": [[[-98.18352, 26.194862], [-98.18351, 26.194862], [-98.18351, 26.194871], [-98.18352, 26.194871], [-98.18352, 26.194862]]]}}, {"type": "Feature", "properties": {"campus_id": "bowie", "surface_class": "Asphalt/Concrete", "estimated_temp_f": 120}, "geometry": {"type": "Polygon", "coordinates": [[[-98.18352, 26.194871], [-98.18351, 26.194871], [-98.18351, 26.194879999999998], [-98.18352, 26.194879999999998], [-98.18352, 26.194871]]]}}, {"type": "Feature", "properties": {"campus_id": "bowie", "surface_class": "Asphalt/Concrete", "estimated_temp_f": 120}, "geometry": {"type": "Polygon", "coordinates": [[[-98.18351, 26.19452], [-98.1835, 26.19452], [-98.1835, 26.194529], [-98.18351, 26.194529], [-98.18351, 26.19452]]]}}, {"type": "Feature", "properties": {"campus_id": "bowie", "surface_class": "Asphalt/Concrete", "estimated_temp_f": 120}, "geometry": {"type": "Polygon", "coordinates": [[[-98.18351, 26.194529], [-98.1835, 26.194529], [-98.1835, 26.194537999999998], [-98.18351, 26.194537999999998], [-98.18351, 26.194529]]]}}, {"type": "Feature", "properties": {"campus_id": "bowie", "surface_class": "Asphalt/Concrete", "estimated_temp_f": 120}, "geometry": {"type": "Polygon", "coordinates": [[[-98.18351, 26.194538], [-98.1835, 26.194538], [-98.1835, 26.194547], [-98.18351, 26.194547], [-98.18351, 26.194538]]]}}, {"type": "Feature", "properties": {"campus_id": "bowie", "surface_class": "Asphalt/Concrete", "estimated_temp_f": 120}, "geometry": {"type": "Polygon", "coordinates": [[[-98.18351, 26.194547], [-98.1835, 26.194547], [-98.1835, 26.194556], [-98.18351, 26.194556], [-98.18351, 26.194547]]]}}, {"type": "Feature", "properties": {"campus_id": "bowie", "surface_class": "Grass/Turf", "estimated_temp_f": 95}, "geometry": {"type": "Polygon", "coordinates": [[[-98.18351, 26.194556000000002], [-98.1835, 26.194556000000002], [-98.1835, 26.194565], [-98.18351, 26.194565], [-98.18351, 26.194556000000002]]]}}, {"type": "Feature", "properties": {"campus_id": "bowie", "surface_class": "Asphalt/Concrete", "estimated_temp_f": 120}, "geometry": {"type": "Polygon", "coordinates": [[[-98.18351, 26.194565], [-98.1835, 26.194565], [-98.1835, 26.194574], [-98.18351, 26.194574], [-98.18351, 26.194565]]]}}, {"type": "Feature", "properties": {"campus_id": "bowie", "surface_class": "Asphalt/Concrete", "estimated_temp_f": 120}, "geometry": {"type": "Polygon", "coordinates": [[[-98.18351, 26.194574], [-98.1835, 26.194574], [-98.1835, 26.194582999999998], [-98.18351, 26.194582999999998], [-98.18351, 26.194574]]]}}, {"type": "Feature", "properties": {"campus_id": "bowie", "surface_class": "Asphalt/Concrete", "estimated_temp_f": 120}, "geometry": {"type": "Polygon", "coordinates": [[[-98.18351, 26.194583], [-98.1835, 26.194583], [-98.1835, 26.194592], [-98.18351, 26.194592], [-98.18351, 26.194583]]]}}, {"type": "Feature", "properties": {"campus_id": "bowie", "surface_class": "Asphalt/Concrete", "estimated_temp_f": 120}, "geometry": {"type": "Polygon", "coordinates": [[[-98.18351, 26.194592], [-98.1835, 26.194592], [-98.1835, 26.194601], [-98.18351, 26.194601], [-98.18351, 26.194592]]]}}, {"type": "Feature", "properties": {"campus_id": "bowie", "surface_class": "Asphalt/Concrete", "estimated_temp_f": 120}, "geometry": {"type": "Polygon", "coordinates": [[[-98.18351, 26.194601000000002], [-98.1835, 26.194601000000002], [-98.1835, 26.19461], [-98.18351, 26.19461], [-98.18351, 26.194601000000002]]]}}, {"type": "Feature", "properties": {"campus_id": "bowie", "surface_class": "Asphalt/Concrete", "estimated_temp_f": 120}, "geometry": {"type": "Polygon", "coordinates": [[[-98.18351, 26.19461], [-98.1835, 26.19461], [-98.1835, 26.194619], [-98.18351, 26.194619], [-98.18351, 26.19461]]]}}, {"type": "Feature", "properties": {"campus_id": "bowie", "surface_class": "Asphalt/Concrete", "estimated_temp_f": 120}, "geometry": {"type": "Polygon", "coordinates": [[[-98.18351, 26.194619], [-98.1835, 26.194619], [-98.1835, 26.194627999999998], [-98.18351, 26.194627999999998], [-98.18351, 26.194619]]]}}, {"type": "Feature", "properties": {"campus_id": "bowie", "surface_class": "Asphalt/Concrete", "estimated_temp_f": 120}, "geometry": {"type": "Polygon", "coordinates": [[[-98.18351, 26.194628], [-98.1835, 26.194628], [-98.1835, 26.194637], [-98.18351, 26.194637], [-98.18351, 26.194628]]]}}, {"type": "Feature", "properties": {"campus_id": "bowie", "surface_class": "Asphalt/Concrete", "estimated_temp_f": 120}, "geometry": {"type": "Polygon", "coordinates": [[[-98.18351, 26.194637], [-98.1835, 26.194637], [-98.1835, 26.194646], [-98.18351, 26.194646], [-98.18351, 26.194637]]]}}, {"type": "Feature", "properties": {"campus_id": "bowie", "surface_class": "Asphalt/Concrete", "estimated_temp_f": 120}, "geometry": {"type": "Polygon", "coordinates": [[[-98.18351, 26.194646000000002], [-98.1835, 26.194646000000002], [-98.1835, 26.194655], [-98.18351, 26.194655], [-98.18351, 26.194646000000002]]]}}, {"type": "Feature", "properties": {"campus_id": "bowie", "surface_class": "Asphalt/Concrete", "estimated_temp_f": 120}, "geometry": {"type": "Polygon", "coordinates": [[[-98.18351, 26.194655], [-98.1835, 26.194655], [-98.1835, 26.194664], [-98.18351, 26.194664], [-98.18351, 26.194655]]]}}, {"type": "Feature", "properties": {"campus_id": "bowie", "surface_class": "Asphalt/Concrete", "estimated_temp_f": 120}, "geometry": {"type": "Polygon", "coordinates": [[[-98.18351, 26.194664], [-98.1835, 26.194664], [-98.1835, 26.194672999999998], [-98.18351, 26.194672999999998], [-98.18351, 26.194664]]]}}, {"type": "Feature", "properties": {"campus_id": "bowie", "surface_class": "Asphalt/Concrete", "estimated_temp_f": 120}, "geometry": {"type": "Polygon", "coordinates": [[[-98.18351, 26.194673], [-98.1835, 26.194673], [-98.1835, 26.194682], [-98.18351, 26.194682], [-98.18351, 26.194673]]]}}, {"type": "Feature", "properties": {"campus_id": "bowie", "surface_class": "Asphalt/Concrete", "estimated_temp_f": 120}, "geometry": {"type": "Polygon", "coordinates": [[[-98.18351, 26.194682], [-98.1835, 26.194682], [-98.1835, 26.194691], [-98.18351, 26.194691], [-98.18351, 26.194682]]]}}, {"type": "Feature", "properties": {"campus_id": "bowie", "surface_class": "Asphalt/Concrete", "estimated_temp_f": 120}, "geometry": {"type": "Polygon", "coordinates": [[[-98.18351, 26.194691000000002], [-98.1835, 26.194691000000002], [-98.1835, 26.1947], [-98.18351, 26.1947], [-98.18351, 26.194691000000002]]]}}, {"type": "Feature", "properties": {"campus_id": "bowie", "surface_class": "Asphalt/Concrete", "estimated_temp_f": 120}, "geometry": {"type": "Polygon", "coordinates": [[[-98.18351, 26.1947], [-98.1835, 26.1947], [-98.1835, 26.194709], [-98.18351, 26.194709], [-98.18351, 26.1947]]]}}, {"type": "Feature", "properties": {"campus_id": "bowie", "surface_class": "Asphalt/Concrete", "estimated_temp_f": 120}, "geometry": {"type": "Polygon", "coordinates": [[[-98.18351, 26.194709], [-98.1835, 26.194709], [-98.1835, 26.194717999999998], [-98.18351, 26.194717999999998], [-98.18351, 26.194709]]]}}, {"type": "Feature", "properties": {"campus_id": "bowie", "surface_class": "Asphalt/Concrete", "estimated_temp_f": 120}, "geometry": {"type": "Polygon", "coordinates": [[[-98.18351, 26.194718], [-98.1835, 26.194718], [-98.1835, 26.194727], [-98.18351, 26.194727], [-98.18351, 26.194718]]]}}, {"type": "Feature", "properties": {"campus_id": "bowie", "surface_class": "Asphalt/Concrete", "estimated_temp_f": 120}, "geometry": {"type": "Polygon", "coordinates": [[[-98.18351, 26.194727], [-98.1835, 26.194727], [-98.1835, 26.194736], [-98.18351, 26.194736], [-98.18351, 26.194727]]]}}, {"type": "Feature", "properties": {"campus_id": "bowie", "surface_class": "Grass/Turf", "estimated_temp_f": 95}, "geometry": {"type": "Polygon", "coordinates": [[[-98.18351, 26.194736000000002], [-98.1835, 26.194736000000002], [-98.1835, 26.194745], [-98.18351, 26.194745], [-98.18351, 26.194736000000002]]]}}, {"type": "Feature", "properties": {"campus_id": "bowie", "surface_class": "Asphalt/Concrete", "estimated_temp_f": 120}, "geometry": {"type": "Polygon", "coordinates": [[[-98.18351, 26.194745], [-98.1835, 26.194745], [-98.1835, 26.194754], [-98.18351, 26.194754], [-98.18351, 26.194745]]]}}, {"type": "Feature", "properties": {"campus_id": "bowie", "surface_class": "Asphalt/Concrete", "estimated_temp_f": 120}, "geometry": {"type": "Polygon", "coordinates": [[[-98.18351, 26.194754], [-98.1835, 26.194754], [-98.1835, 26.194763], [-98.18351, 26.194763], [-98.18351, 26.194754]]]}}, {"type": "Feature", "properties": {"campus_id": "bowie", "surface_class": "Asphalt/Concrete", "estimated_temp_f": 120}, "geometry": {"type": "Polygon", "coordinates": [[[-98.18351, 26.194763000000002], [-98.1835, 26.194763000000002], [-98.1835, 26.194772], [-98.18351, 26.194772], [-98.18351, 26.194763000000002]]]}}, {"type": "Feature", "properties": {"campus_id": "bowie", "surface_class": "Asphalt/Concrete", "estimated_temp_f": 120}, "geometry": {"type": "Polygon", "coordinates": [[[-98.18351, 26.194772], [-98.1835, 26.194772], [-98.1835, 26.194781], [-98.18351, 26.194781], [-98.18351, 26.194772]]]}}, {"type": "Feature", "properties": {"campus_id": "bowie", "surface_class": "Canopy", "estimated_temp_f": 85}, "geometry": {"type": "Polygon", "coordinates": [[[-98.18351, 26.194781], [-98.1835, 26.194781], [-98.1835, 26.194789999999998], [-98.18351, 26.194789999999998], [-98.18351, 26.194781]]]}}, {"type": "Feature", "properties": {"campus_id": "bowie", "surface_class": "Asphalt/Concrete", "estimated_temp_f": 120}, "geometry": {"type": "Polygon", "coordinates": [[[-98.18351, 26.19479], [-98.1835, 26.19479], [-98.1835, 26.194799], [-98.18351, 26.194799], [-98.18351, 26.19479]]]}}, {"type": "Feature", "properties": {"campus_id": "bowie", "surface_class": "Asphalt/Concrete", "estimated_temp_f": 120}, "geometry": {"type": "Polygon", "coordinates": [[[-98.18351, 26.194799], [-98.1835, 26.194799], [-98.1835, 26.194808], [-98.18351, 26.194808], [-98.18351, 26.194799]]]}}, {"type": "Feature", "properties": {"campus_id": "bowie", "surface_class": "Asphalt/Concrete", "estimated_temp_f": 120}, "geometry": {"type": "Polygon", "coordinates": [[[-98.18351, 26.194808000000002], [-98.1835, 26.194808000000002], [-98.1835, 26.194817], [-98.18351, 26.194817], [-98.18351, 26.194808000000002]]]}}, {"type": "Feature", "properties": {"campus_id": "bowie", "surface_class": "Grass/Turf", "estimated_temp_f": 95}, "geometry": {"type": "Polygon", "coordinates": [[[-98.18351, 26.194817], [-98.1835, 26.194817], [-98.1835, 26.194826], [-98.18351, 26.194826], [-98.18351, 26.194817]]]}}, {"type": "Feature", "properties": {"campus_id": "bowie", "surface_class": "Asphalt/Concrete", "estimated_temp_f": 120}, "geometry": {"type": "Polygon", "coordinates": [[[-98.18351, 26.194826], [-98.1835, 26.194826], [-98.1835, 26.194834999999998], [-98.18351, 26.194834999999998], [-98.18351, 26.194826]]]}}, {"type": "Feature", "properties": {"campus_id": "bowie", "surface_class": "Asphalt/Concrete", "estimated_temp_f": 120}, "geometry": {"type": "Polygon", "coordinates": [[[-98.18351, 26.194835], [-98.1835, 26.194835], [-98.1835, 26.194844], [-98.18351, 26.194844], [-98.18351, 26.194835]]]}}, {"type": "Feature", "properties": {"campus_id": "bowie", "surface_class": "Grass/Turf", "estimated_temp_f": 95}, "geometry": {"type": "Polygon", "coordinates": [[[-98.18351, 26.194844], [-98.1835, 26.194844], [-98.1835, 26.194853], [-98.18351, 26.194853], [-98.18351, 26.194844]]]}}, {"type": "Feature", "properties": {"campus_id": "bowie", "surface_class": "Asphalt/Concrete", "estimated_temp_f": 120}, "geometry": {"type": "Polygon", "coordinates": [[[-98.18351, 26.194853000000002], [-98.1835, 26.194853000000002], [-98.1835, 26.194862], [-98.18351, 26.194862], [-98.18351, 26.194853000000002]]]}}, {"type": "Feature", "properties": {"campus_id": "bowie", "surface_class": "Asphalt/Concrete", "estimated_temp_f": 120}, "geometry": {"type": "Polygon", "coordinates": [[[-98.18351, 26.194862], [-98.1835, 26.194862], [-98.1835, 26.194871], [-98.18351, 26.194871], [-98.18351, 26.194862]]]}}, {"type": "Feature", "properties": {"campus_id": "bowie", "surface_class": "Asphalt/Concrete", "estimated_temp_f": 120}, "geometry": {"type": "Polygon", "coordinates": [[[-98.18351, 26.194871], [-98.1835, 26.194871], [-98.1835, 26.194879999999998], [-98.18351, 26.194879999999998], [-98.18351, 26.194871]]]}}, {"type": "Feature", "properties": {"campus_id": "bowie", "surface_class": "Asphalt/Concrete", "estimated_temp_f": 120}, "geometry": {"type": "Polygon", "coordinates": [[[-98.18350000000001, 26.19452], [-98.18349, 26.19452], [-98.18349, 26.194529], [-98.18350000000001, 26.194529], [-98.18350000000001, 26.19452]]]}}, {"type": "Feature", "properties": {"campus_id": "bowie", "surface_class": "Asphalt/Concrete", "estimated_temp_f": 120}, "geometry": {"type": "Polygon", "coordinates": [[[-98.18350000000001, 26.194529], [-98.18349, 26.194529], [-98.18349, 26.194537999999998], [-98.18350000000001, 26.194537999999998], [-98.18350000000001, 26.194529]]]}}, {"type": "Feature", "properties": {"campus_id": "bowie", "surface_class": "Asphalt/Concrete", "estimated_temp_f": 120}, "geometry": {"type": "Polygon", "coordinates": [[[-98.18350000000001, 26.194538], [-98.18349, 26.194538], [-98.18349, 26.194547], [-98.18350000000001, 26.194547], [-98.18350000000001, 26.194538]]]}}, {"type": "Feature", "properties": {"campus_id": "bowie", "surface_class": "Asphalt/Concrete", "estimated_temp_f": 120}, "geometry": {"type": "Polygon", "coordinates": [[[-98.18350000000001, 26.194547], [-98.18349, 26.194547], [-98.18349, 26.194556], [-98.18350000000001, 26.194556], [-98.18350000000001, 26.194547]]]}}, {"type": "Feature", "properties": {"campus_id": "bowie", "surface_class": "Asphalt/Concrete", "estimated_temp_f": 120}, "geometry": {"type": "Polygon", "coordinates": [[[-98.18350000000001, 26.194556000000002], [-98.18349, 26.194556000000002], [-98.18349, 26.194565], [-98.18350000000001, 26.194565], [-98.18350000000001, 26.194556000000002]]]}}, {"type": "Feature", "properties": {"campus_id": "bowie", "surface_class": "Grass/Turf", "estimated_temp_f": 95}, "geometry": {"type": "Polygon", "coordinates": [[[-98.18350000000001, 26.194565], [-98.18349, 26.194565], [-98.18349, 26.194574], [-98.18350000000001, 26.194574], [-98.18350000000001, 26.194565]]]}}, {"type": "Feature", "properties": {"campus_id": "bowie", "surface_class": "Asphalt/Concrete", "estimated_temp_f": 120}, "geometry": {"type": "Polygon", "coordinates": [[[-98.18350000000001, 26.194574], [-98.18349, 26.194574], [-98.18349, 26.194582999999998], [-98.18350000000001, 26.194582999999998], [-98.18350000000001, 26.194574]]]}}, {"type": "Feature", "properties": {"campus_id": "bowie", "surface_class": "Canopy", "estimated_temp_f": 85}, "geometry": {"type": "Polygon", "coordinates": [[[-98.18350000000001, 26.194583], [-98.18349, 26.194583], [-98.18349, 26.194592], [-98.18350000000001, 26.194592], [-98.18350000000001, 26.194583]]]}}, {"type": "Feature", "properties": {"campus_id": "bowie", "surface_class": "Asphalt/Concrete", "estimated_temp_f": 120}, "geometry": {"type": "Polygon", "coordinates": [[[-98.18350000000001, 26.194592], [-98.18349, 26.194592], [-98.18349, 26.194601], [-98.18350000000001, 26.194601], [-98.18350000000001, 26.194592]]]}}, {"type": "Feature", "properties": {"campus_id": "bowie", "surface_class": "Asphalt/Concrete", "estimated_temp_f": 120}, "geometry": {"type": "Polygon", "coordinates": [[[-98.18350000000001, 26.194601000000002], [-98.18349, 26.194601000000002], [-98.18349, 26.19461], [-98.18350000000001, 26.19461], [-98.18350000000001, 26.194601000000002]]]}}, {"type": "Feature", "properties": {"campus_id": "bowie", "surface_class": "Asphalt/Concrete", "estimated_temp_f": 120}, "geometry": {"type": "Polygon", "coordinates": [[[-98.18350000000001, 26.19461], [-98.18349, 26.19461], [-98.18349, 26.194619], [-98.18350000000001, 26.194619], [-98.18350000000001, 26.19461]]]}}, {"type": "Feature", "properties": {"campus_id": "bowie", "surface_class": "Asphalt/Concrete", "estimated_temp_f": 120}, "geometry": {"type": "Polygon", "coordinates": [[[-98.18350000000001, 26.194619], [-98.18349, 26.194619], [-98.18349, 26.194627999999998], [-98.18350000000001, 26.194627999999998], [-98.18350000000001, 26.194619]]]}}, {"type": "Feature", "properties": {"campus_id": "bowie", "surface_class": "Asphalt/Concrete", "estimated_temp_f": 120}, "geometry": {"type": "Polygon", "coordinates": [[[-98.18350000000001, 26.194628], [-98.18349, 26.194628], [-98.18349, 26.194637], [-98.18350000000001, 26.194637], [-98.18350000000001, 26.194628]]]}}, {"type": "Feature", "properties": {"campus_id": "bowie", "surface_class": "Asphalt/Concrete", "estimated_temp_f": 120}, "geometry": {"type": "Polygon", "coordinates": [[[-98.18350000000001, 26.194637], [-98.18349, 26.194637], [-98.18349, 26.194646], [-98.18350000000001, 26.194646], [-98.18350000000001, 26.194637]]]}}, {"type": "Feature", "properties": {"campus_id": "bowie", "surface_class": "Asphalt/Concrete", "estimated_temp_f": 120}, "geometry": {"type": "Polygon", "coordinates": [[[-98.18350000000001, 26.194646000000002], [-98.18349, 26.194646000000002], [-98.18349, 26.194655], [-98.18350000000001, 26.194655], [-98.18350000000001, 26.194646000000002]]]}}, {"type": "Feature", "properties": {"campus_id": "bowie", "surface_class": "Asphalt/Concrete", "estimated_temp_f": 120}, "geometry": {"type": "Polygon", "coordinates": [[[-98.18350000000001, 26.194655], [-98.18349, 26.194655], [-98.18349, 26.194664], [-98.18350000000001, 26.194664], [-98.18350000000001, 26.194655]]]}}, {"type": "Feature", "properties": {"campus_id": "bowie", "surface_class": "Asphalt/Concrete", "estimated_temp_f": 120}, "geometry": {"type": "Polygon", "coordinates": [[[-98.18350000000001, 26.194664], [-98.18349, 26.194664], [-98.18349, 26.194672999999998], [-98.18350000000001, 26.194672999999998], [-98.18350000000001, 26.194664]]]}}, {"type": "Feature", "properties": {"campus_id": "bowie", "surface_class": "Asphalt/Concrete", "estimated_temp_f": 120}, "geometry": {"type": "Polygon", "coordinates": [[[-98.18350000000001, 26.194673], [-98.18349, 26.194673], [-98.18349, 26.194682], [-98.18350000000001, 26.194682], [-98.18350000000001, 26.194673]]]}}, {"type": "Feature", "properties": {"campus_id": "bowie", "surface_class": "Asphalt/Concrete", "estimated_temp_f": 120}, "geometry": {"type": "Polygon", "coordinates": [[[-98.18350000000001, 26.194682], [-98.18349, 26.194682], [-98.18349, 26.194691], [-98.18350000000001, 26.194691], [-98.18350000000001, 26.194682]]]}}, {"type": "Feature", "properties": {"campus_id": "bowie", "surface_class": "Asphalt/Concrete", "estimated_temp_f": 120}, "geometry": {"type": "Polygon", "coordinates": [[[-98.18350000000001, 26.194691000000002], [-98.18349, 26.194691000000002], [-98.18349, 26.1947], [-98.18350000000001, 26.1947], [-98.18350000000001, 26.194691000000002]]]}}, {"type": "Feature", "properties": {"campus_id": "bowie", "surface_class": "Asphalt/Concrete", "estimated_temp_f": 120}, "geometry": {"type": "Polygon", "coordinates": [[[-98.18350000000001, 26.1947], [-98.18349, 26.1947], [-98.18349, 26.194709], [-98.18350000000001, 26.194709], [-98.18350000000001, 26.1947]]]}}, {"type": "Feature", "properties": {"campus_id": "bowie", "surface_class": "Grass/Turf", "estimated_temp_f": 95}, "geometry": {"type": "Polygon", "coordinates": [[[-98.18350000000001, 26.194709], [-98.18349, 26.194709], [-98.18349, 26.194717999999998], [-98.18350000000001, 26.194717999999998], [-98.18350000000001, 26.194709]]]}}, {"type": "Feature", "properties": {"campus_id": "bowie", "surface_class": "Grass/Turf", "estimated_temp_f": 95}, "geometry": {"type": "Polygon", "coordinates": [[[-98.18350000000001, 26.194718], [-98.18349, 26.194718], [-98.18349, 26.194727], [-98.18350000000001, 26.194727], [-98.18350000000001, 26.194718]]]}}, {"type": "Feature", "properties": {"campus_id": "bowie", "surface_class": "Asphalt/Concrete", "estimated_temp_f": 120}, "geometry": {"type": "Polygon", "coordinates": [[[-98.18350000000001, 26.194727], [-98.18349, 26.194727], [-98.18349, 26.194736], [-98.18350000000001, 26.194736], [-98.18350000000001, 26.194727]]]}}, {"type": "Feature", "properties": {"campus_id": "bowie", "surface_class": "Asphalt/Concrete", "estimated_temp_f": 120}, "geometry": {"type": "Polygon", "coordinates": [[[-98.18350000000001, 26.194736000000002], [-98.18349, 26.194736000000002], [-98.18349, 26.194745], [-98.18350000000001, 26.194745], [-98.18350000000001, 26.194736000000002]]]}}, {"type": "Feature", "properties": {"campus_id": "bowie", "surface_class": "Asphalt/Concrete", "estimated_temp_f": 120}, "geometry": {"type": "Polygon", "coordinates": [[[-98.18350000000001, 26.194745], [-98.18349, 26.194745], [-98.18349, 26.194754], [-98.18350000000001, 26.194754], [-98.18350000000001, 26.194745]]]}}, {"type": "Feature", "properties": {"campus_id": "bowie", "surface_class": "Grass/Turf", "estimated_temp_f": 95}, "geometry": {"type": "Polygon", "coordinates": [[[-98.18350000000001, 26.194754], [-98.18349, 26.194754], [-98.18349, 26.194763], [-98.18350000000001, 26.194763], [-98.18350000000001, 26.194754]]]}}, {"type": "Feature", "properties": {"campus_id": "bowie", "surface_class": "Asphalt/Concrete", "estimated_temp_f": 120}, "geometry": {"type": "Polygon", "coordinates": [[[-98.18350000000001, 26.194763000000002], [-98.18349, 26.194763000000002], [-98.18349, 26.194772], [-98.18350000000001, 26.194772], [-98.18350000000001, 26.194763000000002]]]}}, {"type": "Feature", "properties": {"campus_id": "bowie", "surface_class": "Asphalt/Concrete", "estimated_temp_f": 120}, "geometry": {"type": "Polygon", "coordinates": [[[-98.18350000000001, 26.194772], [-98.18349, 26.194772], [-98.18349, 26.194781], [-98.18350000000001, 26.194781], [-98.18350000000001, 26.194772]]]}}, {"type": "Feature", "properties": {"campus_id": "bowie", "surface_class": "Asphalt/Concrete", "estimated_temp_f": 120}, "geometry": {"type": "Polygon", "coordinates": [[[-98.18350000000001, 26.194781], [-98.18349, 26.194781], [-98.18349, 26.194789999999998], [-98.18350000000001, 26.194789999999998], [-98.18350000000001, 26.194781]]]}}, {"type": "Feature", "properties": {"campus_id": "bowie", "surface_class": "Asphalt/Concrete", "estimated_temp_f": 120}, "geometry": {"type": "Polygon", "coordinates": [[[-98.18350000000001, 26.19479], [-98.18349, 26.19479], [-98.18349, 26.194799], [-98.18350000000001, 26.194799], [-98.18350000000001, 26.19479]]]}}, {"type": "Feature", "properties": {"campus_id": "bowie", "surface_class": "Asphalt/Concrete", "estimated_temp_f": 120}, "geometry": {"type": "Polygon", "coordinates": [[[-98.18350000000001, 26.194799], [-98.18349, 26.194799], [-98.18349, 26.194808], [-98.18350000000001, 26.194808], [-98.18350000000001, 26.194799]]]}}, {"type": "Feature", "properties": {"campus_id": "bowie", "surface_class": "Asphalt/Concrete", "estimated_temp_f": 120}, "geometry": {"type": "Polygon", "coordinates": [[[-98.18350000000001, 26.194808000000002], [-98.18349, 26.194808000000002], [-98.18349, 26.194817], [-98.18350000000001, 26.194817], [-98.18350000000001, 26.194808000000002]]]}}, {"type": "Feature", "properties": {"campus_id": "bowie", "surface_class": "Asphalt/Concrete", "estimated_temp_f": 120}, "geometry": {"type": "Polygon", "coordinates": [[[-98.18350000000001, 26.194817], [-98.18349, 26.194817], [-98.18349, 26.194826], [-98.18350000000001, 26.194826], [-98.18350000000001, 26.194817]]]}}, {"type": "Feature", "properties": {"campus_id": "bowie", "surface_class": "Asphalt/Concrete", "estimated_temp_f": 120}, "geometry": {"type": "Polygon", "coordinates": [[[-98.18350000000001, 26.194826], [-98.18349, 26.194826], [-98.18349, 26.194834999999998], [-98.18350000000001, 26.194834999999998], [-98.18350000000001, 26.194826]]]}}, {"type": "Feature", "properties": {"campus_id": "bowie", "surface_class": "Asphalt/Concrete", "estimated_temp_f": 120}, "geometry": {"type": "Polygon", "coordinates": [[[-98.18350000000001, 26.194835], [-98.18349, 26.194835], [-98.18349, 26.194844], [-98.18350000000001, 26.194844], [-98.18350000000001, 26.194835]]]}}, {"type": "Feature", "properties": {"campus_id": "bowie", "surface_class": "Asphalt/Concrete", "estimated_temp_f": 120}, "geometry": {"type": "Polygon", "coordinates": [[[-98.18350000000001, 26.194844], [-98.18349, 26.194844], [-98.18349, 26.194853], [-98.18350000000001, 26.194853], [-98.18350000000001, 26.194844]]]}}, {"type": "Feature", "properties": {"campus_id": "bowie", "surface_class": "Asphalt/Concrete", "estimated_temp_f": 120}, "geometry": {"type": "Polygon", "coordinates": [[[-98.18350000000001, 26.194853000000002], [-98.18349, 26.194853000000002], [-98.18349, 26.194862], [-98.18350000000001, 26.194862], [-98.18350000000001, 26.194853000000002]]]}}, {"type": "Feature", "properties": {"campus_id": "bowie", "surface_class": "Asphalt/Concrete", "estimated_temp_f": 120}, "geometry": {"type": "Polygon", "coordinates": [[[-98.18350000000001, 26.194862], [-98.18349, 26.194862], [-98.18349, 26.194871], [-98.18350000000001, 26.194871], [-98.18350000000001, 26.194862]]]}}, {"type": "Feature", "properties": {"campus_id": "bowie", "surface_class": "Asphalt/Concrete", "estimated_temp_f": 120}, "geometry": {"type": "Polygon", "coordinates": [[[-98.18350000000001, 26.194871], [-98.18349, 26.194871], [-98.18349, 26.194879999999998], [-98.18350000000001, 26.194879999999998], [-98.18350000000001, 26.194871]]]}}, {"type": "Feature", "properties": {"campus_id": "bowie", "surface_class": "Asphalt/Concrete", "estimated_temp_f": 120}, "geometry": {"type": "Polygon", "coordinates": [[[-98.18349, 26.19452], [-98.18348, 26.19452], [-98.18348, 26.194529], [-98.18349, 26.194529], [-98.18349, 26.19452]]]}}, {"type": "Feature", "properties": {"campus_id": "bowie", "surface_class": "Asphalt/Concrete", "estimated_temp_f": 120}, "geometry": {"type": "Polygon", "coordinates": [[[-98.18349, 26.194529], [-98.18348, 26.194529], [-98.18348, 26.194537999999998], [-98.18349, 26.194537999999998], [-98.18349, 26.194529]]]}}, {"type": "Feature", "properties": {"campus_id": "bowie", "surface_class": "Grass/Turf", "estimated_temp_f": 95}, "geometry": {"type": "Polygon", "coordinates": [[[-98.18349, 26.194538], [-98.18348, 26.194538], [-98.18348, 26.194547], [-98.18349, 26.194547], [-98.18349, 26.194538]]]}}, {"type": "Feature", "properties": {"campus_id": "bowie", "surface_class": "Asphalt/Concrete", "estimated_temp_f": 120}, "geometry": {"type": "Polygon", "coordinates": [[[-98.18349, 26.194547], [-98.18348, 26.194547], [-98.18348, 26.194556], [-98.18349, 26.194556], [-98.18349, 26.194547]]]}}, {"type": "Feature", "properties": {"campus_id": "bowie", "surface_class": "Asphalt/Concrete", "estimated_temp_f": 120}, "geometry": {"type": "Polygon", "coordinates": [[[-98.18349, 26.194556000000002], [-98.18348, 26.194556000000002], [-98.18348, 26.194565], [-98.18349, 26.194565], [-98.18349, 26.194556000000002]]]}}, {"type": "Feature", "properties": {"campus_id": "bowie", "surface_class": "Asphalt/Concrete", "estimated_temp_f": 120}, "geometry": {"type": "Polygon", "coordinates": [[[-98.18349, 26.194565], [-98.18348, 26.194565], [-98.18348, 26.194574], [-98.18349, 26.194574], [-98.18349, 26.194565]]]}}, {"type": "Feature", "properties": {"campus_id": "bowie", "surface_class": "Asphalt/Concrete", "estimated_temp_f": 120}, "geometry": {"type": "Polygon", "coordinates": [[[-98.18349, 26.194574], [-98.18348, 26.194574], [-98.18348, 26.194582999999998], [-98.18349, 26.194582999999998], [-98.18349, 26.194574]]]}}, {"type": "Feature", "properties": {"campus_id": "bowie", "surface_class": "Asphalt/Concrete", "estimated_temp_f": 120}, "geometry": {"type": "Polygon", "coordinates": [[[-98.18349, 26.194583], [-98.18348, 26.194583], [-98.18348, 26.194592], [-98.18349, 26.194592], [-98.18349, 26.194583]]]}}, {"type": "Feature", "properties": {"campus_id": "bowie", "surface_class": "Asphalt/Concrete", "estimated_temp_f": 120}, "geometry": {"type": "Polygon", "coordinates": [[[-98.18349, 26.194592], [-98.18348, 26.194592], [-98.18348, 26.194601], [-98.18349, 26.194601], [-98.18349, 26.194592]]]}}, {"type": "Feature", "properties": {"campus_id": "bowie", "surface_class": "Grass/Turf", "estimated_temp_f": 95}, "geometry": {"type": "Polygon", "coordinates": [[[-98.18349, 26.194601000000002], [-98.18348, 26.194601000000002], [-98.18348, 26.19461], [-98.18349, 26.19461], [-98.18349, 26.194601000000002]]]}}, {"type": "Feature", "properties": {"campus_id": "bowie", "surface_class": "Asphalt/Concrete", "estimated_temp_f": 120}, "geometry": {"type": "Polygon", "coordinates": [[[-98.18349, 26.19461], [-98.18348, 26.19461], [-98.18348, 26.194619], [-98.18349, 26.194619], [-98.18349, 26.19461]]]}}, {"type": "Feature", "properties": {"campus_id": "bowie", "surface_class": "Asphalt/Concrete", "estimated_temp_f": 120}, "geometry": {"type": "Polygon", "coordinates": [[[-98.18349, 26.194619], [-98.18348, 26.194619], [-98.18348, 26.194627999999998], [-98.18349, 26.194627999999998], [-98.18349, 26.194619]]]}}, {"type": "Feature", "properties": {"campus_id": "bowie", "surface_class": "Asphalt/Concrete", "estimated_temp_f": 120}, "geometry": {"type": "Polygon", "coordinates": [[[-98.18349, 26.194628], [-98.18348, 26.194628], [-98.18348, 26.194637], [-98.18349, 26.194637], [-98.18349, 26.194628]]]}}, {"type": "Feature", "properties": {"campus_id": "bowie", "surface_class": "Asphalt/Concrete", "estimated_temp_f": 120}, "geometry": {"type": "Polygon", "coordinates": [[[-98.18349, 26.194637], [-98.18348, 26.194637], [-98.18348, 26.194646], [-98.18349, 26.194646], [-98.18349, 26.194637]]]}}, {"type": "Feature", "properties": {"campus_id": "bowie", "surface_class": "Grass/Turf", "estimated_temp_f": 95}, "geometry": {"type": "Polygon", "coordinates": [[[-98.18349, 26.194646000000002], [-98.18348, 26.194646000000002], [-98.18348, 26.194655], [-98.18349, 26.194655], [-98.18349, 26.194646000000002]]]}}, {"type": "Feature", "properties": {"campus_id": "bowie", "surface_class": "Asphalt/Concrete", "estimated_temp_f": 120}, "geometry": {"type": "Polygon", "coordinates": [[[-98.18349, 26.194655], [-98.18348, 26.194655], [-98.18348, 26.194664], [-98.18349, 26.194664], [-98.18349, 26.194655]]]}}, {"type": "Feature", "properties": {"campus_id": "bowie", "surface_class": "Asphalt/Concrete", "estimated_temp_f": 120}, "geometry": {"type": "Polygon", "coordinates": [[[-98.18349, 26.194664], [-98.18348, 26.194664], [-98.18348, 26.194672999999998], [-98.18349, 26.194672999999998], [-98.18349, 26.194664]]]}}, {"type": "Feature", "properties": {"campus_id": "bowie", "surface_class": "Asphalt/Concrete", "estimated_temp_f": 120}, "geometry": {"type": "Polygon", "coordinates": [[[-98.18349, 26.194673], [-98.18348, 26.194673], [-98.18348, 26.194682], [-98.18349, 26.194682], [-98.18349, 26.194673]]]}}, {"type": "Feature", "properties": {"campus_id": "bowie", "surface_class": "Asphalt/Concrete", "estimated_temp_f": 120}, "geometry": {"type": "Polygon", "coordinates": [[[-98.18349, 26.194682], [-98.18348, 26.194682], [-98.18348, 26.194691], [-98.18349, 26.194691], [-98.18349, 26.194682]]]}}, {"type": "Feature", "properties": {"campus_id": "bowie", "surface_class": "Asphalt/Concrete", "estimated_temp_f": 120}, "geometry": {"type": "Polygon", "coordinates": [[[-98.18349, 26.194691000000002], [-98.18348, 26.194691000000002], [-98.18348, 26.1947], [-98.18349, 26.1947], [-98.18349, 26.194691000000002]]]}}, {"type": "Feature", "properties": {"campus_id": "bowie", "surface_class": "Grass/Turf", "estimated_temp_f": 95}, "geometry": {"type": "Polygon", "coordinates": [[[-98.18349, 26.1947], [-98.18348, 26.1947], [-98.18348, 26.194709], [-98.18349, 26.194709], [-98.18349, 26.1947]]]}}, {"type": "Feature", "properties": {"campus_id": "bowie", "surface_class": "Asphalt/Concrete", "estimated_temp_f": 120}, "geometry": {"type": "Polygon", "coordinates": [[[-98.18349, 26.194709], [-98.18348, 26.194709], [-98.18348, 26.194717999999998], [-98.18349, 26.194717999999998], [-98.18349, 26.194709]]]}}, {"type": "Feature", "properties": {"campus_id": "bowie", "surface_class": "Asphalt/Concrete", "estimated_temp_f": 120}, "geometry": {"type": "Polygon", "coordinates": [[[-98.18349, 26.194718], [-98.18348, 26.194718], [-98.18348, 26.194727], [-98.18349, 26.194727], [-98.18349, 26.194718]]]}}, {"type": "Feature", "properties": {"campus_id": "bowie", "surface_class": "Asphalt/Concrete", "estimated_temp_f": 120}, "geometry": {"type": "Polygon", "coordinates": [[[-98.18349, 26.194727], [-98.18348, 26.194727], [-98.18348, 26.194736], [-98.18349, 26.194736], [-98.18349, 26.194727]]]}}, {"type": "Feature", "properties": {"campus_id": "bowie", "surface_class": "Asphalt/Concrete", "estimated_temp_f": 120}, "geometry": {"type": "Polygon", "coordinates": [[[-98.18349, 26.194736000000002], [-98.18348, 26.194736000000002], [-98.18348, 26.194745], [-98.18349, 26.194745], [-98.18349, 26.194736000000002]]]}}, {"type": "Feature", "properties": {"campus_id": "bowie", "surface_class": "Grass/Turf", "estimated_temp_f": 95}, "geometry": {"type": "Polygon", "coordinates": [[[-98.18349, 26.194745], [-98.18348, 26.194745], [-98.18348, 26.194754], [-98.18349, 26.194754], [-98.18349, 26.194745]]]}}, {"type": "Feature", "properties": {"campus_id": "bowie", "surface_class": "Grass/Turf", "estimated_temp_f": 95}, "geometry": {"type": "Polygon", "coordinates": [[[-98.18349, 26.194754], [-98.18348, 26.194754], [-98.18348, 26.194763], [-98.18349, 26.194763], [-98.18349, 26.194754]]]}}, {"type": "Feature", "properties": {"campus_id": "bowie", "surface_class": "Asphalt/Concrete", "estimated_temp_f": 120}, "geometry": {"type": "Polygon", "coordinates": [[[-98.18349, 26.194763000000002], [-98.18348, 26.194763000000002], [-98.18348, 26.194772], [-98.18349, 26.194772], [-98.18349, 26.194763000000002]]]}}, {"type": "Feature", "properties": {"campus_id": "bowie", "surface_class": "Canopy", "estimated_temp_f": 85}, "geometry": {"type": "Polygon", "coordinates": [[[-98.18349, 26.194772], [-98.18348, 26.194772], [-98.18348, 26.194781], [-98.18349, 26.194781], [-98.18349, 26.194772]]]}}, {"type": "Feature", "properties": {"campus_id": "bowie", "surface_class": "Asphalt/Concrete", "estimated_temp_f": 120}, "geometry": {"type": "Polygon", "coordinates": [[[-98.18349, 26.194781], [-98.18348, 26.194781], [-98.18348, 26.194789999999998], [-98.18349, 26.194789999999998], [-98.18349, 26.194781]]]}}, {"type": "Feature", "properties": {"campus_id": "bowie", "surface_class": "Asphalt/Concrete", "estimated_temp_f": 120}, "geometry": {"type": "Polygon", "coordinates": [[[-98.18349, 26.19479], [-98.18348, 26.19479], [-98.18348, 26.194799], [-98.18349, 26.194799], [-98.18349, 26.19479]]]}}, {"type": "Feature", "properties": {"campus_id": "bowie", "surface_class": "Asphalt/Concrete", "estimated_temp_f": 120}, "geometry": {"type": "Polygon", "coordinates": [[[-98.18349, 26.194799], [-98.18348, 26.194799], [-98.18348, 26.194808], [-98.18349, 26.194808], [-98.18349, 26.194799]]]}}, {"type": "Feature", "properties": {"campus_id": "bowie", "surface_class": "Asphalt/Concrete", "estimated_temp_f": 120}, "geometry": {"type": "Polygon", "coordinates": [[[-98.18349, 26.194808000000002], [-98.18348, 26.194808000000002], [-98.18348, 26.194817], [-98.18349, 26.194817], [-98.18349, 26.194808000000002]]]}}, {"type": "Feature", "properties": {"campus_id": "bowie", "surface_class": "Asphalt/Concrete", "estimated_temp_f": 120}, "geometry": {"type": "Polygon", "coordinates": [[[-98.18349, 26.194817], [-98.18348, 26.194817], [-98.18348, 26.194826], [-98.18349, 26.194826], [-98.18349, 26.194817]]]}}, {"type": "Feature", "properties": {"campus_id": "bowie", "surface_class": "Asphalt/Concrete", "estimated_temp_f": 120}, "geometry": {"type": "Polygon", "coordinates": [[[-98.18349, 26.194826], [-98.18348, 26.194826], [-98.18348, 26.194834999999998], [-98.18349, 26.194834999999998], [-98.18349, 26.194826]]]}}, {"type": "Feature", "properties": {"campus_id": "bowie", "surface_class": "Asphalt/Concrete", "estimated_temp_f": 120}, "geometry": {"type": "Polygon", "coordinates": [[[-98.18349, 26.194835], [-98.18348, 26.194835], [-98.18348, 26.194844], [-98.18349, 26.194844], [-98.18349, 26.194835]]]}}, {"type": "Feature", "properties": {"campus_id": "bowie", "surface_class": "Asphalt/Concrete", "estimated_temp_f": 120}, "geometry": {"type": "Polygon", "coordinates": [[[-98.18349, 26.194844], [-98.18348, 26.194844], [-98.18348, 26.194853], [-98.18349, 26.194853], [-98.18349, 26.194844]]]}}, {"type": "Feature", "properties": {"campus_id": "bowie", "surface_class": "Asphalt/Concrete", "estimated_temp_f": 120}, "geometry": {"type": "Polygon", "coordinates": [[[-98.18349, 26.194853000000002], [-98.18348, 26.194853000000002], [-98.18348, 26.194862], [-98.18349, 26.194862], [-98.18349, 26.194853000000002]]]}}, {"type": "Feature", "properties": {"campus_id": "bowie", "surface_class": "Grass/Turf", "estimated_temp_f": 95}, "geometry": {"type": "Polygon", "coordinates": [[[-98.18349, 26.194862], [-98.18348, 26.194862], [-98.18348, 26.194871], [-98.18349, 26.194871], [-98.18349, 26.194862]]]}}, {"type": "Feature", "properties": {"campus_id": "bowie", "surface_class": "Asphalt/Concrete", "estimated_temp_f": 120}, "geometry": {"type": "Polygon", "coordinates": [[[-98.18349, 26.194871], [-98.18348, 26.194871], [-98.18348, 26.194879999999998], [-98.18349, 26.194879999999998], [-98.18349, 26.194871]]]}}, {"type": "Feature", "properties": {"campus_id": "bowie", "surface_class": "Asphalt/Concrete", "estimated_temp_f": 120}, "geometry": {"type": "Polygon", "coordinates": [[[-98.18348, 26.19452], [-98.18347, 26.19452], [-98.18347, 26.194529], [-98.18348, 26.194529], [-98.18348, 26.19452]]]}}, {"type": "Feature", "properties": {"campus_id": "bowie", "surface_class": "Asphalt/Concrete", "estimated_temp_f": 120}, "geometry": {"type": "Polygon", "coordinates": [[[-98.18348, 26.194529], [-98.18347, 26.194529], [-98.18347, 26.194537999999998], [-98.18348, 26.194537999999998], [-98.18348, 26.194529]]]}}, {"type": "Feature", "properties": {"campus_id": "bowie", "surface_class": "Grass/Turf", "estimated_temp_f": 95}, "geometry": {"type": "Polygon", "coordinates": [[[-98.18348, 26.194538], [-98.18347, 26.194538], [-98.18347, 26.194547], [-98.18348, 26.194547], [-98.18348, 26.194538]]]}}, {"type": "Feature", "properties": {"campus_id": "bowie", "surface_class": "Asphalt/Concrete", "estimated_temp_f": 120}, "geometry": {"type": "Polygon", "coordinates": [[[-98.18348, 26.194547], [-98.18347, 26.194547], [-98.18347, 26.194556], [-98.18348, 26.194556], [-98.18348, 26.194547]]]}}, {"type": "Feature", "properties": {"campus_id": "bowie", "surface_class": "Asphalt/Concrete", "estimated_temp_f": 120}, "geometry": {"type": "Polygon", "coordinates": [[[-98.18348, 26.194556000000002], [-98.18347, 26.194556000000002], [-98.18347, 26.194565], [-98.18348, 26.194565], [-98.18348, 26.194556000000002]]]}}, {"type": "Feature", "properties": {"campus_id": "bowie", "surface_class": "Grass/Turf", "estimated_temp_f": 95}, "geometry": {"type": "Polygon", "coordinates": [[[-98.18348, 26.194565], [-98.18347, 26.194565], [-98.18347, 26.194574], [-98.18348, 26.194574], [-98.18348, 26.194565]]]}}, {"type": "Feature", "properties": {"campus_id": "bowie", "surface_class": "Asphalt/Concrete", "estimated_temp_f": 120}, "geometry": {"type": "Polygon", "coordinates": [[[-98.18348, 26.194574], [-98.18347, 26.194574], [-98.18347, 26.194582999999998], [-98.18348, 26.194582999999998], [-98.18348, 26.194574]]]}}, {"type": "Feature", "properties": {"campus_id": "bowie", "surface_class": "Asphalt/Concrete", "estimated_temp_f": 120}, "geometry": {"type": "Polygon", "coordinates": [[[-98.18348, 26.194583], [-98.18347, 26.194583], [-98.18347, 26.194592], [-98.18348, 26.194592], [-98.18348, 26.194583]]]}}, {"type": "Feature", "properties": {"campus_id": "bowie", "surface_class": "Asphalt/Concrete", "estimated_temp_f": 120}, "geometry": {"type": "Polygon", "coordinates": [[[-98.18348, 26.194592], [-98.18347, 26.194592], [-98.18347, 26.194601], [-98.18348, 26.194601], [-98.18348, 26.194592]]]}}, {"type": "Feature", "properties": {"campus_id": "bowie", "surface_class": "Asphalt/Concrete", "estimated_temp_f": 120}, "geometry": {"type": "Polygon", "coordinates": [[[-98.18348, 26.194601000000002], [-98.18347, 26.194601000000002], [-98.18347, 26.19461], [-98.18348, 26.19461], [-98.18348, 26.194601000000002]]]}}, {"type": "Feature", "properties": {"campus_id": "bowie", "surface_class": "Asphalt/Concrete", "estimated_temp_f": 120}, "geometry": {"type": "Polygon", "coordinates": [[[-98.18348, 26.19461], [-98.18347, 26.19461], [-98.18347, 26.194619], [-98.18348, 26.194619], [-98.18348, 26.19461]]]}}, {"type": "Feature", "properties": {"campus_id": "bowie", "surface_class": "Grass/Turf", "estimated_temp_f": 95}, "geometry": {"type": "Polygon", "coordinates": [[[-98.18348, 26.194619], [-98.18347, 26.194619], [-98.18347, 26.194627999999998], [-98.18348, 26.194627999999998], [-98.18348, 26.194619]]]}}, {"type": "Feature", "properties": {"campus_id": "bowie", "surface_class": "Asphalt/Concrete", "estimated_temp_f": 120}, "geometry": {"type": "Polygon", "coordinates": [[[-98.18348, 26.194628], [-98.18347, 26.194628], [-98.18347, 26.194637], [-98.18348, 26.194637], [-98.18348, 26.194628]]]}}, {"type": "Feature", "properties": {"campus_id": "bowie", "surface_class": "Asphalt/Concrete", "estimated_temp_f": 120}, "geometry": {"type": "Polygon", "coordinates": [[[-98.18348, 26.194637], [-98.18347, 26.194637], [-98.18347, 26.194646], [-98.18348, 26.194646], [-98.18348, 26.194637]]]}}, {"type": "Feature", "properties": {"campus_id": "bowie", "surface_class": "Grass/Turf", "estimated_temp_f": 95}, "geometry": {"type": "Polygon", "coordinates": [[[-98.18348, 26.194646000000002], [-98.18347, 26.194646000000002], [-98.18347, 26.194655], [-98.18348, 26.194655], [-98.18348, 26.194646000000002]]]}}, {"type": "Feature", "properties": {"campus_id": "bowie", "surface_class": "Asphalt/Concrete", "estimated_temp_f": 120}, "geometry": {"type": "Polygon", "coordinates": [[[-98.18348, 26.194655], [-98.18347, 26.194655], [-98.18347, 26.194664], [-98.18348, 26.194664], [-98.18348, 26.194655]]]}}, {"type": "Feature", "properties": {"campus_id": "bowie", "surface_class": "Asphalt/Concrete", "estimated_temp_f": 120}, "geometry": {"type": "Polygon", "coordinates": [[[-98.18348, 26.194664], [-98.18347, 26.194664], [-98.18347, 26.194672999999998], [-98.18348, 26.194672999999998], [-98.18348, 26.194664]]]}}, {"type": "Feature", "properties": {"campus_id": "bowie", "surface_class": "Asphalt/Concrete", "estimated_temp_f": 120}, "geometry": {"type": "Polygon", "coordinates": [[[-98.18348, 26.194673], [-98.18347, 26.194673], [-98.18347, 26.194682], [-98.18348, 26.194682], [-98.18348, 26.194673]]]}}, {"type": "Feature", "properties": {"campus_id": "bowie", "surface_class": "Asphalt/Concrete", "estimated_temp_f": 120}, "geometry": {"type": "Polygon", "coordinates": [[[-98.18348, 26.194682], [-98.18347, 26.194682], [-98.18347, 26.194691], [-98.18348, 26.194691], [-98.18348, 26.194682]]]}}, {"type": "Feature", "properties": {"campus_id": "bowie", "surface_class": "Asphalt/Concrete", "estimated_temp_f": 120}, "geometry": {"type": "Polygon", "coordinates": [[[-98.18348, 26.194691000000002], [-98.18347, 26.194691000000002], [-98.18347, 26.1947], [-98.18348, 26.1947], [-98.18348, 26.194691000000002]]]}}, {"type": "Feature", "properties": {"campus_id": "bowie", "surface_class": "Asphalt/Concrete", "estimated_temp_f": 120}, "geometry": {"type": "Polygon", "coordinates": [[[-98.18348, 26.1947], [-98.18347, 26.1947], [-98.18347, 26.194709], [-98.18348, 26.194709], [-98.18348, 26.1947]]]}}, {"type": "Feature", "properties": {"campus_id": "bowie", "surface_class": "Asphalt/Concrete", "estimated_temp_f": 120}, "geometry": {"type": "Polygon", "coordinates": [[[-98.18348, 26.194709], [-98.18347, 26.194709], [-98.18347, 26.194717999999998], [-98.18348, 26.194717999999998], [-98.18348, 26.194709]]]}}, {"type": "Feature", "properties": {"campus_id": "bowie", "surface_class": "Asphalt/Concrete", "estimated_temp_f": 120}, "geometry": {"type": "Polygon", "coordinates": [[[-98.18348, 26.194718], [-98.18347, 26.194718], [-98.18347, 26.194727], [-98.18348, 26.194727], [-98.18348, 26.194718]]]}}, {"type": "Feature", "properties": {"campus_id": "bowie", "surface_class": "Asphalt/Concrete", "estimated_temp_f": 120}, "geometry": {"type": "Polygon", "coordinates": [[[-98.18348, 26.194727], [-98.18347, 26.194727], [-98.18347, 26.194736], [-98.18348, 26.194736], [-98.18348, 26.194727]]]}}, {"type": "Feature", "properties": {"campus_id": "bowie", "surface_class": "Canopy", "estimated_temp_f": 85}, "geometry": {"type": "Polygon", "coordinates": [[[-98.18348, 26.194736000000002], [-98.18347, 26.194736000000002], [-98.18347, 26.194745], [-98.18348, 26.194745], [-98.18348, 26.194736000000002]]]}}, {"type": "Feature", "properties": {"campus_id": "bowie", "surface_class": "Asphalt/Concrete", "estimated_temp_f": 120}, "geometry": {"type": "Polygon", "coordinates": [[[-98.18348, 26.194745], [-98.18347, 26.194745], [-98.18347, 26.194754], [-98.18348, 26.194754], [-98.18348, 26.194745]]]}}, {"type": "Feature", "properties": {"campus_id": "bowie", "surface_class": "Asphalt/Concrete", "estimated_temp_f": 120}, "geometry": {"type": "Polygon", "coordinates": [[[-98.18348, 26.194754], [-98.18347, 26.194754], [-98.18347, 26.194763], [-98.18348, 26.194763], [-98.18348, 26.194754]]]}}, {"type": "Feature", "properties": {"campus_id": "bowie", "surface_class": "Asphalt/Concrete", "estimated_temp_f": 120}, "geometry": {"type": "Polygon", "coordinates": [[[-98.18348, 26.194763000000002], [-98.18347, 26.194763000000002], [-98.18347, 26.194772], [-98.18348, 26.194772], [-98.18348, 26.194763000000002]]]}}, {"type": "Feature", "properties": {"campus_id": "bowie", "surface_class": "Asphalt/Concrete", "estimated_temp_f": 120}, "geometry": {"type": "Polygon", "coordinates": [[[-98.18348, 26.194772], [-98.18347, 26.194772], [-98.18347, 26.194781], [-98.18348, 26.194781], [-98.18348, 26.194772]]]}}, {"type": "Feature", "properties": {"campus_id": "bowie", "surface_class": "Asphalt/Concrete", "estimated_temp_f": 120}, "geometry": {"type": "Polygon", "coordinates": [[[-98.18348, 26.194781], [-98.18347, 26.194781], [-98.18347, 26.194789999999998], [-98.18348, 26.194789999999998], [-98.18348, 26.194781]]]}}, {"type": "Feature", "properties": {"campus_id": "bowie", "surface_class": "Asphalt/Concrete", "estimated_temp_f": 120}, "geometry": {"type": "Polygon", "coordinates": [[[-98.18348, 26.19479], [-98.18347, 26.19479], [-98.18347, 26.194799], [-98.18348, 26.194799], [-98.18348, 26.19479]]]}}, {"type": "Feature", "properties": {"campus_id": "bowie", "surface_class": "Asphalt/Concrete", "estimated_temp_f": 120}, "geometry": {"type": "Polygon", "coordinates": [[[-98.18348, 26.194799], [-98.18347, 26.194799], [-98.18347, 26.194808], [-98.18348, 26.194808], [-98.18348, 26.194799]]]}}, {"type": "Feature", "properties": {"campus_id": "bowie", "surface_class": "Asphalt/Concrete", "estimated_temp_f": 120}, "geometry": {"type": "Polygon", "coordinates": [[[-98.18348, 26.194808000000002], [-98.18347, 26.194808000000002], [-98.18347, 26.194817], [-98.18348, 26.194817], [-98.18348, 26.194808000000002]]]}}, {"type": "Feature", "properties": {"campus_id": "bowie", "surface_class": "Grass/Turf", "estimated_temp_f": 95}, "geometry": {"type": "Polygon", "coordinates": [[[-98.18348, 26.194817], [-98.18347, 26.194817], [-98.18347, 26.194826], [-98.18348, 26.194826], [-98.18348, 26.194817]]]}}, {"type": "Feature", "properties": {"campus_id": "bowie", "surface_class": "Asphalt/Concrete", "estimated_temp_f": 120}, "geometry": {"type": "Polygon", "coordinates": [[[-98.18348, 26.194826], [-98.18347, 26.194826], [-98.18347, 26.194834999999998], [-98.18348, 26.194834999999998], [-98.18348, 26.194826]]]}}, {"type": "Feature", "properties": {"campus_id": "bowie", "surface_class": "Asphalt/Concrete", "estimated_temp_f": 120}, "geometry": {"type": "Polygon", "coordinates": [[[-98.18348, 26.194835], [-98.18347, 26.194835], [-98.18347, 26.194844], [-98.18348, 26.194844], [-98.18348, 26.194835]]]}}, {"type": "Feature", "properties": {"campus_id": "bowie", "surface_class": "Asphalt/Concrete", "estimated_temp_f": 120}, "geometry": {"type": "Polygon", "coordinates": [[[-98.18348, 26.194844], [-98.18347, 26.194844], [-98.18347, 26.194853], [-98.18348, 26.194853], [-98.18348, 26.194844]]]}}, {"type": "Feature", "properties": {"campus_id": "bowie", "surface_class": "Grass/Turf", "estimated_temp_f": 95}, "geometry": {"type": "Polygon", "coordinates": [[[-98.18348, 26.194853000000002], [-98.18347, 26.194853000000002], [-98.18347, 26.194862], [-98.18348, 26.194862], [-98.18348, 26.194853000000002]]]}}, {"type": "Feature", "properties": {"campus_id": "bowie", "surface_class": "Grass/Turf", "estimated_temp_f": 95}, "geometry": {"type": "Polygon", "coordinates": [[[-98.18348, 26.194862], [-98.18347, 26.194862], [-98.18347, 26.194871], [-98.18348, 26.194871], [-98.18348, 26.194862]]]}}, {"type": "Feature", "properties": {"campus_id": "bowie", "surface_class": "Asphalt/Concrete", "estimated_temp_f": 120}, "geometry": {"type": "Polygon", "coordinates": [[[-98.18348, 26.194871], [-98.18347, 26.194871], [-98.18347, 26.194879999999998], [-98.18348, 26.194879999999998], [-98.18348, 26.194871]]]}}, {"type": "Feature", "properties": {"campus_id": "bowie", "surface_class": "Asphalt/Concrete", "estimated_temp_f": 120}, "geometry": {"type": "Polygon", "coordinates": [[[-98.18347, 26.19452], [-98.18346, 26.19452], [-98.18346, 26.194529], [-98.18347, 26.194529], [-98.18347, 26.19452]]]}}, {"type": "Feature", "properties": {"campus_id": "bowie", "surface_class": "Grass/Turf", "estimated_temp_f": 95}, "geometry": {"type": "Polygon", "coordinates": [[[-98.18347, 26.194529], [-98.18346, 26.194529], [-98.18346, 26.194537999999998], [-98.18347, 26.194537999999998], [-98.18347, 26.194529]]]}}, {"type": "Feature", "properties": {"campus_id": "bowie", "surface_class": "Asphalt/Concrete", "estimated_temp_f": 120}, "geometry": {"type": "Polygon", "coordinates": [[[-98.18347, 26.194538], [-98.18346, 26.194538], [-98.18346, 26.194547], [-98.18347, 26.194547], [-98.18347, 26.194538]]]}}, {"type": "Feature", "properties": {"campus_id": "bowie", "surface_class": "Asphalt/Concrete", "estimated_temp_f": 120}, "geometry": {"type": "Polygon", "coordinates": [[[-98.18347, 26.194547], [-98.18346, 26.194547], [-98.18346, 26.194556], [-98.18347, 26.194556], [-98.18347, 26.194547]]]}}, {"type": "Feature", "properties": {"campus_id": "bowie", "surface_class": "Asphalt/Concrete", "estimated_temp_f": 120}, "geometry": {"type": "Polygon", "coordinates": [[[-98.18347, 26.194556000000002], [-98.18346, 26.194556000000002], [-98.18346, 26.194565], [-98.18347, 26.194565], [-98.18347, 26.194556000000002]]]}}, {"type": "Feature", "properties": {"campus_id": "bowie", "surface_class": "Asphalt/Concrete", "estimated_temp_f": 120}, "geometry": {"type": "Polygon", "coordinates": [[[-98.18347, 26.194565], [-98.18346, 26.194565], [-98.18346, 26.194574], [-98.18347, 26.194574], [-98.18347, 26.194565]]]}}, {"type": "Feature", "properties": {"campus_id": "bowie", "surface_class": "Grass/Turf", "estimated_temp_f": 95}, "geometry": {"type": "Polygon", "coordinates": [[[-98.18347, 26.194574], [-98.18346, 26.194574], [-98.18346, 26.194582999999998], [-98.18347, 26.194582999999998], [-98.18347, 26.194574]]]}}, {"type": "Feature", "properties": {"campus_id": "bowie", "surface_class": "Asphalt/Concrete", "estimated_temp_f": 120}, "geometry": {"type": "Polygon", "coordinates": [[[-98.18347, 26.194583], [-98.18346, 26.194583], [-98.18346, 26.194592], [-98.18347, 26.194592], [-98.18347, 26.194583]]]}}, {"type": "Feature", "properties": {"campus_id": "bowie", "surface_class": "Asphalt/Concrete", "estimated_temp_f": 120}, "geometry": {"type": "Polygon", "coordinates": [[[-98.18347, 26.194592], [-98.18346, 26.194592], [-98.18346, 26.194601], [-98.18347, 26.194601], [-98.18347, 26.194592]]]}}, {"type": "Feature", "properties": {"campus_id": "bowie", "surface_class": "Asphalt/Concrete", "estimated_temp_f": 120}, "geometry": {"type": "Polygon", "coordinates": [[[-98.18347, 26.194601000000002], [-98.18346, 26.194601000000002], [-98.18346, 26.19461], [-98.18347, 26.19461], [-98.18347, 26.194601000000002]]]}}, {"type": "Feature", "properties": {"campus_id": "bowie", "surface_class": "Asphalt/Concrete", "estimated_temp_f": 120}, "geometry": {"type": "Polygon", "coordinates": [[[-98.18347, 26.19461], [-98.18346, 26.19461], [-98.18346, 26.194619], [-98.18347, 26.194619], [-98.18347, 26.19461]]]}}, {"type": "Feature", "properties": {"campus_id": "bowie", "surface_class": "Asphalt/Concrete", "estimated_temp_f": 120}, "geometry": {"type": "Polygon", "coordinates": [[[-98.18347, 26.194619], [-98.18346, 26.194619], [-98.18346, 26.194627999999998], [-98.18347, 26.194627999999998], [-98.18347, 26.194619]]]}}, {"type": "Feature", "properties": {"campus_id": "bowie", "surface_class": "Asphalt/Concrete", "estimated_temp_f": 120}, "geometry": {"type": "Polygon", "coordinates": [[[-98.18347, 26.194628], [-98.18346, 26.194628], [-98.18346, 26.194637], [-98.18347, 26.194637], [-98.18347, 26.194628]]]}}, {"type": "Feature", "properties": {"campus_id": "bowie", "surface_class": "Asphalt/Concrete", "estimated_temp_f": 120}, "geometry": {"type": "Polygon", "coordinates": [[[-98.18347, 26.194637], [-98.18346, 26.194637], [-98.18346, 26.194646], [-98.18347, 26.194646], [-98.18347, 26.194637]]]}}, {"type": "Feature", "properties": {"campus_id": "bowie", "surface_class": "Asphalt/Concrete", "estimated_temp_f": 120}, "geometry": {"type": "Polygon", "coordinates": [[[-98.18347, 26.194646000000002], [-98.18346, 26.194646000000002], [-98.18346, 26.194655], [-98.18347, 26.194655], [-98.18347, 26.194646000000002]]]}}, {"type": "Feature", "properties": {"campus_id": "bowie", "surface_class": "Asphalt/Concrete", "estimated_temp_f": 120}, "geometry": {"type": "Polygon", "coordinates": [[[-98.18347, 26.194655], [-98.18346, 26.194655], [-98.18346, 26.194664], [-98.18347, 26.194664], [-98.18347, 26.194655]]]}}, {"type": "Feature", "properties": {"campus_id": "bowie", "surface_class": "Asphalt/Concrete", "estimated_temp_f": 120}, "geometry": {"type": "Polygon", "coordinates": [[[-98.18347, 26.194664], [-98.18346, 26.194664], [-98.18346, 26.194672999999998], [-98.18347, 26.194672999999998], [-98.18347, 26.194664]]]}}, {"type": "Feature", "properties": {"campus_id": "bowie", "surface_class": "Asphalt/Concrete", "estimated_temp_f": 120}, "geometry": {"type": "Polygon", "coordinates": [[[-98.18347, 26.194673], [-98.18346, 26.194673], [-98.18346, 26.194682], [-98.18347, 26.194682], [-98.18347, 26.194673]]]}}, {"type": "Feature", "properties": {"campus_id": "bowie", "surface_class": "Grass/Turf", "estimated_temp_f": 95}, "geometry": {"type": "Polygon", "coordinates": [[[-98.18347, 26.194682], [-98.18346, 26.194682], [-98.18346, 26.194691], [-98.18347, 26.194691], [-98.18347, 26.194682]]]}}, {"type": "Feature", "properties": {"campus_id": "bowie", "surface_class": "Asphalt/Concrete", "estimated_temp_f": 120}, "geometry": {"type": "Polygon", "coordinates": [[[-98.18347, 26.194691000000002], [-98.18346, 26.194691000000002], [-98.18346, 26.1947], [-98.18347, 26.1947], [-98.18347, 26.194691000000002]]]}}, {"type": "Feature", "properties": {"campus_id": "bowie", "surface_class": "Asphalt/Concrete", "estimated_temp_f": 120}, "geometry": {"type": "Polygon", "coordinates": [[[-98.18347, 26.1947], [-98.18346, 26.1947], [-98.18346, 26.194709], [-98.18347, 26.194709], [-98.18347, 26.1947]]]}}, {"type": "Feature", "properties": {"campus_id": "bowie", "surface_class": "Asphalt/Concrete", "estimated_temp_f": 120}, "geometry": {"type": "Polygon", "coordinates": [[[-98.18347, 26.194709], [-98.18346, 26.194709], [-98.18346, 26.194717999999998], [-98.18347, 26.194717999999998], [-98.18347, 26.194709]]]}}, {"type": "Feature", "properties": {"campus_id": "bowie", "surface_class": "Asphalt/Concrete", "estimated_temp_f": 120}, "geometry": {"type": "Polygon", "coordinates": [[[-98.18347, 26.194718], [-98.18346, 26.194718], [-98.18346, 26.194727], [-98.18347, 26.194727], [-98.18347, 26.194718]]]}}, {"type": "Feature", "properties": {"campus_id": "bowie", "surface_class": "Asphalt/Concrete", "estimated_temp_f": 120}, "geometry": {"type": "Polygon", "coordinates": [[[-98.18347, 26.194727], [-98.18346, 26.194727], [-98.18346, 26.194736], [-98.18347, 26.194736], [-98.18347, 26.194727]]]}}, {"type": "Feature", "properties": {"campus_id": "bowie", "surface_class": "Grass/Turf", "estimated_temp_f": 95}, "geometry": {"type": "Polygon", "coordinates": [[[-98.18347, 26.194736000000002], [-98.18346, 26.194736000000002], [-98.18346, 26.194745], [-98.18347, 26.194745], [-98.18347, 26.194736000000002]]]}}, {"type": "Feature", "properties": {"campus_id": "bowie", "surface_class": "Asphalt/Concrete", "estimated_temp_f": 120}, "geometry": {"type": "Polygon", "coordinates": [[[-98.18347, 26.194745], [-98.18346, 26.194745], [-98.18346, 26.194754], [-98.18347, 26.194754], [-98.18347, 26.194745]]]}}, {"type": "Feature", "properties": {"campus_id": "bowie", "surface_class": "Asphalt/Concrete", "estimated_temp_f": 120}, "geometry": {"type": "Polygon", "coordinates": [[[-98.18347, 26.194754], [-98.18346, 26.194754], [-98.18346, 26.194763], [-98.18347, 26.194763], [-98.18347, 26.194754]]]}}, {"type": "Feature", "properties": {"campus_id": "bowie", "surface_class": "Grass/Turf", "estimated_temp_f": 95}, "geometry": {"type": "Polygon", "coordinates": [[[-98.18347, 26.194763000000002], [-98.18346, 26.194763000000002], [-98.18346, 26.194772], [-98.18347, 26.194772], [-98.18347, 26.194763000000002]]]}}, {"type": "Feature", "properties": {"campus_id": "bowie", "surface_class": "Asphalt/Concrete", "estimated_temp_f": 120}, "geometry": {"type": "Polygon", "coordinates": [[[-98.18347, 26.194772], [-98.18346, 26.194772], [-98.18346, 26.194781], [-98.18347, 26.194781], [-98.18347, 26.194772]]]}}, {"type": "Feature", "properties": {"campus_id": "bowie", "surface_class": "Asphalt/Concrete", "estimated_temp_f": 120}, "geometry": {"type": "Polygon", "coordinates": [[[-98.18347, 26.194781], [-98.18346, 26.194781], [-98.18346, 26.194789999999998], [-98.18347, 26.194789999999998], [-98.18347, 26.194781]]]}}, {"type": "Feature", "properties": {"campus_id": "bowie", "surface_class": "Asphalt/Concrete", "estimated_temp_f": 120}, "geometry": {"type": "Polygon", "coordinates": [[[-98.18347, 26.19479], [-98.18346, 26.19479], [-98.18346, 26.194799], [-98.18347, 26.194799], [-98.18347, 26.19479]]]}}, {"type": "Feature", "properties": {"campus_id": "bowie", "surface_class": "Asphalt/Concrete", "estimated_temp_f": 120}, "geometry": {"type": "Polygon", "coordinates": [[[-98.18347, 26.194799], [-98.18346, 26.194799], [-98.18346, 26.194808], [-98.18347, 26.194808], [-98.18347, 26.194799]]]}}, {"type": "Feature", "properties": {"campus_id": "bowie", "surface_class": "Asphalt/Concrete", "estimated_temp_f": 120}, "geometry": {"type": "Polygon", "coordinates": [[[-98.18347, 26.194808000000002], [-98.18346, 26.194808000000002], [-98.18346, 26.194817], [-98.18347, 26.194817], [-98.18347, 26.194808000000002]]]}}, {"type": "Feature", "properties": {"campus_id": "bowie", "surface_class": "Asphalt/Concrete", "estimated_temp_f": 120}, "geometry": {"type": "Polygon", "coordinates": [[[-98.18347, 26.194817], [-98.18346, 26.194817], [-98.18346, 26.194826], [-98.18347, 26.194826], [-98.18347, 26.194817]]]}}, {"type": "Feature", "properties": {"campus_id": "bowie", "surface_class": "Asphalt/Concrete", "estimated_temp_f": 120}, "geometry": {"type": "Polygon", "coordinates": [[[-98.18347, 26.194826], [-98.18346, 26.194826], [-98.18346, 26.194834999999998], [-98.18347, 26.194834999999998], [-98.18347, 26.194826]]]}}, {"type": "Feature", "properties": {"campus_id": "bowie", "surface_class": "Asphalt/Concrete", "estimated_temp_f": 120}, "geometry": {"type": "Polygon", "coordinates": [[[-98.18347, 26.194835], [-98.18346, 26.194835], [-98.18346, 26.194844], [-98.18347, 26.194844], [-98.18347, 26.194835]]]}}, {"type": "Feature", "properties": {"campus_id": "bowie", "surface_class": "Asphalt/Concrete", "estimated_temp_f": 120}, "geometry": {"type": "Polygon", "coordinates": [[[-98.18347, 26.194844], [-98.18346, 26.194844], [-98.18346, 26.194853], [-98.18347, 26.194853], [-98.18347, 26.194844]]]}}, {"type": "Feature", "properties": {"campus_id": "bowie", "surface_class": "Asphalt/Concrete", "estimated_temp_f": 120}, "geometry": {"type": "Polygon", "coordinates": [[[-98.18347, 26.194853000000002], [-98.18346, 26.194853000000002], [-98.18346, 26.194862], [-98.18347, 26.194862], [-98.18347, 26.194853000000002]]]}}, {"type": "Feature", "properties": {"campus_id": "bowie", "surface_class": "Asphalt/Concrete", "estimated_temp_f": 120}, "geometry": {"type": "Polygon", "coordinates": [[[-98.18347, 26.194862], [-98.18346, 26.194862], [-98.18346, 26.194871], [-98.18347, 26.194871], [-98.18347, 26.194862]]]}}, {"type": "Feature", "properties": {"campus_id": "bowie", "surface_class": "Asphalt/Concrete", "estimated_temp_f": 120}, "geometry": {"type": "Polygon", "coordinates": [[[-98.18347, 26.194871], [-98.18346, 26.194871], [-98.18346, 26.194879999999998], [-98.18347, 26.194879999999998], [-98.18347, 26.194871]]]}}, {"type": "Feature", "properties": {"campus_id": "bowie", "surface_class": "Asphalt/Concrete", "estimated_temp_f": 120}, "geometry": {"type": "Polygon", "coordinates": [[[-98.18346000000001, 26.19452], [-98.18345000000001, 26.19452], [-98.18345000000001, 26.194529], [-98.18346000000001, 26.194529], [-98.18346000000001, 26.19452]]]}}, {"type": "Feature", "properties": {"campus_id": "bowie", "surface_class": "Asphalt/Concrete", "estimated_temp_f": 120}, "geometry": {"type": "Polygon", "coordinates": [[[-98.18346000000001, 26.194529], [-98.18345000000001, 26.194529], [-98.18345000000001, 26.194537999999998], [-98.18346000000001, 26.194537999999998], [-98.18346000000001, 26.194529]]]}}, {"type": "Feature", "properties": {"campus_id": "bowie", "surface_class": "Asphalt/Concrete", "estimated_temp_f": 120}, "geometry": {"type": "Polygon", "coordinates": [[[-98.18346000000001, 26.194538], [-98.18345000000001, 26.194538], [-98.18345000000001, 26.194547], [-98.18346000000001, 26.194547], [-98.18346000000001, 26.194538]]]}}, {"type": "Feature", "properties": {"campus_id": "bowie", "surface_class": "Asphalt/Concrete", "estimated_temp_f": 120}, "geometry": {"type": "Polygon", "coordinates": [[[-98.18346000000001, 26.194547], [-98.18345000000001, 26.194547], [-98.18345000000001, 26.194556], [-98.18346000000001, 26.194556], [-98.18346000000001, 26.194547]]]}}, {"type": "Feature", "properties": {"campus_id": "bowie", "surface_class": "Asphalt/Concrete", "estimated_temp_f": 120}, "geometry": {"type": "Polygon", "coordinates": [[[-98.18346000000001, 26.194556000000002], [-98.18345000000001, 26.194556000000002], [-98.18345000000001, 26.194565], [-98.18346000000001, 26.194565], [-98.18346000000001, 26.194556000000002]]]}}, {"type": "Feature", "properties": {"campus_id": "bowie", "surface_class": "Asphalt/Concrete", "estimated_temp_f": 120}, "geometry": {"type": "Polygon", "coordinates": [[[-98.18346000000001, 26.194565], [-98.18345000000001, 26.194565], [-98.18345000000001, 26.194574], [-98.18346000000001, 26.194574], [-98.18346000000001, 26.194565]]]}}, {"type": "Feature", "properties": {"campus_id": "bowie", "surface_class": "Asphalt/Concrete", "estimated_temp_f": 120}, "geometry": {"type": "Polygon", "coordinates": [[[-98.18346000000001, 26.194574], [-98.18345000000001, 26.194574], [-98.18345000000001, 26.194582999999998], [-98.18346000000001, 26.194582999999998], [-98.18346000000001, 26.194574]]]}}, {"type": "Feature", "properties": {"campus_id": "bowie", "surface_class": "Grass/Turf", "estimated_temp_f": 95}, "geometry": {"type": "Polygon", "coordinates": [[[-98.18346000000001, 26.194583], [-98.18345000000001, 26.194583], [-98.18345000000001, 26.194592], [-98.18346000000001, 26.194592], [-98.18346000000001, 26.194583]]]}}, {"type": "Feature", "properties": {"campus_id": "bowie", "surface_class": "Asphalt/Concrete", "estimated_temp_f": 120}, "geometry": {"type": "Polygon", "coordinates": [[[-98.18346000000001, 26.194592], [-98.18345000000001, 26.194592], [-98.18345000000001, 26.194601], [-98.18346000000001, 26.194601], [-98.18346000000001, 26.194592]]]}}, {"type": "Feature", "properties": {"campus_id": "bowie", "surface_class": "Asphalt/Concrete", "estimated_temp_f": 120}, "geometry": {"type": "Polygon", "coordinates": [[[-98.18346000000001, 26.194601000000002], [-98.18345000000001, 26.194601000000002], [-98.18345000000001, 26.19461], [-98.18346000000001, 26.19461], [-98.18346000000001, 26.194601000000002]]]}}, {"type": "Feature", "properties": {"campus_id": "bowie", "surface_class": "Asphalt/Concrete", "estimated_temp_f": 120}, "geometry": {"type": "Polygon", "coordinates": [[[-98.18346000000001, 26.19461], [-98.18345000000001, 26.19461], [-98.18345000000001, 26.194619], [-98.18346000000001, 26.194619], [-98.18346000000001, 26.19461]]]}}, {"type": "Feature", "properties": {"campus_id": "bowie", "surface_class": "Asphalt/Concrete", "estimated_temp_f": 120}, "geometry": {"type": "Polygon", "coordinates": [[[-98.18346000000001, 26.194619], [-98.18345000000001, 26.194619], [-98.18345000000001, 26.194627999999998], [-98.18346000000001, 26.194627999999998], [-98.18346000000001, 26.194619]]]}}, {"type": "Feature", "properties": {"campus_id": "bowie", "surface_class": "Grass/Turf", "estimated_temp_f": 95}, "geometry": {"type": "Polygon", "coordinates": [[[-98.18346000000001, 26.194628], [-98.18345000000001, 26.194628], [-98.18345000000001, 26.194637], [-98.18346000000001, 26.194637], [-98.18346000000001, 26.194628]]]}}, {"type": "Feature", "properties": {"campus_id": "bowie", "surface_class": "Asphalt/Concrete", "estimated_temp_f": 120}, "geometry": {"type": "Polygon", "coordinates": [[[-98.18346000000001, 26.194637], [-98.18345000000001, 26.194637], [-98.18345000000001, 26.194646], [-98.18346000000001, 26.194646], [-98.18346000000001, 26.194637]]]}}, {"type": "Feature", "properties": {"campus_id": "bowie", "surface_class": "Grass/Turf", "estimated_temp_f": 95}, "geometry": {"type": "Polygon", "coordinates": [[[-98.18346000000001, 26.194646000000002], [-98.18345000000001, 26.194646000000002], [-98.18345000000001, 26.194655], [-98.18346000000001, 26.194655], [-98.18346000000001, 26.194646000000002]]]}}, {"type": "Feature", "properties": {"campus_id": "bowie", "surface_class": "Asphalt/Concrete", "estimated_temp_f": 120}, "geometry": {"type": "Polygon", "coordinates": [[[-98.18346000000001, 26.194655], [-98.18345000000001, 26.194655], [-98.18345000000001, 26.194664], [-98.18346000000001, 26.194664], [-98.18346000000001, 26.194655]]]}}, {"type": "Feature", "properties": {"campus_id": "bowie", "surface_class": "Grass/Turf", "estimated_temp_f": 95}, "geometry": {"type": "Polygon", "coordinates": [[[-98.18346000000001, 26.194664], [-98.18345000000001, 26.194664], [-98.18345000000001, 26.194672999999998], [-98.18346000000001, 26.194672999999998], [-98.18346000000001, 26.194664]]]}}, {"type": "Feature", "properties": {"campus_id": "bowie", "surface_class": "Asphalt/Concrete", "estimated_temp_f": 120}, "geometry": {"type": "Polygon", "coordinates": [[[-98.18346000000001, 26.194673], [-98.18345000000001, 26.194673], [-98.18345000000001, 26.194682], [-98.18346000000001, 26.194682], [-98.18346000000001, 26.194673]]]}}, {"type": "Feature", "properties": {"campus_id": "bowie", "surface_class": "Asphalt/Concrete", "estimated_temp_f": 120}, "geometry": {"type": "Polygon", "coordinates": [[[-98.18346000000001, 26.194682], [-98.18345000000001, 26.194682], [-98.18345000000001, 26.194691], [-98.18346000000001, 26.194691], [-98.18346000000001, 26.194682]]]}}, {"type": "Feature", "properties": {"campus_id": "bowie", "surface_class": "Canopy", "estimated_temp_f": 85}, "geometry": {"type": "Polygon", "coordinates": [[[-98.18346000000001, 26.194691000000002], [-98.18345000000001, 26.194691000000002], [-98.18345000000001, 26.1947], [-98.18346000000001, 26.1947], [-98.18346000000001, 26.194691000000002]]]}}, {"type": "Feature", "properties": {"campus_id": "bowie", "surface_class": "Grass/Turf", "estimated_temp_f": 95}, "geometry": {"type": "Polygon", "coordinates": [[[-98.18346000000001, 26.1947], [-98.18345000000001, 26.1947], [-98.18345000000001, 26.194709], [-98.18346000000001, 26.194709], [-98.18346000000001, 26.1947]]]}}, {"type": "Feature", "properties": {"campus_id": "bowie", "surface_class": "Asphalt/Concrete", "estimated_temp_f": 120}, "geometry": {"type": "Polygon", "coordinates": [[[-98.18346000000001, 26.194709], [-98.18345000000001, 26.194709], [-98.18345000000001, 26.194717999999998], [-98.18346000000001, 26.194717999999998], [-98.18346000000001, 26.194709]]]}}, {"type": "Feature", "properties": {"campus_id": "bowie", "surface_class": "Asphalt/Concrete", "estimated_temp_f": 120}, "geometry": {"type": "Polygon", "coordinates": [[[-98.18346000000001, 26.194718], [-98.18345000000001, 26.194718], [-98.18345000000001, 26.194727], [-98.18346000000001, 26.194727], [-98.18346000000001, 26.194718]]]}}, {"type": "Feature", "properties": {"campus_id": "bowie", "surface_class": "Asphalt/Concrete", "estimated_temp_f": 120}, "geometry": {"type": "Polygon", "coordinates": [[[-98.18346000000001, 26.194727], [-98.18345000000001, 26.194727], [-98.18345000000001, 26.194736], [-98.18346000000001, 26.194736], [-98.18346000000001, 26.194727]]]}}, {"type": "Feature", "properties": {"campus_id": "bowie", "surface_class": "Asphalt/Concrete", "estimated_temp_f": 120}, "geometry": {"type": "Polygon", "coordinates": [[[-98.18346000000001, 26.194736000000002], [-98.18345000000001, 26.194736000000002], [-98.18345000000001, 26.194745], [-98.18346000000001, 26.194745], [-98.18346000000001, 26.194736000000002]]]}}, {"type": "Feature", "properties": {"campus_id": "bowie", "surface_class": "Asphalt/Concrete", "estimated_temp_f": 120}, "geometry": {"type": "Polygon", "coordinates": [[[-98.18346000000001, 26.194745], [-98.18345000000001, 26.194745], [-98.18345000000001, 26.194754], [-98.18346000000001, 26.194754], [-98.18346000000001, 26.194745]]]}}, {"type": "Feature", "properties": {"campus_id": "bowie", "surface_class": "Asphalt/Concrete", "estimated_temp_f": 120}, "geometry": {"type": "Polygon", "coordinates": [[[-98.18346000000001, 26.194754], [-98.18345000000001, 26.194754], [-98.18345000000001, 26.194763], [-98.18346000000001, 26.194763], [-98.18346000000001, 26.194754]]]}}, {"type": "Feature", "properties": {"campus_id": "bowie", "surface_class": "Asphalt/Concrete", "estimated_temp_f": 120}, "geometry": {"type": "Polygon", "coordinates": [[[-98.18346000000001, 26.194763000000002], [-98.18345000000001, 26.194763000000002], [-98.18345000000001, 26.194772], [-98.18346000000001, 26.194772], [-98.18346000000001, 26.194763000000002]]]}}, {"type": "Feature", "properties": {"campus_id": "bowie", "surface_class": "Asphalt/Concrete", "estimated_temp_f": 120}, "geometry": {"type": "Polygon", "coordinates": [[[-98.18346000000001, 26.194772], [-98.18345000000001, 26.194772], [-98.18345000000001, 26.194781], [-98.18346000000001, 26.194781], [-98.18346000000001, 26.194772]]]}}, {"type": "Feature", "properties": {"campus_id": "bowie", "surface_class": "Asphalt/Concrete", "estimated_temp_f": 120}, "geometry": {"type": "Polygon", "coordinates": [[[-98.18346000000001, 26.194781], [-98.18345000000001, 26.194781], [-98.18345000000001, 26.194789999999998], [-98.18346000000001, 26.194789999999998], [-98.18346000000001, 26.194781]]]}}, {"type": "Feature", "properties": {"campus_id": "bowie", "surface_class": "Asphalt/Concrete", "estimated_temp_f": 120}, "geometry": {"type": "Polygon", "coordinates": [[[-98.18346000000001, 26.19479], [-98.18345000000001, 26.19479], [-98.18345000000001, 26.194799], [-98.18346000000001, 26.194799], [-98.18346000000001, 26.19479]]]}}, {"type": "Feature", "properties": {"campus_id": "bowie", "surface_class": "Asphalt/Concrete", "estimated_temp_f": 120}, "geometry": {"type": "Polygon", "coordinates": [[[-98.18346000000001, 26.194799], [-98.18345000000001, 26.194799], [-98.18345000000001, 26.194808], [-98.18346000000001, 26.194808], [-98.18346000000001, 26.194799]]]}}, {"type": "Feature", "properties": {"campus_id": "bowie", "surface_class": "Asphalt/Concrete", "estimated_temp_f": 120}, "geometry": {"type": "Polygon", "coordinates": [[[-98.18346000000001, 26.194808000000002], [-98.18345000000001, 26.194808000000002], [-98.18345000000001, 26.194817], [-98.18346000000001, 26.194817], [-98.18346000000001, 26.194808000000002]]]}}, {"type": "Feature", "properties": {"campus_id": "bowie", "surface_class": "Asphalt/Concrete", "estimated_temp_f": 120}, "geometry": {"type": "Polygon", "coordinates": [[[-98.18346000000001, 26.194817], [-98.18345000000001, 26.194817], [-98.18345000000001, 26.194826], [-98.18346000000001, 26.194826], [-98.18346000000001, 26.194817]]]}}, {"type": "Feature", "properties": {"campus_id": "bowie", "surface_class": "Asphalt/Concrete", "estimated_temp_f": 120}, "geometry": {"type": "Polygon", "coordinates": [[[-98.18346000000001, 26.194826], [-98.18345000000001, 26.194826], [-98.18345000000001, 26.194834999999998], [-98.18346000000001, 26.194834999999998], [-98.18346000000001, 26.194826]]]}}, {"type": "Feature", "properties": {"campus_id": "bowie", "surface_class": "Asphalt/Concrete", "estimated_temp_f": 120}, "geometry": {"type": "Polygon", "coordinates": [[[-98.18346000000001, 26.194835], [-98.18345000000001, 26.194835], [-98.18345000000001, 26.194844], [-98.18346000000001, 26.194844], [-98.18346000000001, 26.194835]]]}}, {"type": "Feature", "properties": {"campus_id": "bowie", "surface_class": "Asphalt/Concrete", "estimated_temp_f": 120}, "geometry": {"type": "Polygon", "coordinates": [[[-98.18346000000001, 26.194844], [-98.18345000000001, 26.194844], [-98.18345000000001, 26.194853], [-98.18346000000001, 26.194853], [-98.18346000000001, 26.194844]]]}}, {"type": "Feature", "properties": {"campus_id": "bowie", "surface_class": "Grass/Turf", "estimated_temp_f": 95}, "geometry": {"type": "Polygon", "coordinates": [[[-98.18346000000001, 26.194853000000002], [-98.18345000000001, 26.194853000000002], [-98.18345000000001, 26.194862], [-98.18346000000001, 26.194862], [-98.18346000000001, 26.194853000000002]]]}}, {"type": "Feature", "properties": {"campus_id": "bowie", "surface_class": "Asphalt/Concrete", "estimated_temp_f": 120}, "geometry": {"type": "Polygon", "coordinates": [[[-98.18346000000001, 26.194862], [-98.18345000000001, 26.194862], [-98.18345000000001, 26.194871], [-98.18346000000001, 26.194871], [-98.18346000000001, 26.194862]]]}}, {"type": "Feature", "properties": {"campus_id": "bowie", "surface_class": "Asphalt/Concrete", "estimated_temp_f": 120}, "geometry": {"type": "Polygon", "coordinates": [[[-98.18346000000001, 26.194871], [-98.18345000000001, 26.194871], [-98.18345000000001, 26.194879999999998], [-98.18346000000001, 26.194879999999998], [-98.18346000000001, 26.194871]]]}}, {"type": "Feature", "properties": {"campus_id": "bowie", "surface_class": "Asphalt/Concrete", "estimated_temp_f": 120}, "geometry": {"type": "Polygon", "coordinates": [[[-98.18345000000001, 26.19452], [-98.18344, 26.19452], [-98.18344, 26.194529], [-98.18345000000001, 26.194529], [-98.18345000000001, 26.19452]]]}}, {"type": "Feature", "properties": {"campus_id": "bowie", "surface_class": "Asphalt/Concrete", "estimated_temp_f": 120}, "geometry": {"type": "Polygon", "coordinates": [[[-98.18345000000001, 26.194529], [-98.18344, 26.194529], [-98.18344, 26.194537999999998], [-98.18345000000001, 26.194537999999998], [-98.18345000000001, 26.194529]]]}}, {"type": "Feature", "properties": {"campus_id": "bowie", "surface_class": "Asphalt/Concrete", "estimated_temp_f": 120}, "geometry": {"type": "Polygon", "coordinates": [[[-98.18345000000001, 26.194538], [-98.18344, 26.194538], [-98.18344, 26.194547], [-98.18345000000001, 26.194547], [-98.18345000000001, 26.194538]]]}}, {"type": "Feature", "properties": {"campus_id": "bowie", "surface_class": "Grass/Turf", "estimated_temp_f": 95}, "geometry": {"type": "Polygon", "coordinates": [[[-98.18345000000001, 26.194547], [-98.18344, 26.194547], [-98.18344, 26.194556], [-98.18345000000001, 26.194556], [-98.18345000000001, 26.194547]]]}}, {"type": "Feature", "properties": {"campus_id": "bowie", "surface_class": "Asphalt/Concrete", "estimated_temp_f": 120}, "geometry": {"type": "Polygon", "coordinates": [[[-98.18345000000001, 26.194556000000002], [-98.18344, 26.194556000000002], [-98.18344, 26.194565], [-98.18345000000001, 26.194565], [-98.18345000000001, 26.194556000000002]]]}}, {"type": "Feature", "properties": {"campus_id": "bowie", "surface_class": "Grass/Turf", "estimated_temp_f": 95}, "geometry": {"type": "Polygon", "coordinates": [[[-98.18345000000001, 26.194565], [-98.18344, 26.194565], [-98.18344, 26.194574], [-98.18345000000001, 26.194574], [-98.18345000000001, 26.194565]]]}}, {"type": "Feature", "properties": {"campus_id": "bowie", "surface_class": "Asphalt/Concrete", "estimated_temp_f": 120}, "geometry": {"type": "Polygon", "coordinates": [[[-98.18345000000001, 26.194574], [-98.18344, 26.194574], [-98.18344, 26.194582999999998], [-98.18345000000001, 26.194582999999998], [-98.18345000000001, 26.194574]]]}}, {"type": "Feature", "properties": {"campus_id": "bowie", "surface_class": "Asphalt/Concrete", "estimated_temp_f": 120}, "geometry": {"type": "Polygon", "coordinates": [[[-98.18345000000001, 26.194583], [-98.18344, 26.194583], [-98.18344, 26.194592], [-98.18345000000001, 26.194592], [-98.18345000000001, 26.194583]]]}}, {"type": "Feature", "properties": {"campus_id": "bowie", "surface_class": "Grass/Turf", "estimated_temp_f": 95}, "geometry": {"type": "Polygon", "coordinates": [[[-98.18345000000001, 26.194592], [-98.18344, 26.194592], [-98.18344, 26.194601], [-98.18345000000001, 26.194601], [-98.18345000000001, 26.194592]]]}}, {"type": "Feature", "properties": {"campus_id": "bowie", "surface_class": "Grass/Turf", "estimated_temp_f": 95}, "geometry": {"type": "Polygon", "coordinates": [[[-98.18345000000001, 26.194601000000002], [-98.18344, 26.194601000000002], [-98.18344, 26.19461], [-98.18345000000001, 26.19461], [-98.18345000000001, 26.194601000000002]]]}}, {"type": "Feature", "properties": {"campus_id": "bowie", "surface_class": "Asphalt/Concrete", "estimated_temp_f": 120}, "geometry": {"type": "Polygon", "coordinates": [[[-98.18345000000001, 26.19461], [-98.18344, 26.19461], [-98.18344, 26.194619], [-98.18345000000001, 26.194619], [-98.18345000000001, 26.19461]]]}}, {"type": "Feature", "properties": {"campus_id": "bowie", "surface_class": "Grass/Turf", "estimated_temp_f": 95}, "geometry": {"type": "Polygon", "coordinates": [[[-98.18345000000001, 26.194619], [-98.18344, 26.194619], [-98.18344, 26.194627999999998], [-98.18345000000001, 26.194627999999998], [-98.18345000000001, 26.194619]]]}}, {"type": "Feature", "properties": {"campus_id": "bowie", "surface_class": "Asphalt/Concrete", "estimated_temp_f": 120}, "geometry": {"type": "Polygon", "coordinates": [[[-98.18345000000001, 26.194628], [-98.18344, 26.194628], [-98.18344, 26.194637], [-98.18345000000001, 26.194637], [-98.18345000000001, 26.194628]]]}}, {"type": "Feature", "properties": {"campus_id": "bowie", "surface_class": "Asphalt/Concrete", "estimated_temp_f": 120}, "geometry": {"type": "Polygon", "coordinates": [[[-98.18345000000001, 26.194637], [-98.18344, 26.194637], [-98.18344, 26.194646], [-98.18345000000001, 26.194646], [-98.18345000000001, 26.194637]]]}}, {"type": "Feature", "properties": {"campus_id": "bowie", "surface_class": "Asphalt/Concrete", "estimated_temp_f": 120}, "geometry": {"type": "Polygon", "coordinates": [[[-98.18345000000001, 26.194646000000002], [-98.18344, 26.194646000000002], [-98.18344, 26.194655], [-98.18345000000001, 26.194655], [-98.18345000000001, 26.194646000000002]]]}}, {"type": "Feature", "properties": {"campus_id": "bowie", "surface_class": "Asphalt/Concrete", "estimated_temp_f": 120}, "geometry": {"type": "Polygon", "coordinates": [[[-98.18345000000001, 26.194655], [-98.18344, 26.194655], [-98.18344, 26.194664], [-98.18345000000001, 26.194664], [-98.18345000000001, 26.194655]]]}}, {"type": "Feature", "properties": {"campus_id": "bowie", "surface_class": "Asphalt/Concrete", "estimated_temp_f": 120}, "geometry": {"type": "Polygon", "coordinates": [[[-98.18345000000001, 26.194664], [-98.18344, 26.194664], [-98.18344, 26.194672999999998], [-98.18345000000001, 26.194672999999998], [-98.18345000000001, 26.194664]]]}}, {"type": "Feature", "properties": {"campus_id": "bowie", "surface_class": "Asphalt/Concrete", "estimated_temp_f": 120}, "geometry": {"type": "Polygon", "coordinates": [[[-98.18345000000001, 26.194673], [-98.18344, 26.194673], [-98.18344, 26.194682], [-98.18345000000001, 26.194682], [-98.18345000000001, 26.194673]]]}}, {"type": "Feature", "properties": {"campus_id": "bowie", "surface_class": "Asphalt/Concrete", "estimated_temp_f": 120}, "geometry": {"type": "Polygon", "coordinates": [[[-98.18345000000001, 26.194682], [-98.18344, 26.194682], [-98.18344, 26.194691], [-98.18345000000001, 26.194691], [-98.18345000000001, 26.194682]]]}}, {"type": "Feature", "properties": {"campus_id": "bowie", "surface_class": "Asphalt/Concrete", "estimated_temp_f": 120}, "geometry": {"type": "Polygon", "coordinates": [[[-98.18345000000001, 26.194691000000002], [-98.18344, 26.194691000000002], [-98.18344, 26.1947], [-98.18345000000001, 26.1947], [-98.18345000000001, 26.194691000000002]]]}}, {"type": "Feature", "properties": {"campus_id": "bowie", "surface_class": "Grass/Turf", "estimated_temp_f": 95}, "geometry": {"type": "Polygon", "coordinates": [[[-98.18345000000001, 26.1947], [-98.18344, 26.1947], [-98.18344, 26.194709], [-98.18345000000001, 26.194709], [-98.18345000000001, 26.1947]]]}}, {"type": "Feature", "properties": {"campus_id": "bowie", "surface_class": "Asphalt/Concrete", "estimated_temp_f": 120}, "geometry": {"type": "Polygon", "coordinates": [[[-98.18345000000001, 26.194709], [-98.18344, 26.194709], [-98.18344, 26.194717999999998], [-98.18345000000001, 26.194717999999998], [-98.18345000000001, 26.194709]]]}}, {"type": "Feature", "properties": {"campus_id": "bowie", "surface_class": "Grass/Turf", "estimated_temp_f": 95}, "geometry": {"type": "Polygon", "coordinates": [[[-98.18345000000001, 26.194718], [-98.18344, 26.194718], [-98.18344, 26.194727], [-98.18345000000001, 26.194727], [-98.18345000000001, 26.194718]]]}}, {"type": "Feature", "properties": {"campus_id": "bowie", "surface_class": "Asphalt/Concrete", "estimated_temp_f": 120}, "geometry": {"type": "Polygon", "coordinates": [[[-98.18345000000001, 26.194727], [-98.18344, 26.194727], [-98.18344, 26.194736], [-98.18345000000001, 26.194736], [-98.18345000000001, 26.194727]]]}}, {"type": "Feature", "properties": {"campus_id": "bowie", "surface_class": "Asphalt/Concrete", "estimated_temp_f": 120}, "geometry": {"type": "Polygon", "coordinates": [[[-98.18345000000001, 26.194736000000002], [-98.18344, 26.194736000000002], [-98.18344, 26.194745], [-98.18345000000001, 26.194745], [-98.18345000000001, 26.194736000000002]]]}}, {"type": "Feature", "properties": {"campus_id": "bowie", "surface_class": "Asphalt/Concrete", "estimated_temp_f": 120}, "geometry": {"type": "Polygon", "coordinates": [[[-98.18345000000001, 26.194745], [-98.18344, 26.194745], [-98.18344, 26.194754], [-98.18345000000001, 26.194754], [-98.18345000000001, 26.194745]]]}}, {"type": "Feature", "properties": {"campus_id": "bowie", "surface_class": "Asphalt/Concrete", "estimated_temp_f": 120}, "geometry": {"type": "Polygon", "coordinates": [[[-98.18345000000001, 26.194754], [-98.18344, 26.194754], [-98.18344, 26.194763], [-98.18345000000001, 26.194763], [-98.18345000000001, 26.194754]]]}}, {"type": "Feature", "properties": {"campus_id": "bowie", "surface_class": "Asphalt/Concrete", "estimated_temp_f": 120}, "geometry": {"type": "Polygon", "coordinates": [[[-98.18345000000001, 26.194763000000002], [-98.18344, 26.194763000000002], [-98.18344, 26.194772], [-98.18345000000001, 26.194772], [-98.18345000000001, 26.194763000000002]]]}}, {"type": "Feature", "properties": {"campus_id": "bowie", "surface_class": "Asphalt/Concrete", "estimated_temp_f": 120}, "geometry": {"type": "Polygon", "coordinates": [[[-98.18345000000001, 26.194772], [-98.18344, 26.194772], [-98.18344, 26.194781], [-98.18345000000001, 26.194781], [-98.18345000000001, 26.194772]]]}}, {"type": "Feature", "properties": {"campus_id": "bowie", "surface_class": "Asphalt/Concrete", "estimated_temp_f": 120}, "geometry": {"type": "Polygon", "coordinates": [[[-98.18345000000001, 26.194781], [-98.18344, 26.194781], [-98.18344, 26.194789999999998], [-98.18345000000001, 26.194789999999998], [-98.18345000000001, 26.194781]]]}}, {"type": "Feature", "properties": {"campus_id": "bowie", "surface_class": "Asphalt/Concrete", "estimated_temp_f": 120}, "geometry": {"type": "Polygon", "coordinates": [[[-98.18345000000001, 26.19479], [-98.18344, 26.19479], [-98.18344, 26.194799], [-98.18345000000001, 26.194799], [-98.18345000000001, 26.19479]]]}}, {"type": "Feature", "properties": {"campus_id": "bowie", "surface_class": "Canopy", "estimated_temp_f": 85}, "geometry": {"type": "Polygon", "coordinates": [[[-98.18345000000001, 26.194799], [-98.18344, 26.194799], [-98.18344, 26.194808], [-98.18345000000001, 26.194808], [-98.18345000000001, 26.194799]]]}}, {"type": "Feature", "properties": {"campus_id": "bowie", "surface_class": "Asphalt/Concrete", "estimated_temp_f": 120}, "geometry": {"type": "Polygon", "coordinates": [[[-98.18345000000001, 26.194808000000002], [-98.18344, 26.194808000000002], [-98.18344, 26.194817], [-98.18345000000001, 26.194817], [-98.18345000000001, 26.194808000000002]]]}}, {"type": "Feature", "properties": {"campus_id": "bowie", "surface_class": "Grass/Turf", "estimated_temp_f": 95}, "geometry": {"type": "Polygon", "coordinates": [[[-98.18345000000001, 26.194817], [-98.18344, 26.194817], [-98.18344, 26.194826], [-98.18345000000001, 26.194826], [-98.18345000000001, 26.194817]]]}}, {"type": "Feature", "properties": {"campus_id": "bowie", "surface_class": "Canopy", "estimated_temp_f": 85}, "geometry": {"type": "Polygon", "coordinates": [[[-98.18345000000001, 26.194826], [-98.18344, 26.194826], [-98.18344, 26.194834999999998], [-98.18345000000001, 26.194834999999998], [-98.18345000000001, 26.194826]]]}}, {"type": "Feature", "properties": {"campus_id": "bowie", "surface_class": "Asphalt/Concrete", "estimated_temp_f": 120}, "geometry": {"type": "Polygon", "coordinates": [[[-98.18345000000001, 26.194835], [-98.18344, 26.194835], [-98.18344, 26.194844], [-98.18345000000001, 26.194844], [-98.18345000000001, 26.194835]]]}}, {"type": "Feature", "properties": {"campus_id": "bowie", "surface_class": "Grass/Turf", "estimated_temp_f": 95}, "geometry": {"type": "Polygon", "coordinates": [[[-98.18345000000001, 26.194844], [-98.18344, 26.194844], [-98.18344, 26.194853], [-98.18345000000001, 26.194853], [-98.18345000000001, 26.194844]]]}}, {"type": "Feature", "properties": {"campus_id": "bowie", "surface_class": "Asphalt/Concrete", "estimated_temp_f": 120}, "geometry": {"type": "Polygon", "coordinates": [[[-98.18345000000001, 26.194853000000002], [-98.18344, 26.194853000000002], [-98.18344, 26.194862], [-98.18345000000001, 26.194862], [-98.18345000000001, 26.194853000000002]]]}}, {"type": "Feature", "properties": {"campus_id": "bowie", "surface_class": "Asphalt/Concrete", "estimated_temp_f": 120}, "geometry": {"type": "Polygon", "coordinates": [[[-98.18345000000001, 26.194862], [-98.18344, 26.194862], [-98.18344, 26.194871], [-98.18345000000001, 26.194871], [-98.18345000000001, 26.194862]]]}}, {"type": "Feature", "properties": {"campus_id": "bowie", "surface_class": "Asphalt/Concrete", "estimated_temp_f": 120}, "geometry": {"type": "Polygon", "coordinates": [[[-98.18345000000001, 26.194871], [-98.18344, 26.194871], [-98.18344, 26.194879999999998], [-98.18345000000001, 26.194879999999998], [-98.18345000000001, 26.194871]]]}}, {"type": "Feature", "properties": {"campus_id": "bowie", "surface_class": "Asphalt/Concrete", "estimated_temp_f": 120}, "geometry": {"type": "Polygon", "coordinates": [[[-98.18344, 26.19452], [-98.18343, 26.19452], [-98.18343, 26.194529], [-98.18344, 26.194529], [-98.18344, 26.19452]]]}}, {"type": "Feature", "properties": {"campus_id": "bowie", "surface_class": "Asphalt/Concrete", "estimated_temp_f": 120}, "geometry": {"type": "Polygon", "coordinates": [[[-98.18344, 26.194529], [-98.18343, 26.194529], [-98.18343, 26.194537999999998], [-98.18344, 26.194537999999998], [-98.18344, 26.194529]]]}}, {"type": "Feature", "properties": {"campus_id": "bowie", "surface_class": "Asphalt/Concrete", "estimated_temp_f": 120}, "geometry": {"type": "Polygon", "coordinates": [[[-98.18344, 26.194538], [-98.18343, 26.194538], [-98.18343, 26.194547], [-98.18344, 26.194547], [-98.18344, 26.194538]]]}}, {"type": "Feature", "properties": {"campus_id": "bowie", "surface_class": "Asphalt/Concrete", "estimated_temp_f": 120}, "geometry": {"type": "Polygon", "coordinates": [[[-98.18344, 26.194547], [-98.18343, 26.194547], [-98.18343, 26.194556], [-98.18344, 26.194556], [-98.18344, 26.194547]]]}}, {"type": "Feature", "properties": {"campus_id": "bowie", "surface_class": "Grass/Turf", "estimated_temp_f": 95}, "geometry": {"type": "Polygon", "coordinates": [[[-98.18344, 26.194556000000002], [-98.18343, 26.194556000000002], [-98.18343, 26.194565], [-98.18344, 26.194565], [-98.18344, 26.194556000000002]]]}}, {"type": "Feature", "properties": {"campus_id": "bowie", "surface_class": "Canopy", "estimated_temp_f": 85}, "geometry": {"type": "Polygon", "coordinates": [[[-98.18344, 26.194565], [-98.18343, 26.194565], [-98.18343, 26.194574], [-98.18344, 26.194574], [-98.18344, 26.194565]]]}}, {"type": "Feature", "properties": {"campus_id": "bowie", "surface_class": "Grass/Turf", "estimated_temp_f": 95}, "geometry": {"type": "Polygon", "coordinates": [[[-98.18344, 26.194574], [-98.18343, 26.194574], [-98.18343, 26.194582999999998], [-98.18344, 26.194582999999998], [-98.18344, 26.194574]]]}}, {"type": "Feature", "properties": {"campus_id": "bowie", "surface_class": "Grass/Turf", "estimated_temp_f": 95}, "geometry": {"type": "Polygon", "coordinates": [[[-98.18344, 26.194583], [-98.18343, 26.194583], [-98.18343, 26.194592], [-98.18344, 26.194592], [-98.18344, 26.194583]]]}}, {"type": "Feature", "properties": {"campus_id": "bowie", "surface_class": "Asphalt/Concrete", "estimated_temp_f": 120}, "geometry": {"type": "Polygon", "coordinates": [[[-98.18344, 26.194592], [-98.18343, 26.194592], [-98.18343, 26.194601], [-98.18344, 26.194601], [-98.18344, 26.194592]]]}}, {"type": "Feature", "properties": {"campus_id": "bowie", "surface_class": "Asphalt/Concrete", "estimated_temp_f": 120}, "geometry": {"type": "Polygon", "coordinates": [[[-98.18344, 26.194601000000002], [-98.18343, 26.194601000000002], [-98.18343, 26.19461], [-98.18344, 26.19461], [-98.18344, 26.194601000000002]]]}}, {"type": "Feature", "properties": {"campus_id": "bowie", "surface_class": "Asphalt/Concrete", "estimated_temp_f": 120}, "geometry": {"type": "Polygon", "coordinates": [[[-98.18344, 26.19461], [-98.18343, 26.19461], [-98.18343, 26.194619], [-98.18344, 26.194619], [-98.18344, 26.19461]]]}}, {"type": "Feature", "properties": {"campus_id": "bowie", "surface_class": "Asphalt/Concrete", "estimated_temp_f": 120}, "geometry": {"type": "Polygon", "coordinates": [[[-98.18344, 26.194619], [-98.18343, 26.194619], [-98.18343, 26.194627999999998], [-98.18344, 26.194627999999998], [-98.18344, 26.194619]]]}}, {"type": "Feature", "properties": {"campus_id": "bowie", "surface_class": "Asphalt/Concrete", "estimated_temp_f": 120}, "geometry": {"type": "Polygon", "coordinates": [[[-98.18344, 26.194628], [-98.18343, 26.194628], [-98.18343, 26.194637], [-98.18344, 26.194637], [-98.18344, 26.194628]]]}}, {"type": "Feature", "properties": {"campus_id": "bowie", "surface_class": "Asphalt/Concrete", "estimated_temp_f": 120}, "geometry": {"type": "Polygon", "coordinates": [[[-98.18344, 26.194637], [-98.18343, 26.194637], [-98.18343, 26.194646], [-98.18344, 26.194646], [-98.18344, 26.194637]]]}}, {"type": "Feature", "properties": {"campus_id": "bowie", "surface_class": "Asphalt/Concrete", "estimated_temp_f": 120}, "geometry": {"type": "Polygon", "coordinates": [[[-98.18344, 26.194646000000002], [-98.18343, 26.194646000000002], [-98.18343, 26.194655], [-98.18344, 26.194655], [-98.18344, 26.194646000000002]]]}}, {"type": "Feature", "properties": {"campus_id": "bowie", "surface_class": "Asphalt/Concrete", "estimated_temp_f": 120}, "geometry": {"type": "Polygon", "coordinates": [[[-98.18344, 26.194655], [-98.18343, 26.194655], [-98.18343, 26.194664], [-98.18344, 26.194664], [-98.18344, 26.194655]]]}}, {"type": "Feature", "properties": {"campus_id": "bowie", "surface_class": "Asphalt/Concrete", "estimated_temp_f": 120}, "geometry": {"type": "Polygon", "coordinates": [[[-98.18344, 26.194664], [-98.18343, 26.194664], [-98.18343, 26.194672999999998], [-98.18344, 26.194672999999998], [-98.18344, 26.194664]]]}}, {"type": "Feature", "properties": {"campus_id": "bowie", "surface_class": "Asphalt/Concrete", "estimated_temp_f": 120}, "geometry": {"type": "Polygon", "coordinates": [[[-98.18344, 26.194673], [-98.18343, 26.194673], [-98.18343, 26.194682], [-98.18344, 26.194682], [-98.18344, 26.194673]]]}}, {"type": "Feature", "properties": {"campus_id": "bowie", "surface_class": "Asphalt/Concrete", "estimated_temp_f": 120}, "geometry": {"type": "Polygon", "coordinates": [[[-98.18344, 26.194682], [-98.18343, 26.194682], [-98.18343, 26.194691], [-98.18344, 26.194691], [-98.18344, 26.194682]]]}}, {"type": "Feature", "properties": {"campus_id": "bowie", "surface_class": "Asphalt/Concrete", "estimated_temp_f": 120}, "geometry": {"type": "Polygon", "coordinates": [[[-98.18344, 26.194691000000002], [-98.18343, 26.194691000000002], [-98.18343, 26.1947], [-98.18344, 26.1947], [-98.18344, 26.194691000000002]]]}}, {"type": "Feature", "properties": {"campus_id": "bowie", "surface_class": "Canopy", "estimated_temp_f": 85}, "geometry": {"type": "Polygon", "coordinates": [[[-98.18344, 26.1947], [-98.18343, 26.1947], [-98.18343, 26.194709], [-98.18344, 26.194709], [-98.18344, 26.1947]]]}}, {"type": "Feature", "properties": {"campus_id": "bowie", "surface_class": "Asphalt/Concrete", "estimated_temp_f": 120}, "geometry": {"type": "Polygon", "coordinates": [[[-98.18344, 26.194709], [-98.18343, 26.194709], [-98.18343, 26.194717999999998], [-98.18344, 26.194717999999998], [-98.18344, 26.194709]]]}}, {"type": "Feature", "properties": {"campus_id": "bowie", "surface_class": "Asphalt/Concrete", "estimated_temp_f": 120}, "geometry": {"type": "Polygon", "coordinates": [[[-98.18344, 26.194718], [-98.18343, 26.194718], [-98.18343, 26.194727], [-98.18344, 26.194727], [-98.18344, 26.194718]]]}}, {"type": "Feature", "properties": {"campus_id": "bowie", "surface_class": "Grass/Turf", "estimated_temp_f": 95}, "geometry": {"type": "Polygon", "coordinates": [[[-98.18344, 26.194727], [-98.18343, 26.194727], [-98.18343, 26.194736], [-98.18344, 26.194736], [-98.18344, 26.194727]]]}}, {"type": "Feature", "properties": {"campus_id": "bowie", "surface_class": "Asphalt/Concrete", "estimated_temp_f": 120}, "geometry": {"type": "Polygon", "coordinates": [[[-98.18344, 26.194736000000002], [-98.18343, 26.194736000000002], [-98.18343, 26.194745], [-98.18344, 26.194745], [-98.18344, 26.194736000000002]]]}}, {"type": "Feature", "properties": {"campus_id": "bowie", "surface_class": "Asphalt/Concrete", "estimated_temp_f": 120}, "geometry": {"type": "Polygon", "coordinates": [[[-98.18344, 26.194745], [-98.18343, 26.194745], [-98.18343, 26.194754], [-98.18344, 26.194754], [-98.18344, 26.194745]]]}}, {"type": "Feature", "properties": {"campus_id": "bowie", "surface_class": "Asphalt/Concrete", "estimated_temp_f": 120}, "geometry": {"type": "Polygon", "coordinates": [[[-98.18344, 26.194754], [-98.18343, 26.194754], [-98.18343, 26.194763], [-98.18344, 26.194763], [-98.18344, 26.194754]]]}}, {"type": "Feature", "properties": {"campus_id": "bowie", "surface_class": "Asphalt/Concrete", "estimated_temp_f": 120}, "geometry": {"type": "Polygon", "coordinates": [[[-98.18344, 26.194763000000002], [-98.18343, 26.194763000000002], [-98.18343, 26.194772], [-98.18344, 26.194772], [-98.18344, 26.194763000000002]]]}}, {"type": "Feature", "properties": {"campus_id": "bowie", "surface_class": "Asphalt/Concrete", "estimated_temp_f": 120}, "geometry": {"type": "Polygon", "coordinates": [[[-98.18344, 26.194772], [-98.18343, 26.194772], [-98.18343, 26.194781], [-98.18344, 26.194781], [-98.18344, 26.194772]]]}}, {"type": "Feature", "properties": {"campus_id": "bowie", "surface_class": "Asphalt/Concrete", "estimated_temp_f": 120}, "geometry": {"type": "Polygon", "coordinates": [[[-98.18344, 26.194781], [-98.18343, 26.194781], [-98.18343, 26.194789999999998], [-98.18344, 26.194789999999998], [-98.18344, 26.194781]]]}}, {"type": "Feature", "properties": {"campus_id": "bowie", "surface_class": "Asphalt/Concrete", "estimated_temp_f": 120}, "geometry": {"type": "Polygon", "coordinates": [[[-98.18344, 26.19479], [-98.18343, 26.19479], [-98.18343, 26.194799], [-98.18344, 26.194799], [-98.18344, 26.19479]]]}}, {"type": "Feature", "properties": {"campus_id": "bowie", "surface_class": "Asphalt/Concrete", "estimated_temp_f": 120}, "geometry": {"type": "Polygon", "coordinates": [[[-98.18344, 26.194799], [-98.18343, 26.194799], [-98.18343, 26.194808], [-98.18344, 26.194808], [-98.18344, 26.194799]]]}}, {"type": "Feature", "properties": {"campus_id": "bowie", "surface_class": "Grass/Turf", "estimated_temp_f": 95}, "geometry": {"type": "Polygon", "coordinates": [[[-98.18344, 26.194808000000002], [-98.18343, 26.194808000000002], [-98.18343, 26.194817], [-98.18344, 26.194817], [-98.18344, 26.194808000000002]]]}}, {"type": "Feature", "properties": {"campus_id": "bowie", "surface_class": "Asphalt/Concrete", "estimated_temp_f": 120}, "geometry": {"type": "Polygon", "coordinates": [[[-98.18344, 26.194817], [-98.18343, 26.194817], [-98.18343, 26.194826], [-98.18344, 26.194826], [-98.18344, 26.194817]]]}}, {"type": "Feature", "properties": {"campus_id": "bowie", "surface_class": "Grass/Turf", "estimated_temp_f": 95}, "geometry": {"type": "Polygon", "coordinates": [[[-98.18344, 26.194826], [-98.18343, 26.194826], [-98.18343, 26.194834999999998], [-98.18344, 26.194834999999998], [-98.18344, 26.194826]]]}}, {"type": "Feature", "properties": {"campus_id": "bowie", "surface_class": "Asphalt/Concrete", "estimated_temp_f": 120}, "geometry": {"type": "Polygon", "coordinates": [[[-98.18344, 26.194835], [-98.18343, 26.194835], [-98.18343, 26.194844], [-98.18344, 26.194844], [-98.18344, 26.194835]]]}}, {"type": "Feature", "properties": {"campus_id": "bowie", "surface_class": "Grass/Turf", "estimated_temp_f": 95}, "geometry": {"type": "Polygon", "coordinates": [[[-98.18344, 26.194844], [-98.18343, 26.194844], [-98.18343, 26.194853], [-98.18344, 26.194853], [-98.18344, 26.194844]]]}}, {"type": "Feature", "properties": {"campus_id": "bowie", "surface_class": "Grass/Turf", "estimated_temp_f": 95}, "geometry": {"type": "Polygon", "coordinates": [[[-98.18344, 26.194853000000002], [-98.18343, 26.194853000000002], [-98.18343, 26.194862], [-98.18344, 26.194862], [-98.18344, 26.194853000000002]]]}}, {"type": "Feature", "properties": {"campus_id": "bowie", "surface_class": "Asphalt/Concrete", "estimated_temp_f": 120}, "geometry": {"type": "Polygon", "coordinates": [[[-98.18344, 26.194862], [-98.18343, 26.194862], [-98.18343, 26.194871], [-98.18344, 26.194871], [-98.18344, 26.194862]]]}}, {"type": "Feature", "properties": {"campus_id": "bowie", "surface_class": "Asphalt/Concrete", "estimated_temp_f": 120}, "geometry": {"type": "Polygon", "coordinates": [[[-98.18344, 26.194871], [-98.18343, 26.194871], [-98.18343, 26.194879999999998], [-98.18344, 26.194879999999998], [-98.18344, 26.194871]]]}}, {"type": "Feature", "properties": {"campus_id": "bowie", "surface_class": "Asphalt/Concrete", "estimated_temp_f": 120}, "geometry": {"type": "Polygon", "coordinates": [[[-98.18343, 26.19452], [-98.18342, 26.19452], [-98.18342, 26.194529], [-98.18343, 26.194529], [-98.18343, 26.19452]]]}}, {"type": "Feature", "properties": {"campus_id": "bowie", "surface_class": "Grass/Turf", "estimated_temp_f": 95}, "geometry": {"type": "Polygon", "coordinates": [[[-98.18343, 26.194529], [-98.18342, 26.194529], [-98.18342, 26.194537999999998], [-98.18343, 26.194537999999998], [-98.18343, 26.194529]]]}}, {"type": "Feature", "properties": {"campus_id": "bowie", "surface_class": "Asphalt/Concrete", "estimated_temp_f": 120}, "geometry": {"type": "Polygon", "coordinates": [[[-98.18343, 26.194538], [-98.18342, 26.194538], [-98.18342, 26.194547], [-98.18343, 26.194547], [-98.18343, 26.194538]]]}}, {"type": "Feature", "properties": {"campus_id": "bowie", "surface_class": "Asphalt/Concrete", "estimated_temp_f": 120}, "geometry": {"type": "Polygon", "coordinates": [[[-98.18343, 26.194547], [-98.18342, 26.194547], [-98.18342, 26.194556], [-98.18343, 26.194556], [-98.18343, 26.194547]]]}}, {"type": "Feature", "properties": {"campus_id": "bowie", "surface_class": "Grass/Turf", "estimated_temp_f": 95}, "geometry": {"type": "Polygon", "coordinates": [[[-98.18343, 26.194556000000002], [-98.18342, 26.194556000000002], [-98.18342, 26.194565], [-98.18343, 26.194565], [-98.18343, 26.194556000000002]]]}}, {"type": "Feature", "properties": {"campus_id": "bowie", "surface_class": "Grass/Turf", "estimated_temp_f": 95}, "geometry": {"type": "Polygon", "coordinates": [[[-98.18343, 26.194565], [-98.18342, 26.194565], [-98.18342, 26.194574], [-98.18343, 26.194574], [-98.18343, 26.194565]]]}}, {"type": "Feature", "properties": {"campus_id": "bowie", "surface_class": "Asphalt/Concrete", "estimated_temp_f": 120}, "geometry": {"type": "Polygon", "coordinates": [[[-98.18343, 26.194574], [-98.18342, 26.194574], [-98.18342, 26.194582999999998], [-98.18343, 26.194582999999998], [-98.18343, 26.194574]]]}}, {"type": "Feature", "properties": {"campus_id": "bowie", "surface_class": "Asphalt/Concrete", "estimated_temp_f": 120}, "geometry": {"type": "Polygon", "coordinates": [[[-98.18343, 26.194583], [-98.18342, 26.194583], [-98.18342, 26.194592], [-98.18343, 26.194592], [-98.18343, 26.194583]]]}}, {"type": "Feature", "properties": {"campus_id": "bowie", "surface_class": "Grass/Turf", "estimated_temp_f": 95}, "geometry": {"type": "Polygon", "coordinates": [[[-98.18343, 26.194592], [-98.18342, 26.194592], [-98.18342, 26.194601], [-98.18343, 26.194601], [-98.18343, 26.194592]]]}}, {"type": "Feature", "properties": {"campus_id": "bowie", "surface_class": "Asphalt/Concrete", "estimated_temp_f": 120}, "geometry": {"type": "Polygon", "coordinates": [[[-98.18343, 26.194601000000002], [-98.18342, 26.194601000000002], [-98.18342, 26.19461], [-98.18343, 26.19461], [-98.18343, 26.194601000000002]]]}}, {"type": "Feature", "properties": {"campus_id": "bowie", "surface_class": "Grass/Turf", "estimated_temp_f": 95}, "geometry": {"type": "Polygon", "coordinates": [[[-98.18343, 26.19461], [-98.18342, 26.19461], [-98.18342, 26.194619], [-98.18343, 26.194619], [-98.18343, 26.19461]]]}}, {"type": "Feature", "properties": {"campus_id": "bowie", "surface_class": "Asphalt/Concrete", "estimated_temp_f": 120}, "geometry": {"type": "Polygon", "coordinates": [[[-98.18343, 26.194619], [-98.18342, 26.194619], [-98.18342, 26.194627999999998], [-98.18343, 26.194627999999998], [-98.18343, 26.194619]]]}}, {"type": "Feature", "properties": {"campus_id": "bowie", "surface_class": "Asphalt/Concrete", "estimated_temp_f": 120}, "geometry": {"type": "Polygon", "coordinates": [[[-98.18343, 26.194628], [-98.18342, 26.194628], [-98.18342, 26.194637], [-98.18343, 26.194637], [-98.18343, 26.194628]]]}}, {"type": "Feature", "properties": {"campus_id": "bowie", "surface_class": "Asphalt/Concrete", "estimated_temp_f": 120}, "geometry": {"type": "Polygon", "coordinates": [[[-98.18343, 26.194637], [-98.18342, 26.194637], [-98.18342, 26.194646], [-98.18343, 26.194646], [-98.18343, 26.194637]]]}}, {"type": "Feature", "properties": {"campus_id": "bowie", "surface_class": "Asphalt/Concrete", "estimated_temp_f": 120}, "geometry": {"type": "Polygon", "coordinates": [[[-98.18343, 26.194646000000002], [-98.18342, 26.194646000000002], [-98.18342, 26.194655], [-98.18343, 26.194655], [-98.18343, 26.194646000000002]]]}}, {"type": "Feature", "properties": {"campus_id": "bowie", "surface_class": "Asphalt/Concrete", "estimated_temp_f": 120}, "geometry": {"type": "Polygon", "coordinates": [[[-98.18343, 26.194655], [-98.18342, 26.194655], [-98.18342, 26.194664], [-98.18343, 26.194664], [-98.18343, 26.194655]]]}}, {"type": "Feature", "properties": {"campus_id": "bowie", "surface_class": "Asphalt/Concrete", "estimated_temp_f": 120}, "geometry": {"type": "Polygon", "coordinates": [[[-98.18343, 26.194664], [-98.18342, 26.194664], [-98.18342, 26.194672999999998], [-98.18343, 26.194672999999998], [-98.18343, 26.194664]]]}}, {"type": "Feature", "properties": {"campus_id": "bowie", "surface_class": "Asphalt/Concrete", "estimated_temp_f": 120}, "geometry": {"type": "Polygon", "coordinates": [[[-98.18343, 26.194673], [-98.18342, 26.194673], [-98.18342, 26.194682], [-98.18343, 26.194682], [-98.18343, 26.194673]]]}}, {"type": "Feature", "properties": {"campus_id": "bowie", "surface_class": "Asphalt/Concrete", "estimated_temp_f": 120}, "geometry": {"type": "Polygon", "coordinates": [[[-98.18343, 26.194682], [-98.18342, 26.194682], [-98.18342, 26.194691], [-98.18343, 26.194691], [-98.18343, 26.194682]]]}}, {"type": "Feature", "properties": {"campus_id": "bowie", "surface_class": "Asphalt/Concrete", "estimated_temp_f": 120}, "geometry": {"type": "Polygon", "coordinates": [[[-98.18343, 26.194691000000002], [-98.18342, 26.194691000000002], [-98.18342, 26.1947], [-98.18343, 26.1947], [-98.18343, 26.194691000000002]]]}}, {"type": "Feature", "properties": {"campus_id": "bowie", "surface_class": "Grass/Turf", "estimated_temp_f": 95}, "geometry": {"type": "Polygon", "coordinates": [[[-98.18343, 26.1947], [-98.18342, 26.1947], [-98.18342, 26.194709], [-98.18343, 26.194709], [-98.18343, 26.1947]]]}}, {"type": "Feature", "properties": {"campus_id": "bowie", "surface_class": "Asphalt/Concrete", "estimated_temp_f": 120}, "geometry": {"type": "Polygon", "coordinates": [[[-98.18343, 26.194709], [-98.18342, 26.194709], [-98.18342, 26.194717999999998], [-98.18343, 26.194717999999998], [-98.18343, 26.194709]]]}}, {"type": "Feature", "properties": {"campus_id": "bowie", "surface_class": "Asphalt/Concrete", "estimated_temp_f": 120}, "geometry": {"type": "Polygon", "coordinates": [[[-98.18343, 26.194718], [-98.18342, 26.194718], [-98.18342, 26.194727], [-98.18343, 26.194727], [-98.18343, 26.194718]]]}}, {"type": "Feature", "properties": {"campus_id": "bowie", "surface_class": "Asphalt/Concrete", "estimated_temp_f": 120}, "geometry": {"type": "Polygon", "coordinates": [[[-98.18343, 26.194727], [-98.18342, 26.194727], [-98.18342, 26.194736], [-98.18343, 26.194736], [-98.18343, 26.194727]]]}}, {"type": "Feature", "properties": {"campus_id": "bowie", "surface_class": "Asphalt/Concrete", "estimated_temp_f": 120}, "geometry": {"type": "Polygon", "coordinates": [[[-98.18343, 26.194736000000002], [-98.18342, 26.194736000000002], [-98.18342, 26.194745], [-98.18343, 26.194745], [-98.18343, 26.194736000000002]]]}}, {"type": "Feature", "properties": {"campus_id": "bowie", "surface_class": "Asphalt/Concrete", "estimated_temp_f": 120}, "geometry": {"type": "Polygon", "coordinates": [[[-98.18343, 26.194745], [-98.18342, 26.194745], [-98.18342, 26.194754], [-98.18343, 26.194754], [-98.18343, 26.194745]]]}}, {"type": "Feature", "properties": {"campus_id": "bowie", "surface_class": "Asphalt/Concrete", "estimated_temp_f": 120}, "geometry": {"type": "Polygon", "coordinates": [[[-98.18343, 26.194754], [-98.18342, 26.194754], [-98.18342, 26.194763], [-98.18343, 26.194763], [-98.18343, 26.194754]]]}}, {"type": "Feature", "properties": {"campus_id": "bowie", "surface_class": "Asphalt/Concrete", "estimated_temp_f": 120}, "geometry": {"type": "Polygon", "coordinates": [[[-98.18343, 26.194763000000002], [-98.18342, 26.194763000000002], [-98.18342, 26.194772], [-98.18343, 26.194772], [-98.18343, 26.194763000000002]]]}}, {"type": "Feature", "properties": {"campus_id": "bowie", "surface_class": "Asphalt/Concrete", "estimated_temp_f": 120}, "geometry": {"type": "Polygon", "coordinates": [[[-98.18343, 26.194772], [-98.18342, 26.194772], [-98.18342, 26.194781], [-98.18343, 26.194781], [-98.18343, 26.194772]]]}}, {"type": "Feature", "properties": {"campus_id": "bowie", "surface_class": "Canopy", "estimated_temp_f": 85}, "geometry": {"type": "Polygon", "coordinates": [[[-98.18343, 26.194781], [-98.18342, 26.194781], [-98.18342, 26.194789999999998], [-98.18343, 26.194789999999998], [-98.18343, 26.194781]]]}}, {"type": "Feature", "properties": {"campus_id": "bowie", "surface_class": "Asphalt/Concrete", "estimated_temp_f": 120}, "geometry": {"type": "Polygon", "coordinates": [[[-98.18343, 26.19479], [-98.18342, 26.19479], [-98.18342, 26.194799], [-98.18343, 26.194799], [-98.18343, 26.19479]]]}}, {"type": "Feature", "properties": {"campus_id": "bowie", "surface_class": "Asphalt/Concrete", "estimated_temp_f": 120}, "geometry": {"type": "Polygon", "coordinates": [[[-98.18343, 26.194799], [-98.18342, 26.194799], [-98.18342, 26.194808], [-98.18343, 26.194808], [-98.18343, 26.194799]]]}}, {"type": "Feature", "properties": {"campus_id": "bowie", "surface_class": "Asphalt/Concrete", "estimated_temp_f": 120}, "geometry": {"type": "Polygon", "coordinates": [[[-98.18343, 26.194808000000002], [-98.18342, 26.194808000000002], [-98.18342, 26.194817], [-98.18343, 26.194817], [-98.18343, 26.194808000000002]]]}}, {"type": "Feature", "properties": {"campus_id": "bowie", "surface_class": "Asphalt/Concrete", "estimated_temp_f": 120}, "geometry": {"type": "Polygon", "coordinates": [[[-98.18343, 26.194817], [-98.18342, 26.194817], [-98.18342, 26.194826], [-98.18343, 26.194826], [-98.18343, 26.194817]]]}}, {"type": "Feature", "properties": {"campus_id": "bowie", "surface_class": "Asphalt/Concrete", "estimated_temp_f": 120}, "geometry": {"type": "Polygon", "coordinates": [[[-98.18343, 26.194826], [-98.18342, 26.194826], [-98.18342, 26.194834999999998], [-98.18343, 26.194834999999998], [-98.18343, 26.194826]]]}}, {"type": "Feature", "properties": {"campus_id": "bowie", "surface_class": "Grass/Turf", "estimated_temp_f": 95}, "geometry": {"type": "Polygon", "coordinates": [[[-98.18343, 26.194835], [-98.18342, 26.194835], [-98.18342, 26.194844], [-98.18343, 26.194844], [-98.18343, 26.194835]]]}}, {"type": "Feature", "properties": {"campus_id": "bowie", "surface_class": "Asphalt/Concrete", "estimated_temp_f": 120}, "geometry": {"type": "Polygon", "coordinates": [[[-98.18343, 26.194844], [-98.18342, 26.194844], [-98.18342, 26.194853], [-98.18343, 26.194853], [-98.18343, 26.194844]]]}}, {"type": "Feature", "properties": {"campus_id": "bowie", "surface_class": "Asphalt/Concrete", "estimated_temp_f": 120}, "geometry": {"type": "Polygon", "coordinates": [[[-98.18343, 26.194853000000002], [-98.18342, 26.194853000000002], [-98.18342, 26.194862], [-98.18343, 26.194862], [-98.18343, 26.194853000000002]]]}}, {"type": "Feature", "properties": {"campus_id": "bowie", "surface_class": "Asphalt/Concrete", "estimated_temp_f": 120}, "geometry": {"type": "Polygon", "coordinates": [[[-98.18343, 26.194862], [-98.18342, 26.194862], [-98.18342, 26.194871], [-98.18343, 26.194871], [-98.18343, 26.194862]]]}}, {"type": "Feature", "properties": {"campus_id": "bowie", "surface_class": "Asphalt/Concrete", "estimated_temp_f": 120}, "geometry": {"type": "Polygon", "coordinates": [[[-98.18343, 26.194871], [-98.18342, 26.194871], [-98.18342, 26.194879999999998], [-98.18343, 26.194879999999998], [-98.18343, 26.194871]]]}}, {"type": "Feature", "properties": {"campus_id": "bowie", "surface_class": "Asphalt/Concrete", "estimated_temp_f": 120}, "geometry": {"type": "Polygon", "coordinates": [[[-98.18342, 26.19452], [-98.18341, 26.19452], [-98.18341, 26.194529], [-98.18342, 26.194529], [-98.18342, 26.19452]]]}}, {"type": "Feature", "properties": {"campus_id": "bowie", "surface_class": "Asphalt/Concrete", "estimated_temp_f": 120}, "geometry": {"type": "Polygon", "coordinates": [[[-98.18342, 26.194529], [-98.18341, 26.194529], [-98.18341, 26.194537999999998], [-98.18342, 26.194537999999998], [-98.18342, 26.194529]]]}}, {"type": "Feature", "properties": {"campus_id": "bowie", "surface_class": "Canopy", "estimated_temp_f": 85}, "geometry": {"type": "Polygon", "coordinates": [[[-98.18342, 26.194538], [-98.18341, 26.194538], [-98.18341, 26.194547], [-98.18342, 26.194547], [-98.18342, 26.194538]]]}}, {"type": "Feature", "properties": {"campus_id": "bowie", "surface_class": "Asphalt/Concrete", "estimated_temp_f": 120}, "geometry": {"type": "Polygon", "coordinates": [[[-98.18342, 26.194547], [-98.18341, 26.194547], [-98.18341, 26.194556], [-98.18342, 26.194556], [-98.18342, 26.194547]]]}}, {"type": "Feature", "properties": {"campus_id": "bowie", "surface_class": "Asphalt/Concrete", "estimated_temp_f": 120}, "geometry": {"type": "Polygon", "coordinates": [[[-98.18342, 26.194556000000002], [-98.18341, 26.194556000000002], [-98.18341, 26.194565], [-98.18342, 26.194565], [-98.18342, 26.194556000000002]]]}}, {"type": "Feature", "properties": {"campus_id": "bowie", "surface_class": "Asphalt/Concrete", "estimated_temp_f": 120}, "geometry": {"type": "Polygon", "coordinates": [[[-98.18342, 26.194565], [-98.18341, 26.194565], [-98.18341, 26.194574], [-98.18342, 26.194574], [-98.18342, 26.194565]]]}}, {"type": "Feature", "properties": {"campus_id": "bowie", "surface_class": "Asphalt/Concrete", "estimated_temp_f": 120}, "geometry": {"type": "Polygon", "coordinates": [[[-98.18342, 26.194574], [-98.18341, 26.194574], [-98.18341, 26.194582999999998], [-98.18342, 26.194582999999998], [-98.18342, 26.194574]]]}}, {"type": "Feature", "properties": {"campus_id": "bowie", "surface_class": "Asphalt/Concrete", "estimated_temp_f": 120}, "geometry": {"type": "Polygon", "coordinates": [[[-98.18342, 26.194583], [-98.18341, 26.194583], [-98.18341, 26.194592], [-98.18342, 26.194592], [-98.18342, 26.194583]]]}}, {"type": "Feature", "properties": {"campus_id": "bowie", "surface_class": "Asphalt/Concrete", "estimated_temp_f": 120}, "geometry": {"type": "Polygon", "coordinates": [[[-98.18342, 26.194592], [-98.18341, 26.194592], [-98.18341, 26.194601], [-98.18342, 26.194601], [-98.18342, 26.194592]]]}}, {"type": "Feature", "properties": {"campus_id": "bowie", "surface_class": "Asphalt/Concrete", "estimated_temp_f": 120}, "geometry": {"type": "Polygon", "coordinates": [[[-98.18342, 26.194601000000002], [-98.18341, 26.194601000000002], [-98.18341, 26.19461], [-98.18342, 26.19461], [-98.18342, 26.194601000000002]]]}}, {"type": "Feature", "properties": {"campus_id": "bowie", "surface_class": "Grass/Turf", "estimated_temp_f": 95}, "geometry": {"type": "Polygon", "coordinates": [[[-98.18342, 26.19461], [-98.18341, 26.19461], [-98.18341, 26.194619], [-98.18342, 26.194619], [-98.18342, 26.19461]]]}}, {"type": "Feature", "properties": {"campus_id": "bowie", "surface_class": "Grass/Turf", "estimated_temp_f": 95}, "geometry": {"type": "Polygon", "coordinates": [[[-98.18342, 26.194619], [-98.18341, 26.194619], [-98.18341, 26.194627999999998], [-98.18342, 26.194627999999998], [-98.18342, 26.194619]]]}}, {"type": "Feature", "properties": {"campus_id": "bowie", "surface_class": "Asphalt/Concrete", "estimated_temp_f": 120}, "geometry": {"type": "Polygon", "coordinates": [[[-98.18342, 26.194628], [-98.18341, 26.194628], [-98.18341, 26.194637], [-98.18342, 26.194637], [-98.18342, 26.194628]]]}}, {"type": "Feature", "properties": {"campus_id": "bowie", "surface_class": "Asphalt/Concrete", "estimated_temp_f": 120}, "geometry": {"type": "Polygon", "coordinates": [[[-98.18342, 26.194637], [-98.18341, 26.194637], [-98.18341, 26.194646], [-98.18342, 26.194646], [-98.18342, 26.194637]]]}}, {"type": "Feature", "properties": {"campus_id": "bowie", "surface_class": "Asphalt/Concrete", "estimated_temp_f": 120}, "geometry": {"type": "Polygon", "coordinates": [[[-98.18342, 26.194646000000002], [-98.18341, 26.194646000000002], [-98.18341, 26.194655], [-98.18342, 26.194655], [-98.18342, 26.194646000000002]]]}}, {"type": "Feature", "properties": {"campus_id": "bowie", "surface_class": "Asphalt/Concrete", "estimated_temp_f": 120}, "geometry": {"type": "Polygon", "coordinates": [[[-98.18342, 26.194655], [-98.18341, 26.194655], [-98.18341, 26.194664], [-98.18342, 26.194664], [-98.18342, 26.194655]]]}}, {"type": "Feature", "properties": {"campus_id": "bowie", "surface_class": "Canopy", "estimated_temp_f": 85}, "geometry": {"type": "Polygon", "coordinates": [[[-98.18342, 26.194664], [-98.18341, 26.194664], [-98.18341, 26.194672999999998], [-98.18342, 26.194672999999998], [-98.18342, 26.194664]]]}}, {"type": "Feature", "properties": {"campus_id": "bowie", "surface_class": "Grass/Turf", "estimated_temp_f": 95}, "geometry": {"type": "Polygon", "coordinates": [[[-98.18342, 26.194673], [-98.18341, 26.194673], [-98.18341, 26.194682], [-98.18342, 26.194682], [-98.18342, 26.194673]]]}}, {"type": "Feature", "properties": {"campus_id": "bowie", "surface_class": "Asphalt/Concrete", "estimated_temp_f": 120}, "geometry": {"type": "Polygon", "coordinates": [[[-98.18342, 26.194682], [-98.18341, 26.194682], [-98.18341, 26.194691], [-98.18342, 26.194691], [-98.18342, 26.194682]]]}}, {"type": "Feature", "properties": {"campus_id": "bowie", "surface_class": "Asphalt/Concrete", "estimated_temp_f": 120}, "geometry": {"type": "Polygon", "coordinates": [[[-98.18342, 26.194691000000002], [-98.18341, 26.194691000000002], [-98.18341, 26.1947], [-98.18342, 26.1947], [-98.18342, 26.194691000000002]]]}}, {"type": "Feature", "properties": {"campus_id": "bowie", "surface_class": "Asphalt/Concrete", "estimated_temp_f": 120}, "geometry": {"type": "Polygon", "coordinates": [[[-98.18342, 26.1947], [-98.18341, 26.1947], [-98.18341, 26.194709], [-98.18342, 26.194709], [-98.18342, 26.1947]]]}}, {"type": "Feature", "properties": {"campus_id": "bowie", "surface_class": "Asphalt/Concrete", "estimated_temp_f": 120}, "geometry": {"type": "Polygon", "coordinates": [[[-98.18342, 26.194709], [-98.18341, 26.194709], [-98.18341, 26.194717999999998], [-98.18342, 26.194717999999998], [-98.18342, 26.194709]]]}}, {"type": "Feature", "properties": {"campus_id": "bowie", "surface_class": "Asphalt/Concrete", "estimated_temp_f": 120}, "geometry": {"type": "Polygon", "coordinates": [[[-98.18342, 26.194718], [-98.18341, 26.194718], [-98.18341, 26.194727], [-98.18342, 26.194727], [-98.18342, 26.194718]]]}}, {"type": "Feature", "properties": {"campus_id": "bowie", "surface_class": "Asphalt/Concrete", "estimated_temp_f": 120}, "geometry": {"type": "Polygon", "coordinates": [[[-98.18342, 26.194727], [-98.18341, 26.194727], [-98.18341, 26.194736], [-98.18342, 26.194736], [-98.18342, 26.194727]]]}}, {"type": "Feature", "properties": {"campus_id": "bowie", "surface_class": "Grass/Turf", "estimated_temp_f": 95}, "geometry": {"type": "Polygon", "coordinates": [[[-98.18342, 26.194736000000002], [-98.18341, 26.194736000000002], [-98.18341, 26.194745], [-98.18342, 26.194745], [-98.18342, 26.194736000000002]]]}}, {"type": "Feature", "properties": {"campus_id": "bowie", "surface_class": "Asphalt/Concrete", "estimated_temp_f": 120}, "geometry": {"type": "Polygon", "coordinates": [[[-98.18342, 26.194745], [-98.18341, 26.194745], [-98.18341, 26.194754], [-98.18342, 26.194754], [-98.18342, 26.194745]]]}}, {"type": "Feature", "properties": {"campus_id": "bowie", "surface_class": "Asphalt/Concrete", "estimated_temp_f": 120}, "geometry": {"type": "Polygon", "coordinates": [[[-98.18342, 26.194754], [-98.18341, 26.194754], [-98.18341, 26.194763], [-98.18342, 26.194763], [-98.18342, 26.194754]]]}}, {"type": "Feature", "properties": {"campus_id": "bowie", "surface_class": "Asphalt/Concrete", "estimated_temp_f": 120}, "geometry": {"type": "Polygon", "coordinates": [[[-98.18342, 26.194763000000002], [-98.18341, 26.194763000000002], [-98.18341, 26.194772], [-98.18342, 26.194772], [-98.18342, 26.194763000000002]]]}}, {"type": "Feature", "properties": {"campus_id": "bowie", "surface_class": "Asphalt/Concrete", "estimated_temp_f": 120}, "geometry": {"type": "Polygon", "coordinates": [[[-98.18342, 26.194772], [-98.18341, 26.194772], [-98.18341, 26.194781], [-98.18342, 26.194781], [-98.18342, 26.194772]]]}}, {"type": "Feature", "properties": {"campus_id": "bowie", "surface_class": "Asphalt/Concrete", "estimated_temp_f": 120}, "geometry": {"type": "Polygon", "coordinates": [[[-98.18342, 26.194781], [-98.18341, 26.194781], [-98.18341, 26.194789999999998], [-98.18342, 26.194789999999998], [-98.18342, 26.194781]]]}}, {"type": "Feature", "properties": {"campus_id": "bowie", "surface_class": "Asphalt/Concrete", "estimated_temp_f": 120}, "geometry": {"type": "Polygon", "coordinates": [[[-98.18342, 26.19479], [-98.18341, 26.19479], [-98.18341, 26.194799], [-98.18342, 26.194799], [-98.18342, 26.19479]]]}}, {"type": "Feature", "properties": {"campus_id": "bowie", "surface_class": "Asphalt/Concrete", "estimated_temp_f": 120}, "geometry": {"type": "Polygon", "coordinates": [[[-98.18342, 26.194799], [-98.18341, 26.194799], [-98.18341, 26.194808], [-98.18342, 26.194808], [-98.18342, 26.194799]]]}}, {"type": "Feature", "properties": {"campus_id": "bowie", "surface_class": "Asphalt/Concrete", "estimated_temp_f": 120}, "geometry": {"type": "Polygon", "coordinates": [[[-98.18342, 26.194808000000002], [-98.18341, 26.194808000000002], [-98.18341, 26.194817], [-98.18342, 26.194817], [-98.18342, 26.194808000000002]]]}}, {"type": "Feature", "properties": {"campus_id": "bowie", "surface_class": "Asphalt/Concrete", "estimated_temp_f": 120}, "geometry": {"type": "Polygon", "coordinates": [[[-98.18342, 26.194817], [-98.18341, 26.194817], [-98.18341, 26.194826], [-98.18342, 26.194826], [-98.18342, 26.194817]]]}}, {"type": "Feature", "properties": {"campus_id": "bowie", "surface_class": "Asphalt/Concrete", "estimated_temp_f": 120}, "geometry": {"type": "Polygon", "coordinates": [[[-98.18342, 26.194826], [-98.18341, 26.194826], [-98.18341, 26.194834999999998], [-98.18342, 26.194834999999998], [-98.18342, 26.194826]]]}}, {"type": "Feature", "properties": {"campus_id": "bowie", "surface_class": "Asphalt/Concrete", "estimated_temp_f": 120}, "geometry": {"type": "Polygon", "coordinates": [[[-98.18342, 26.194835], [-98.18341, 26.194835], [-98.18341, 26.194844], [-98.18342, 26.194844], [-98.18342, 26.194835]]]}}, {"type": "Feature", "properties": {"campus_id": "bowie", "surface_class": "Asphalt/Concrete", "estimated_temp_f": 120}, "geometry": {"type": "Polygon", "coordinates": [[[-98.18342, 26.194844], [-98.18341, 26.194844], [-98.18341, 26.194853], [-98.18342, 26.194853], [-98.18342, 26.194844]]]}}, {"type": "Feature", "properties": {"campus_id": "bowie", "surface_class": "Grass/Turf", "estimated_temp_f": 95}, "geometry": {"type": "Polygon", "coordinates": [[[-98.18342, 26.194853000000002], [-98.18341, 26.194853000000002], [-98.18341, 26.194862], [-98.18342, 26.194862], [-98.18342, 26.194853000000002]]]}}, {"type": "Feature", "properties": {"campus_id": "bowie", "surface_class": "Asphalt/Concrete", "estimated_temp_f": 120}, "geometry": {"type": "Polygon", "coordinates": [[[-98.18342, 26.194862], [-98.18341, 26.194862], [-98.18341, 26.194871], [-98.18342, 26.194871], [-98.18342, 26.194862]]]}}, {"type": "Feature", "properties": {"campus_id": "bowie", "surface_class": "Asphalt/Concrete", "estimated_temp_f": 120}, "geometry": {"type": "Polygon", "coordinates": [[[-98.18342, 26.194871], [-98.18341, 26.194871], [-98.18341, 26.194879999999998], [-98.18342, 26.194879999999998], [-98.18342, 26.194871]]]}}, {"type": "Feature", "properties": {"campus_id": "bowie", "surface_class": "Canopy", "estimated_temp_f": 85}, "geometry": {"type": "Polygon", "coordinates": [[[-98.18341000000001, 26.19452], [-98.1834, 26.19452], [-98.1834, 26.194529], [-98.18341000000001, 26.194529], [-98.18341000000001, 26.19452]]]}}, {"type": "Feature", "properties": {"campus_id": "bowie", "surface_class": "Asphalt/Concrete", "estimated_temp_f": 120}, "geometry": {"type": "Polygon", "coordinates": [[[-98.18341000000001, 26.194529], [-98.1834, 26.194529], [-98.1834, 26.194537999999998], [-98.18341000000001, 26.194537999999998], [-98.18341000000001, 26.194529]]]}}, {"type": "Feature", "properties": {"campus_id": "bowie", "surface_class": "Grass/Turf", "estimated_temp_f": 95}, "geometry": {"type": "Polygon", "coordinates": [[[-98.18341000000001, 26.194538], [-98.1834, 26.194538], [-98.1834, 26.194547], [-98.18341000000001, 26.194547], [-98.18341000000001, 26.194538]]]}}, {"type": "Feature", "properties": {"campus_id": "bowie", "surface_class": "Grass/Turf", "estimated_temp_f": 95}, "geometry": {"type": "Polygon", "coordinates": [[[-98.18341000000001, 26.194547], [-98.1834, 26.194547], [-98.1834, 26.194556], [-98.18341000000001, 26.194556], [-98.18341000000001, 26.194547]]]}}, {"type": "Feature", "properties": {"campus_id": "bowie", "surface_class": "Asphalt/Concrete", "estimated_temp_f": 120}, "geometry": {"type": "Polygon", "coordinates": [[[-98.18341000000001, 26.194556000000002], [-98.1834, 26.194556000000002], [-98.1834, 26.194565], [-98.18341000000001, 26.194565], [-98.18341000000001, 26.194556000000002]]]}}, {"type": "Feature", "properties": {"campus_id": "bowie", "surface_class": "Asphalt/Concrete", "estimated_temp_f": 120}, "geometry": {"type": "Polygon", "coordinates": [[[-98.18341000000001, 26.194565], [-98.1834, 26.194565], [-98.1834, 26.194574], [-98.18341000000001, 26.194574], [-98.18341000000001, 26.194565]]]}}, {"type": "Feature", "properties": {"campus_id": "bowie", "surface_class": "Asphalt/Concrete", "estimated_temp_f": 120}, "geometry": {"type": "Polygon", "coordinates": [[[-98.18341000000001, 26.194574], [-98.1834, 26.194574], [-98.1834, 26.194582999999998], [-98.18341000000001, 26.194582999999998], [-98.18341000000001, 26.194574]]]}}, {"type": "Feature", "properties": {"campus_id": "bowie", "surface_class": "Asphalt/Concrete", "estimated_temp_f": 120}, "geometry": {"type": "Polygon", "coordinates": [[[-98.18341000000001, 26.194583], [-98.1834, 26.194583], [-98.1834, 26.194592], [-98.18341000000001, 26.194592], [-98.18341000000001, 26.194583]]]}}, {"type": "Feature", "properties": {"campus_id": "bowie", "surface_class": "Asphalt/Concrete", "estimated_temp_f": 120}, "geometry": {"type": "Polygon", "coordinates": [[[-98.18341000000001, 26.194592], [-98.1834, 26.194592], [-98.1834, 26.194601], [-98.18341000000001, 26.194601], [-98.18341000000001, 26.194592]]]}}, {"type": "Feature", "properties": {"campus_id": "bowie", "surface_class": "Asphalt/Concrete", "estimated_temp_f": 120}, "geometry": {"type": "Polygon", "coordinates": [[[-98.18341000000001, 26.194601000000002], [-98.1834, 26.194601000000002], [-98.1834, 26.19461], [-98.18341000000001, 26.19461], [-98.18341000000001, 26.194601000000002]]]}}, {"type": "Feature", "properties": {"campus_id": "bowie", "surface_class": "Asphalt/Concrete", "estimated_temp_f": 120}, "geometry": {"type": "Polygon", "coordinates": [[[-98.18341000000001, 26.19461], [-98.1834, 26.19461], [-98.1834, 26.194619], [-98.18341000000001, 26.194619], [-98.18341000000001, 26.19461]]]}}, {"type": "Feature", "properties": {"campus_id": "bowie", "surface_class": "Grass/Turf", "estimated_temp_f": 95}, "geometry": {"type": "Polygon", "coordinates": [[[-98.18341000000001, 26.194619], [-98.1834, 26.194619], [-98.1834, 26.194627999999998], [-98.18341000000001, 26.194627999999998], [-98.18341000000001, 26.194619]]]}}, {"type": "Feature", "properties": {"campus_id": "bowie", "surface_class": "Grass/Turf", "estimated_temp_f": 95}, "geometry": {"type": "Polygon", "coordinates": [[[-98.18341000000001, 26.194628], [-98.1834, 26.194628], [-98.1834, 26.194637], [-98.18341000000001, 26.194637], [-98.18341000000001, 26.194628]]]}}, {"type": "Feature", "properties": {"campus_id": "bowie", "surface_class": "Asphalt/Concrete", "estimated_temp_f": 120}, "geometry": {"type": "Polygon", "coordinates": [[[-98.18341000000001, 26.194637], [-98.1834, 26.194637], [-98.1834, 26.194646], [-98.18341000000001, 26.194646], [-98.18341000000001, 26.194637]]]}}, {"type": "Feature", "properties": {"campus_id": "bowie", "surface_class": "Asphalt/Concrete", "estimated_temp_f": 120}, "geometry": {"type": "Polygon", "coordinates": [[[-98.18341000000001, 26.194646000000002], [-98.1834, 26.194646000000002], [-98.1834, 26.194655], [-98.18341000000001, 26.194655], [-98.18341000000001, 26.194646000000002]]]}}, {"type": "Feature", "properties": {"campus_id": "bowie", "surface_class": "Asphalt/Concrete", "estimated_temp_f": 120}, "geometry": {"type": "Polygon", "coordinates": [[[-98.18341000000001, 26.194655], [-98.1834, 26.194655], [-98.1834, 26.194664], [-98.18341000000001, 26.194664], [-98.18341000000001, 26.194655]]]}}, {"type": "Feature", "properties": {"campus_id": "bowie", "surface_class": "Asphalt/Concrete", "estimated_temp_f": 120}, "geometry": {"type": "Polygon", "coordinates": [[[-98.18341000000001, 26.194664], [-98.1834, 26.194664], [-98.1834, 26.194672999999998], [-98.18341000000001, 26.194672999999998], [-98.18341000000001, 26.194664]]]}}, {"type": "Feature", "properties": {"campus_id": "bowie", "surface_class": "Asphalt/Concrete", "estimated_temp_f": 120}, "geometry": {"type": "Polygon", "coordinates": [[[-98.18341000000001, 26.194673], [-98.1834, 26.194673], [-98.1834, 26.194682], [-98.18341000000001, 26.194682], [-98.18341000000001, 26.194673]]]}}, {"type": "Feature", "properties": {"campus_id": "bowie", "surface_class": "Grass/Turf", "estimated_temp_f": 95}, "geometry": {"type": "Polygon", "coordinates": [[[-98.18341000000001, 26.194682], [-98.1834, 26.194682], [-98.1834, 26.194691], [-98.18341000000001, 26.194691], [-98.18341000000001, 26.194682]]]}}, {"type": "Feature", "properties": {"campus_id": "bowie", "surface_class": "Asphalt/Concrete", "estimated_temp_f": 120}, "geometry": {"type": "Polygon", "coordinates": [[[-98.18341000000001, 26.194691000000002], [-98.1834, 26.194691000000002], [-98.1834, 26.1947], [-98.18341000000001, 26.1947], [-98.18341000000001, 26.194691000000002]]]}}, {"type": "Feature", "properties": {"campus_id": "bowie", "surface_class": "Asphalt/Concrete", "estimated_temp_f": 120}, "geometry": {"type": "Polygon", "coordinates": [[[-98.18341000000001, 26.1947], [-98.1834, 26.1947], [-98.1834, 26.194709], [-98.18341000000001, 26.194709], [-98.18341000000001, 26.1947]]]}}, {"type": "Feature", "properties": {"campus_id": "bowie", "surface_class": "Asphalt/Concrete", "estimated_temp_f": 120}, "geometry": {"type": "Polygon", "coordinates": [[[-98.18341000000001, 26.194709], [-98.1834, 26.194709], [-98.1834, 26.194717999999998], [-98.18341000000001, 26.194717999999998], [-98.18341000000001, 26.194709]]]}}, {"type": "Feature", "properties": {"campus_id": "bowie", "surface_class": "Asphalt/Concrete", "estimated_temp_f": 120}, "geometry": {"type": "Polygon", "coordinates": [[[-98.18341000000001, 26.194718], [-98.1834, 26.194718], [-98.1834, 26.194727], [-98.18341000000001, 26.194727], [-98.18341000000001, 26.194718]]]}}, {"type": "Feature", "properties": {"campus_id": "bowie", "surface_class": "Asphalt/Concrete", "estimated_temp_f": 120}, "geometry": {"type": "Polygon", "coordinates": [[[-98.18341000000001, 26.194727], [-98.1834, 26.194727], [-98.1834, 26.194736], [-98.18341000000001, 26.194736], [-98.18341000000001, 26.194727]]]}}, {"type": "Feature", "properties": {"campus_id": "bowie", "surface_class": "Asphalt/Concrete", "estimated_temp_f": 120}, "geometry": {"type": "Polygon", "coordinates": [[[-98.18341000000001, 26.194736000000002], [-98.1834, 26.194736000000002], [-98.1834, 26.194745], [-98.18341000000001, 26.194745], [-98.18341000000001, 26.194736000000002]]]}}, {"type": "Feature", "properties": {"campus_id": "bowie", "surface_class": "Asphalt/Concrete", "estimated_temp_f": 120}, "geometry": {"type": "Polygon", "coordinates": [[[-98.18341000000001, 26.194745], [-98.1834, 26.194745], [-98.1834, 26.194754], [-98.18341000000001, 26.194754], [-98.18341000000001, 26.194745]]]}}, {"type": "Feature", "properties": {"campus_id": "bowie", "surface_class": "Grass/Turf", "estimated_temp_f": 95}, "geometry": {"type": "Polygon", "coordinates": [[[-98.18341000000001, 26.194754], [-98.1834, 26.194754], [-98.1834, 26.194763], [-98.18341000000001, 26.194763], [-98.18341000000001, 26.194754]]]}}, {"type": "Feature", "properties": {"campus_id": "bowie", "surface_class": "Asphalt/Concrete", "estimated_temp_f": 120}, "geometry": {"type": "Polygon", "coordinates": [[[-98.18341000000001, 26.194763000000002], [-98.1834, 26.194763000000002], [-98.1834, 26.194772], [-98.18341000000001, 26.194772], [-98.18341000000001, 26.194763000000002]]]}}, {"type": "Feature", "properties": {"campus_id": "bowie", "surface_class": "Asphalt/Concrete", "estimated_temp_f": 120}, "geometry": {"type": "Polygon", "coordinates": [[[-98.18341000000001, 26.194772], [-98.1834, 26.194772], [-98.1834, 26.194781], [-98.18341000000001, 26.194781], [-98.18341000000001, 26.194772]]]}}, {"type": "Feature", "properties": {"campus_id": "bowie", "surface_class": "Grass/Turf", "estimated_temp_f": 95}, "geometry": {"type": "Polygon", "coordinates": [[[-98.18341000000001, 26.194781], [-98.1834, 26.194781], [-98.1834, 26.194789999999998], [-98.18341000000001, 26.194789999999998], [-98.18341000000001, 26.194781]]]}}, {"type": "Feature", "properties": {"campus_id": "bowie", "surface_class": "Grass/Turf", "estimated_temp_f": 95}, "geometry": {"type": "Polygon", "coordinates": [[[-98.18341000000001, 26.19479], [-98.1834, 26.19479], [-98.1834, 26.194799], [-98.18341000000001, 26.194799], [-98.18341000000001, 26.19479]]]}}, {"type": "Feature", "properties": {"campus_id": "bowie", "surface_class": "Asphalt/Concrete", "estimated_temp_f": 120}, "geometry": {"type": "Polygon", "coordinates": [[[-98.18341000000001, 26.194799], [-98.1834, 26.194799], [-98.1834, 26.194808], [-98.18341000000001, 26.194808], [-98.18341000000001, 26.194799]]]}}, {"type": "Feature", "properties": {"campus_id": "bowie", "surface_class": "Asphalt/Concrete", "estimated_temp_f": 120}, "geometry": {"type": "Polygon", "coordinates": [[[-98.18341000000001, 26.194808000000002], [-98.1834, 26.194808000000002], [-98.1834, 26.194817], [-98.18341000000001, 26.194817], [-98.18341000000001, 26.194808000000002]]]}}, {"type": "Feature", "properties": {"campus_id": "bowie", "surface_class": "Asphalt/Concrete", "estimated_temp_f": 120}, "geometry": {"type": "Polygon", "coordinates": [[[-98.18341000000001, 26.194817], [-98.1834, 26.194817], [-98.1834, 26.194826], [-98.18341000000001, 26.194826], [-98.18341000000001, 26.194817]]]}}, {"type": "Feature", "properties": {"campus_id": "bowie", "surface_class": "Grass/Turf", "estimated_temp_f": 95}, "geometry": {"type": "Polygon", "coordinates": [[[-98.18341000000001, 26.194826], [-98.1834, 26.194826], [-98.1834, 26.194834999999998], [-98.18341000000001, 26.194834999999998], [-98.18341000000001, 26.194826]]]}}, {"type": "Feature", "properties": {"campus_id": "bowie", "surface_class": "Asphalt/Concrete", "estimated_temp_f": 120}, "geometry": {"type": "Polygon", "coordinates": [[[-98.18341000000001, 26.194835], [-98.1834, 26.194835], [-98.1834, 26.194844], [-98.18341000000001, 26.194844], [-98.18341000000001, 26.194835]]]}}, {"type": "Feature", "properties": {"campus_id": "bowie", "surface_class": "Asphalt/Concrete", "estimated_temp_f": 120}, "geometry": {"type": "Polygon", "coordinates": [[[-98.18341000000001, 26.194844], [-98.1834, 26.194844], [-98.1834, 26.194853], [-98.18341000000001, 26.194853], [-98.18341000000001, 26.194844]]]}}, {"type": "Feature", "properties": {"campus_id": "bowie", "surface_class": "Asphalt/Concrete", "estimated_temp_f": 120}, "geometry": {"type": "Polygon", "coordinates": [[[-98.18341000000001, 26.194853000000002], [-98.1834, 26.194853000000002], [-98.1834, 26.194862], [-98.18341000000001, 26.194862], [-98.18341000000001, 26.194853000000002]]]}}, {"type": "Feature", "properties": {"campus_id": "bowie", "surface_class": "Asphalt/Concrete", "estimated_temp_f": 120}, "geometry": {"type": "Polygon", "coordinates": [[[-98.18341000000001, 26.194862], [-98.1834, 26.194862], [-98.1834, 26.194871], [-98.18341000000001, 26.194871], [-98.18341000000001, 26.194862]]]}}, {"type": "Feature", "properties": {"campus_id": "bowie", "surface_class": "Asphalt/Concrete", "estimated_temp_f": 120}, "geometry": {"type": "Polygon", "coordinates": [[[-98.18341000000001, 26.194871], [-98.1834, 26.194871], [-98.1834, 26.194879999999998], [-98.18341000000001, 26.194879999999998], [-98.18341000000001, 26.194871]]]}}]}